15338000
97912439
15530511
39124751
38147681
84592754
6040198
58250795
54296207
56575826
17629050
73993057
52292554
19319259
60968826
87097743
4732972
45921548
99855939
48385927
35893679
62944839
95270410
6833832
27504564
85351332
2963274
55530255
28706325
6545419
54412011
69064485
52032547
43298849
95771719
50870883
91073212
49690630
35664690
85840799
36067173
33906303
66094878
81315569
65741243
603727
73504618
95943684
86814334
70655944
74991767
73265698
29122376
34818505
68608791
38124610
13592398
54003537
17197012
59273772
80986369
99264907
85898881
64530516
67771625
48361026
5751582
66294771
83042031
25177911
30521884
4857574
67709423
29225304
7192737
80764759
40296014
14222504
66451144
16152892
49456957
79065522
93587825
13128334
5111007
39557500
42419794
70863121
70950616
63005932
77625325
71626460
85168720
9745877
5171560
12145973
23061525
79807506
58100190
11177893
86502843
10911551
87332506
6414650
32462453
75180693
4774541
60015305
15383641
43955901
24762495
52882335
4261834
55501792
39294410
87923900
51433054
57236032
88523165
60630217
29060928
47969051
9224962
85928329
27894363
82987853
7647558
85011332
966859
2951530
9538295
245057
72190540
10723957
21648453
78554071
26042253
22593830
79971448
11121877
20947285
87230959
24877853
41790660
236776
59633942
96751510
55139921
46556416
98366352
70390895
6259289
2545464
94086387
55513703
31497650
5805322
50857397
122508
35737002
61854581
76162390
20506425
24001971
38789643
16913327
84799146
15407575
53864294
81759961
159597
37158308
95126404
3332727
94049989
56348760
91002759
39020255
9868493
84373870
30332220
11484284
66593315
58454408
80139599
79414744
58037101
83952541
53335605
17450595
67799022
17369948
89264550
17189321
64718183
13077321
84171546
29337645
94415641
19361120
8321135
40110343
50449060
46552817
67837605
89306877
54016863
38111468
86863286
32569065
60005133
49302655
54200464
89053528
98359338
28165943
1697858
71163154
29112430
94622550
5620308
34085572
19423009
62978938
1628497
65833819
52548436
99921839
84630715
50272237
97535369
87952575
54165876
11032051
22708667
40711381
24534109
63735792
98441656
91243322
56718224
56731590
66031393
91314098
40081874
12366112
35839087
9694117
15765259
36604356
44881584
3941965
77052040
49682779
27165569
30419150
43895691
10334895
14424002
59072230
57360920
11535767
11332816
84060091
47224999
86395077
45019764
36528649
6034981
6822926
34751629
12720286
30383791
39449812
32046575
47796336
12105816
24287100
61301628
82274680
25692597
50095401
46473882
94536650
45417681
73144851
66161069
96997378
86597655
6041590
85358497
26058207
56913661
89678909
29585805
61587760
23834209
97416373
61047607
9628174
25412486
72802318
95604186
23139881
41434714
61203991
79580205
52927706
4342233
46192488
52088374
47725492
52423279
29518292
45926884
83130457
1809720
85025363
83713532
8053495
69023235
96978798
36217069
21418835
20973511
54277301
75380421
1708006
16069913
93234918
5322450
16455674
41334281
3508598
32521845
90278553
9276965
55432503
90175703
64796562
18147424
88892618
21597967
79345440
23064685
40125685
77634478
52610440
39237614
91334410
99214957
67028797
81394118
94922683
66252062
63445363
87204027
15666538
8536800
18964147
7853586
74152867
39131924
21753554
25668550
43200998
74943548
12316183
89329825
37760426
54822911
45156033
62845531
21781295
2746325
84635858
17827662
99793454
18052703
81908374
96225558
10266999
29797647
31452868
64077691
791319
87544549
52216335
94341442
4482813
40921059
94880384
49771743
40965617
73825680
85929378
80266822
53323849
23521370
64732361
19877181
60175846
57506321
5272909
68258138
15394858
45141872
2152274
96227606
75427074
48487513
15574442
86607742
79049377
20684780
72919456
1869088
63331311
62103392
55602088
71094013
87637242
78341401
26030110
78439451
88826209
42652910
27218121
38472735
46737947
90565908
76937837
57289616
24643621
3519918
44981898
36489242
2107156
24282773
41872095
74778219
55699780
70000661
96230350
93591199
79967529
28065902
14639395
19615443
52090826
48142004
41228944
76129337
17197792
44199887
86525309
39903487
68410742
1772278
51274199
82266954
18888231
35566471
35499876
1075012
21303586
50435935
90130548
35374116
19782183
23560048
19705671
29982081
66720899
13810143
5402306
26129400
51340036
50433001
48326494
90800128
85758104
83482468
19589309
10292170
36617718
2924762
18213538
9776261
92508928
30957680
94708468
24148708
19481354
80601225
37709324
1688195
72035157
78289707
22614122
19545360
28686555
50674392
28296255
50841385
90684918
38600315
74744618
25435720
8796315
44842340
17148165
62549557
12343354
83030394
66941627
95045478
96877803
43214598
24068006
80674779
94948367
81799520
76423131
46383767
73365622
12417743
10384620
70179606
43520615
13434897
63698668
48371071
97756868
30691024
62946747
16908721
21474194
40127766
22946836
72836278
75934995
43786653
18543293
55450345
72070244
55954042
54354288
97373158
2722701
94447086
85786389
54902242
97651962
47544084
13427252
31162826
69211877
61142980
45972494
81255885
44303444
30345433
80039937
69861318
3794684
38901521
5983908
32267862
20612399
42755997
67923615
64175157
8978016
47667952
43477735
54997154
67313562
81121739
69643224
59425357
19985265
62069613
84876789
67855647
77877619
98024516
37543206
88451557
30469282
62199193
2067026
98254424
45220129
59298289
96909833
23233343
87805129
31703590
16050625
11327052
66613816
28430485
23539798
15710461
47519422
23406653
45963425
33059619
81155891
9650373
88753607
90153090
37222404
32967139
74789783
98714561
16072880
18305497
71017154
44092706
80628638
92387796
66947597
29570127
99480530
99396463
79992325
26259319
87917308
854463
29771765
30359822
6665006
14429199
69424278
73220653
14195844
8685482
93402947
75872204
16353622
97536006
61856507
40075760
78869790
27610746
28491219
29652691
31962790
29634260
37833810
695700
45813777
71467287
11631252
64646951
14309044
77478962
94812775
51607306
50528281
99405851
54263767
47290219
35094150
86359552
86034375
97155872
50896592
31510221
40659173
96178123
3355308
58895805
91602535
89642897
46566893
72097391
83922024
71820015
58717695
58340115
38695895
55402654
89806678
69616239
83323419
90759006
60944207
35199006
15548793
75787824
61877485
24420603
19453961
57085188
51810897
83005327
90153770
66978463
47699121
55395006
33911460
62329788
19251309
97609429
61801420
58457076
59188504
61968617
18411791
38647833
32271881
32137926
22567194
48465358
15510916
37467491
83827238
96227038
52790676
12280458
19312291
27173441
75124283
48936957
77212335
13936720
24368056
75110509
27716715
79003494
15653033
63589592
61982555
93098476
87926467
15966463
18396508
94441821
67977378
28458583
69604999
94785626
8877925
88939126
43839026
76309880
93486907
66112126
14351213
96108461
79120147
13889336
59397274
60647711
33737261
45006150
49685531
40801659
34088356
73720869
82486268
60216576
64454222
32513884
40812326
57825382
1191757
62660962
7362090
52084925
80480224
45654046
32698500
25020766
4185353
95228877
28134092
41355383
72448846
72772908
17210167
19445239
13095558
81309656
69661349
5471792
5632933
14805495
18937451
99311551
9672098
6194752
46100699
66728193
60507692
12309957
85422830
24491250
95936639
65180514
41270684
1038701
57769845
9747916
59639416
20951892
49513641
10948849
74206507
41940861
97177770
73722852
98215951
62609816
4806630
11008026
68944030
87140604
22919255
64107766
69110207
70106951
30211439
81624796
73535902
66870508
83820888
84240737
57339879
42637310
92288006
69560686
89408778
70219477
18421745
57844851
15355603
21050761
16940739
99225426
37858479
16852972
45402110
68223166
24557616
40250884
24916297
80175603
37491157
19376691
75194279
33549554
89401230
59222091
27078468
60561959
82797723
68368450
44403752
19682756
51905920
51497888
91061400
69805374
81464397
96248080
45668305
6708352
83511437
49877389
39774877
74055097
84691227
35929008
25557357
36539544
12885150
29782616
77263246
39984146
59634531
13776487
13453574
14447616
1293382
76948730
29395148
36134945
95951430
10733817
9569189
98147557
60034264
50518402
34556710
41376611
5586036
37033134
87442512
27912765
40570164
68935916
78578471
56934792
88627049
49839457
49305991
97379814
95757430
27698634
47172873
71094059
8903684
46098258
30307417
56307045
222407
67261023
70008831
45617275
61756200
27375864
88387038
94122334
62405987
18356672
48538512
57264640
87059490
88355804
37786267
12357510
26146790
86611192
18553686
5963201
6669900
15331618
17184044
91992860
78873378
94350205
20115100
63585039
5416356
31705278
45806919
34129034
87492585
5841205
20149644
51987065
61395030
43708180
22704664
78466266
83112421
80838365
7120157
95665177
37735304
8958663
62743723
22994107
89634739
75448346
15093154
13276697
68884336
8950859
13173560
58497622
19273928
89685760
99122653
44652203
64845616
29031143
78804120
36711726
33970360
81759690
16440137
16762071
33662064
83237227
23939318
94793828
60446989
85124235
14550741
1651061
98252790
8779126
76570191
5178429
31851022
97635100
8857347
64283994
83689426
43814967
51971267
80240191
78490730
33502663
61755692
84683100
84727766
12666894
5079262
63441821
69553389
92958687
76011389
93285406
24881169
64831595
4555462
23739336
78767043
40411178
9165427
11390501
13274982
95283219
83128945
76655129
5338686
25547093
7935374
27264206
22064259
7300806
55955833
98947392
99751669
64521179
97160894
5625737
8138283
64214750
42641564
1658421
7339641
43161531
25307978
61160608
93407109
38475167
30124413
11426852
92469188
82095898
12847956
59482377
99277194
24234164
37206429
59110883
41259810
84637817
97534735
89298569
69905964
49249176
47710019
64729814
76270662
5534718
63834674
15977466
92318249
64017826
87633516
81710955
46050174
23418934
77939065
17627755
9785291
15152371
30101774
86331964
26952592
66069787
99065061
45536855
11828820
87922116
38353917
57705471
78211923
24242608
79800271
90393174
72384402
95255524
16394320
71968319
27469377
5802554
44622923
40819142
70323888
11177423
61281722
87749514
80935716
55903977
71088151
36380244
3260342
18156635
58049656
79369247
25692454
94920873
12932575
5337740
80985208
30604946
93835572
93324175
50710510
28282418
30396575
19646794
17011716
22325337
78517353
20500563
42828493
51436662
1003268
49093728
8397411
91013699
64491552
92049349
91494848
92498365
32346506
1979283
34213325
32726610
58014382
95858268
40096969
61865522
20961803
74980687
7548074
409417
66512050
12837645
61891710
33652519
57921131
53139819
86641593
57379337
74296901
76378183
22916137
72724082
65988156
94948357
8878635
13268906
69038228
58710727
26872879
51346530
23771435
15693548
35817938
67068276
79401529
24647992
2196857
35359248
78303140
46051412
29347676
78816019
23949262
43376712
19307213
99216215
94851640
22882671
40784115
25503200
57780486
75299793
47252248
10974256
42065558
72499014
36006959
87303502
17653893
44684955
55295313
88238099
9935648
558212
42042661
58562957
33234823
94441280
63241381
34649318
35817871
31765504
44938216
94338447
71176368
47745377
34585875
18179677
37594418
16849755
7452861
63817077
61569597
80749596
58845932
1340635
13226758
18532415
58280594
4673038
17825362
43436508
47077226
16830951
5234785
59210506
76562123
97420329
19012735
54938577
7550294
14949212
75463075
44665620
81429281
14699758
45796997
21029150
73221574
38241496
1680785
79136819
66074769
96259921
40451164
80237583
53866821
68083235
56934647
92562209
75674936
74645258
23845820
40920799
60785711
24024238
88666026
73447842
93094763
16672114
55277299
6988566
47644961
49876316
84394676
92482800
20620701
13334735
26671383
76445865
84839534
65534897
5718446
14208784
43956164
65402526
15969039
89084707
32752872
56325779
66665171
14256245
16189877
99383025
84193288
94252350
4012968
57174066
31990823
40683540
44506757
47522353
17373181
86280744
15119529
8056523
81524315
57443428
72041167
48189811
50931778
47851080
47333924
67919701
6281855
34396109
88530390
31371310
37656893
27912873
17052514
39396468
40837547
73798985
82136898
86916521
89263105
73100245
21482459
95257043
43755388
62318734
60759231
83205889
10126681
64270941
36004251
37131475
92496814
47761731
91311002
68077927
72245493
83210052
3716624
80498012
80034099
84495778
28244076
68889642
74918501
89386500
31662649
11502886
83595468
50160933
52681801
27794113
36546915
50447833
8680662
53009344
35486401
96139250
6028849
18723246
9332183
22837946
36872214
34452387
78293242
34957992
21726612
22340522
759370
5841208
87876302
85256225
95021823
3590318
51729228
11734977
19571398
36119284
17327375
45384320
43833317
87730474
89244700
23250095
42807463
24229400
22367221
23351588
24904268
3205959
95866889
78196595
12812695
10117125
83732477
95655095
84402393
49004619
41901291
51878530
27921271
78834333
67904258
62544485
46872585
73943240
90606553
36977548
31451032
27294513
54889363
98495980
43181892
6929977
2696480
76537260
96300036
44867447
57204743
67336441
13931237
37746437
45446918
89120540
46809518
24751190
65406034
61634811
74015445
94131876
87909517
50416537
12764973
81295951
91358078
1952817
99313311
37348030
74658006
10315128
19677287
59127375
11893457
57954684
55053498
81176228
95741991
22878239
37094035
35595554
77726754
47786795
69039365
62557301
90833746
69206211
88692885
18252922
33567774
66119143
15408709
48461816
11380233
78647172
37354063
39906124
35936909
45406892
47190125
82861935
36047023
26052872
88415293
89397220
21441237
65735668
80899778
85807832
22262450
50770155
85351282
71897669
92399969
79230575
3754802
44004673
16017326
32259105
64680018
7501209
55376109
34077434
78773836
5054273
68646846
42229066
15705848
31750540
41884764
11359971
69866578
40406369
68287723
7128450
69553446
2110340
8596370
95301584
72412438
97754493
69512478
58494127
74576544
6173305
36115640
1085364
31194118
22306457
76423226
63699334
82130870
37923853
75025091
9397731
56497798
13941412
89766234
8966377
73386554
51116335
7251685
98604279
28274570
73641733
85480651
42901993
55754041
91481555
60988462
43034370
57519100
71278620
24944942
93769080
74779276
32199825
78531983
85419417
84574097
39591186
984395
23645743
44441257
49135367
50140146
35727675
21619791
71941276
9828503
81858441
92098085
97774515
70150897
39640646
2353102
36251873
39969891
86108908
33630692
74923034
41814779
41813516
76816958
43031988
48529438
25722859
81168731
72348849
49247045
79586500
7170498
71536803
32010380
28873588
35745498
59100667
92916244
61136663
20890098
21998988
48283404
27432090
23529556
13904403
23723619
95759596
98785621
53477012
45015681
50862862
49082781
30954422
40469216
3797509
16354286
83625403
6035716
93381111
66720901
27970815
3046267
91442160
15299088
75189255
41970092
47078982
22396231
49391254
78929058
25347777
41568299
90464312
95590628
84085886
97727352
50208147
46481664
55979372
39833190
73976506
29629640
31868357
40895801
10992341
44727609
10046065
81057333
95817142
91698064
98064468
7992254
85039412
84803546
79389252
84110392
21404287
26596847
92946006
12872713
16454747
47044376
44538208
47151715
91211843
44744784
4707867
87327532
37143878
75881469
74002760
85908977
80304534
76142881
35052239
69643621
2919167
961322
83707509
18707728
32415242
13037933
77612654
62834688
58461257
5124233
26294274
57742270
551016
99027657
18966858
76148322
16993050
37896861
79645782
5821405
59913572
82336249
38097757
84632967
77930100
45555447
92300263
39390185
28098961
75154459
36338972
99541240
30091685
10579055
55757949
27023917
95272913
57690323
73117629
87158908
92916758
54441503
36406124
67316957
31508080
15227937
22522701
75968215
38798168
17439148
46685064
66206070
30992081
46386164
47902119
580078
10533172
1528820
22560772
32042495
14163073
35944920
31623712
75708486
42958463
99839811
76802505
98476709
51380943
91956432
52743026
43446726
86386143
18083704
34529333
14959107
98163067
16995015
52309895
16233852
29599524
58973456
34746278
21107582
38314197
97793113
98547274
37912744
17009155
54329146
47834522
65308127
74178098
92453196
95060708
87294249
45198494
10639416
75682900
72674244
77808929
90617683
98578171
16644345
8692400
16830869
59064940
39072911
1304429
76739724
98725075
73312006
82468938
35337351
84866085
23561268
75860825
58398001
70383348
28374401
55093457
57031967
8653193
48272415
98945596
69298488
59946333
47887478
87534952
52855345
82372993
61697193
97024216
82459488
23652564
60881905
43087534
64031352
43261211
2523288
86723902
45525759
70877354
3299199
67507019
8296309
38638665
12966502
83215254
93081742
10591497
50145523
2784813
16139702
38443143
22812009
86774408
43758438
69854121
52691190
75593784
26883252
69037524
8110375
54964639
74194286
19821861
66823958
74803880
29378586
71790715
44842693
51670591
67739263
65404244
50186175
4587361
61289884
71431587
96612103
15363154
11012066
55553858
89363250
82042224
85316519
75437009
79623790
4701628
18537613
12206025
92351615
86460326
97545357
96554724
30151645
53591157
24957879
60430700
2132622
35171169
95872807
66846606
53088982
29515496
12584369
3550993
48237478
53490297
90278361
24479568
28523532
44273886
17480685
37413674
21111793
9458632
15950995
25890857
60746767
45697239
26209270
17055631
86215067
56013954
56734585
12506754
4623368
70509890
40217550
21226682
58134797
46587549
93342763
62257681
69707622
36979181
94191859
38043985
474085
95018234
41090233
15208844
51830716
69677322
99018496
74329786
20026462
99944087
95124327
16758513
5240866
9248516
88236451
63529294
99248868
69326435
45554587
15756327
86105033
42884780
68787672
79426828
28812944
4494771
10007274
66278575
88042178
86544170
6551986
42405824
18589059
42509730
89077665
71915136
35593748
21086443
15593984
53295260
47903578
4815741
77503810
57924179
16726848
82683317
19218939
92959673
24036044
9785770
61583468
86208306
11936297
33813591
59546635
47432193
15945122
70648451
85441564
78310505
8877852
75323795
3552370
70987767
42567464
33980561
33847555
87069991
34673374
44229195
68802118
9285791
47826572
62289573
95781533
26971801
37812708
45615179
62403339
82352385
32617450
82500214
26543769
49498437
57788330
61827822
6953242
22709017
99622847
21960357
45612969
97516282
53204972
7719155
90174372
63030610
20400358
80883954
12682869
31713651
94288696
47239210
97158967
1783778
92528645
93906588
47755685
55894189
77330949
40561331
80067711
33093942
1593420
23583538
25429868
76281868
86214253
59979808
16753556
36219984
12084225
26529912
25838788
32224958
83711139
65168666
6135587
79456587
60228469
14323826
68962434
49620830
23368366
83098144
45117439
73856537
76882429
41170229
96895093
47302667
8086980
74365891
51853156
61554157
77311024
84018295
36679208
93529197
84816987
92607618
80198388
95201413
4286683
51781049
78280470
67631539
35770222
10023037
39421004
62419895
7238080
17042030
24097755
666916
1472420
74606967
90961654
70055436
22028029
64565582
74382302
12068201
88225198
24070493
17858376
99044426
3788896
73169442
22434055
57439812
82706257
55600021
78169269
83218461
30771803
76168799
36870640
48613433
88426584
2890355
42586729
99770824
4150026
68739756
82314173
83943233
46531819
44891814
6535490
76742123
35330397
91392139
38850478
22198740
4840741
45093043
80662844
89814964
80341930
76414372
59527370
94733376
65036506
7587327
11525650
41952307
25002524
21204114
73103399
83603784
44377075
55580608
80870082
73029927
74039997
74888820
24621095
71645739
82543122
40425880
92625544
7304272
67252458
8613242
96377599
34452973
97326120
7247094
79287118
21464734
29411213
38971824
588398
98086452
62800579
96245304
43287750
22292887
95117104
73802161
10362386
56919852
27597497
90447789
50203806
62448018
42575273
51669810
14572226
13003361
69767147
57018781
26645458
91163042
74918368
14522645
49090135
93188029
88850263
11894000
91561036
55296298
21170724
16772372
82571924
86756225
88737898
70635786
47049639
3081213
10430357
60207296
35133462
48664933
37013330
34264330
83220415
563036
91823301
78631364
17185276
64374294
29724682
50766723
6106004
56437000
99253930
45489031
71950260
39597818
92341686
24518221
12388278
39571714
21105235
29907923
38663719
35016693
20622562
80697298
7530786
30956769
45575348
27029545
41295783
64669081
45915659
97810418
15928943
77475165
61890259
96963208
26742801
44736730
95815929
65889913
62406417
57502486
18841681
56742883
55022922
41817324
53651589
26871204
18625024
32631410
85493787
78050261
34427400
18737423
67246235
48076855
49930655
3335282
2878555
39161329
60284726
42895674
56223713
4370476
62373768
67931214
82615686
68370210
7126937
90842731
36284492
70502673
92508753
57636491
71461398
94261157
58399169
42595126
51574053
68920968
15981078
6610084
29286924
92799285
46569323
23994412
16887494
64455469
93468966
25228793
94290859
30763634
30653492
73289007
14567748
13176589
37985012
79027575
13999754
69052577
9174487
73147938
69608207
16069132
7507836
99486544
69154210
28843716
93479287
29164862
40393885
67615251
68398953
28132714
79744881
21029224
50918410
66043038
29140600
96567075
74123325
8822575
11455458
18555360
63756168
57570401
17500166
76932117
22062785
79976624
9842450
29711091
41330038
73582821
84385004
77525354
43221559
84673249
75876368
35905303
26061023
80812418
99706823
12252703
59626460
10467942
86082335
23262235
40575282
71440573
67581957
34279677
66322261
49226205
21066209
42537065
58604699
47215856
34620862
61736518
20131464
89238166
352742
92719727
78465105
23326251
89220731
37762554
68452063
88065330
1051722
5380502
36986538
38498403
17148363
4432304
27448525
73806958
82428002
9645571
37210758
59242279
36156441
17098431
15601707
8034946
55428384
27589829
72415304
29673521
88297914
72885031
49889307
83217080
44863105
87709766
63348917
59031514
255773
10325244
96711499
1872068
13472162
19307382
73900210
55802769
98173282
36194497
27300656
38482891
57187733
46510283
2874715
29081226
83005589
69197343
40564212
87612580
40273629
18202570
11648370
12723619
96499705
81428135
57280266
29918120
2109928
68163721
61872350
76531217
30510134
104520
14983103
48328315
3707495
52592752
2850829
65763733
87634747
1497067
51817695
2873101
85345720
81051968
69774656
20735409
45525796
74253149
41568419
91095424
67416071
27184961
72520659
86426127
67251073
25962269
2382664
66250995
98102274
98649614
48707012
39717632
46437855
90539070
87029365
52669543
58556791
89585685
10925044
7587118
68691631
7984679
97490425
56497733
91405733
79604120
33814363
20450922
57407034
27237177
19296512
29968352
82391485
51776351
78056254
21722712
82640792
76122806
50699891
64134564
68538584
47643917
87751986
47970438
370488
82239971
21178375
40633850
58629013
81171513
81629337
84784220
75390921
30182366
8327400
94462070
53007247
13624387
88133130
40235767
83042874
20525600
40622199
36882884
72925067
10056357
20109240
5907225
40194384
98874057
21984361
26048656
91367858
32847146
8996912
15260120
72565152
9237486
23129380
15131783
5206651
85040101
72512893
31979347
53349817
88193755
66055979
46014749
23389003
71776338
8809694
9275823
90157688
25121521
42148587
89624504
23043972
79050219
97944962
90088641
30395084
43688112
39135819
31656404
16870844
11200667
76993018
5264930
66500375
92949714
53251550
63178898
38325242
13355130
61863298
57588596
40369547
86674599
73668890
73835567
87267733
89327459
41448743
53541261
60538534
748141
75263422
13300669
50495003
99522408
91797655
97172348
21657271
18377844
71896394
24882379
72721370
25245299
30088422
49492777
38587901
16928513
38704301
55883493
96334024
44448418
47724152
29689435
49268988
33983188
42106152
18196913
58949802
79093708
45479997
60380376
54982988
4148844
92376213
26375345
61827254
219321
49562586
50349374
84635527
59671703
23861711
29931042
58262873
50788067
38711232
29943028
63476787
54684747
46346222
55085483
23521400
19744240
13258320
67586488
74292806
90545346
89450462
71123785
69563406
17241867
25410903
1261899
64569834
32389447
16289393
65350963
14188983
72197017
50051692
58723659
33248838
34239024
57706644
8373977
12037972
67310043
39467975
26965446
10926261
18292891
22681506
11372675
51093289
10898486
45621976
18733685
35557158
38690303
60775150
17003984
51625264
59630183
5014174
72566719
80545401
82442157
41924835
44450346
80142260
23386532
95629929
22833757
24836324
21876145
74863766
33393295
13126724
87456341
59114124
9010502
21206121
91587682
66651796
63433661
22585021
24875760
84192382
28305629
22481212
58927289
67512209
22583663
96341895
24918904
74447378
85733925
35639835
17382244
94582683
17377285
45819178
62781148
68914024
15680206
27874315
36893065
92227140
91208880
12601840
63175069
33794322
95867535
91683307
9465116
16358430
35356868
48965904
3391072
38184139
86910028
30581866
36951957
81562078
35790941
95803291
65921970
80688458
13988356
98688603
59575625
10591653
7664592
48263234
71961981
88478792
46060966
28147167
24029347
66072672
68338794
84804030
66162486
46181303
24108756
30820309
22748071
13743038
7648273
43572878
5136992
96073604
70403870
27984040
53175887
9714926
71380229
41520103
17107349
90328848
28179821
23813315
66520659
19711909
20455390
45136371
463392
67929079
35410609
77217541
26289237
24372955
76064676
61292079
20298250
16170345
77624782
16969648
82733834
16030936
26109574
2662336
3997867
76505675
52385915
18728692
94748004
93818123
23568749
52864958
80483904
6089234
70558383
46014711
41644844
33040652
97811397
47022881
33679479
20145154
19365955
89548330
86113542
47904266
35929515
71393325
4222084
92570340
24214342
96814460
82198843
14865179
86952841
37602387
25811076
37995521
62884379
38535558
65674243
79655989
72887222
89823418
81709607
66652885
34008345
90581568
27254750
68549452
17947165
8540445
87539963
39109248
14856234
59487301
47123261
96233883
81747844
23100757
86774156
64406317
96474301
67670524
77376368
29997668
70104879
61513844
40182543
24492798
69072861
53109715
61661228
42828077
55989584
59722100
26640608
87556999
5414996
93046166
59566939
77466564
75427525
34798402
68252532
39885771
72679140
52545733
61146046
26984889
1838517
45518422
81023668
54598824
13513522
54591740
8571636
42466335
13401406
59309656
46440142
81428537
90856973
42880922
63305655
78180295
20684343
57612160
56269356
72941889
22047452
59957950
64918564
909919
86837959
18627578
11318747
37328703
84123434
50180036
37953770
30418360
12036389
91894220
83222978
58941964
92120787
73717680
42817777
30915291
79936392
19791912
71038631
18561765
32756189
34332690
32307528
11229067
50062629
12496890
12553437
4214089
39778762
40397072
71695792
90507096
7158749
99978295
20976918
23030702
26351032
92993330
3389706
61835524
98500685
78875250
61115421
52229000
7736393
19195569
68835251
70514725
10230161
29932137
55218178
37112404
86151211
25953422
54417345
97097913
13220806
62392283
56619058
13751147
15798116
18520988
42768057
81990081
22569143
6623747
91937469
52721372
61911841
15249741
14912325
59284515
60617498
38239041
12898323
53338038
60450799
38941952
59749533
65264809
56238807
27763351
29821718
59155237
98145810
67048450
54044865
95320790
35636256
4127619
89554728
30444391
83658286
71358909
900202
3594941
87350277
60519329
52827882
19386612
6161957
39364408
24093344
95068902
2166685
28737885
4884732
50675889
79399386
20958730
9048869
31541636
96636113
38250000
58802724
85608667
74544596
24486054
98320901
17789481
24171905
3618555
56929991
35282808
11889408
9871156
63705435
1679866
88372470
85615126
83844206
75577345
44798466
59314042
14053679
46212216
74720843
50824283
82504010
98776750
14183078
26679964
11202022
51838398
77848010
69657538
35330486
21930220
75819278
5045142
76868877
28280371
73092984
9187104
44035086
90387107
188582
28307864
78840906
30769223
99396485
94392922
63575930
57111809
58031436
55051624
78486712
12010269
81639944
74533541
15441694
43333019
52988190
58313705
6169394
93351736
15697985
13962425
80604544
38128300
58145535
35958786
11355073
82085040
81031620
30736870
66291155
11934624
38191562
13972102
65102346
41239518
884464
55130204
85021597
80784519
3921690
53596303
72779825
23587289
63355936
20942036
88311539
65951025
25935596
97870627
75739558
72911466
61926176
93177339
58216856
99284798
47808257
88791706
13470960
70797813
67089233
89824463
12001962
29969192
88168494
45568758
81571898
76937120
77891638
47321365
51299422
30633794
22142881
87491057
73504784
8253754
732305
37685784
66853225
62275216
20181425
65827062
45535683
5318484
57939226
35734496
52701478
41276137
17345709
1974143
73376057
68413808
55132014
75226220
95918243
95165992
92938304
83311844
9184104
4620905
46582554
78563947
43686320
32804361
18500850
46110614
80283374
55902585
3272180
39218007
90877852
14629859
60057216
4732199
37282778
13797425
1989796
39988546
96136621
57069780
29639254
88407550
15196148
47435308
85531943
32127138
21399280
66946872
47720636
45866891
6538405
11253897
39671816
14980185
49994845
66224416
71046391
64893612
67854881
80678152
45364202
72613507
9821594
15376699
71448939
96401564
45751361
44847534
40989900
7406773
92518325
6285422
91013757
46369928
84014842
33564444
67616261
52199887
87612670
13328121
63806921
34883416
60565822
63338438
18527071
76506739
13769061
44287515
75050377
98732866
32557832
8178173
8459876
9433945
83783701
8311466
87105062
62968965
51428608
4057068
85250748
6182752
71067858
66586409
11609917
29959967
30606228
34945850
32448894
7821928
24156569
80968346
50296543
47265652
42651247
26495230
46644212
47698525
54553166
44064154
75656667
1692182
73480293
65610311
23769304
2654361
12520150
6518717
57588403
59020525
46463225
2813390
23552048
61029688
68364539
64415562
58145386
84791422
20003947
45735057
82806144
60213528
47832831
28543117
82723408
64571343
90282786
4303485
82781125
52213582
61902898
48151850
81147611
44135262
87548759
52623860
85701709
20262424
50551576
66142058
94323072
46540963
50988684
74512310
44056851
44096383
63016714
55300812
83321649
18988726
58075793
64499986
24982861
11792218
62290651
39762974
68765906
41753550
24266944
27974029
58049703
59253495
70138335
27009432
88674803
58039021
42129471
76188225
54107877
73199118
86161370
10717287
48637757
86021730
60615262
62639731
99602089
67634396
96204785
79914789
10206134
74258678
65205275
55359002
33189583
39717206
96802252
45401778
44310111
78849380
72855096
19280197
47969305
53576626
82822506
33311279
76160276
69965273
83130930
30630730
62828535
18343455
78790124
70580315
79770720
67390397
44864283
77939154
94701137
19386835
3819789
92415522
44450015
45288740
31758428
12809397
37909463
40990119
13184043
80748307
79009663
52729608
83887497
76260893
43990334
18288057
55580208
17683661
53596663
11705206
2033254
71569417
96712513
25116226
50283663
10792236
94478779
99754903
5200709
78813417
61378192
5936849
2214230
75470765
20388994
16266052
77513137
76106161
28180157
10107946
2502359
6461716
85640168
82192350
42227410
75714971
74257771
45593408
92109307
69978750
99341999
43982876
43698974
14922363
87500450
67674249
68657036
84778662
52639275
82344826
55536307
4756242
93327405
9108449
24188003
60731388
3933122
41110879
15492798
24008730
48436183
93975228
91077098
28326962
6015905
95959760
99065141
24171826
21048651
15834253
94466459
30712285
29144250
77509486
34955361
97270652
66061732
79706815
5052310
61316020
38000176
12625462
26841949
80720568
98449811
41704510
40454044
57941647
47605171
72871331
18930524
74738054
9156162
33505250
68604192
6455911
47715856
53588924
48057585
16185159
70798927
17363995
18640218
50708881
68143044
71522718
96864646
36901747
88371770
88249737
15748142
63447871
82413629
24982108
72851765
29767329
29608943
54083557
82428064
12249806
986658
48502242
61561312
64529856
32316851
98731785
50180333
42918343
17650037
34550590
66211072
59476410
7680213
42702593
47949330
19906787
51605079
70880694
47999613
18667441
26118162
37682287
33843427
33904042
5176542
6479267
98950668
68722243
33716937
80060596
60125358
28312858
77932129
2219473
1288458
63832407
94831341
1436909
35909663
89049037
36092130
5520569
83501204
8798299
57136221
74283699
26761992
63072145
99372920
11960559
42563158
57629376
85471456
91185519
28302586
44299703
1870002
93133581
66689246
50953104
95694143
27838760
30594100
52546629
54532520
50009580
73331604
38933468
94637746
79491433
1323038
5861666
66477104
14281472
71013032
38592184
80756256
88062573
43922604
98154942
7069294
66383672
76059876
76772162
22872691
23684690
32689717
76093844
97959251
22217571
6461329
15779671
1155370
40653688
72694303
77559924
11390425
1677245
57050098
46206825
96445494
28586465
75110051
9943157
93858878
15529694
31493995
63021711
69566498
32819439
13067387
47840693
86386256
46933549
42771094
71906602
45954664
29535940
50477213
6296451
6676657
61596335
73928919
93021361
3034593
66443245
96654496
82613830
5095639
35157771
43253905
43710132
79647618
52548674
94186150
49241533
91841927
74731905
29767363
22369190
15735808
17219693
21623991
87590616
83841530
25784078
29364529
80825509
32496693
59943118
80569647
24551125
96751610
97109090
89878009
50530690
6516709
88804400
67587952
25117035
22036418
76271695
78569946
62829435
51975670
31360077
49673846
80293431
27389686
24907977
40473097
38370542
17923649
66822070
33852627
89855871
26021400
28332521
28706602
82306438
106554
66164795
70769616
25697543
56023827
70549375
17276128
88162571
8763326
17671871
60570903
58880347
92774864
36514606
69477376
23082164
23276145
87189557
18577664
69775353
40901329
3808691
77826280
20027754
74768476
43471767
11517605
24080261
95774318
98510789
61140556
40592571
70888961
23173396
3850927
30661307
19132412
38708307
3433835
13659416
951175
62834710
60584001
12596526
79570431
8539388
21816668
31776798
80497343
24193663
28091607
6914855
25699506
20144153
24664887
20018054
20882649
56219329
30075949
6396003
97728475
5206314
93452017
34450518
71906385
91273977
30918920
25552412
48177525
18902639
66638222
15840903
38974202
74101108
55529192
79278855
33759589
89956010
28077704
46734256
19869125
15876950
80658106
57499195
1059622
13401969
81171587
95702563
16086641
25795346
75233137
97816744
39334874
1259803
47242297
63221519
21458645
58628757
15175145
83404187
74438211
89946727
30856796
56216020
85451832
9014654
80881190
10914788
8932695
64086074
31513708
57327481
30190382
57997390
53923359
83318489
6232790
28296254
72506953
38949703
55193484
45241521
83808884
81741976
540899
17274409
80206372
63259245
54820038
74901698
10216577
67961387
79818077
87805550
75056509
72645220
75740692
45046677
28347339
19689317
99130301
95985332
99640202
699557
55827309
61365753
56325455
84832584
29735263
4845070
78242835
20738472
18398680
38234080
91849461
65060780
39333293
68024995
59596970
66968918
30924052
27223014
17601310
61040157
58360028
23779804
68999181
53211287
21621158
86219684
26628604
6407593
53138773
40394685
4840131
42062600
9544411
17280151
48301467
26686368
48926058
71521860
73058304
22151297
29761546
43654778
9288549
68320630
28157254
24776437
4055113
95613122
45658609
42622546
5247740
92451365
98991548
5153009
54179509
44279303
81874583
92543209
16582204
18738275
89625390
22783329
9309593
55158206
32820475
94876998
77830703
71291380
55258926
99098519
34578088
17265736
78921556
91447971
22827545
8473458
82587676
80860428
91037073
55048232
27488568
70843737
73783223
797149
62432174
50282216
11033495
67003677
93620847
85345868
46445386
15439368
43073494
31995391
51703600
8725892
68987716
32215607
70009984
82260560
76112039
37737511
94550259
9590562
36223986
19249713
91979428
7995776
37436192
63487613
83470859
78421858
22485590
90733668
18519854
92017754
95443176
92160365
13138091
66033522
89285846
44495424
60655637
42252580
2077738
11289611
61780319
74644221
4923944
77912300
73441519
10159438
32270053
78661370
33324928
50574156
81511127
70580962
467892
99870883
55363331
46872149
85167111
63366459
39246773
99185061
1054515
86002079
59396251
83447869
71972955
45306807
65190907
45083427
13078844
77755797
42924599
51454862
7883502
33835948
92355926
88382905
19956800
97969743
80305279
77429729
41845801
2318542
70791599
81969159
69486845
33269091
43411859
35509368
49641026
86060944
40753618
9920106
60467915
28555077
50761971
66417898
22153717
29626125
38372499
92220972
49702460
71890581
13427524
36288974
62632121
14323953
40961599
35241515
56747119
53167908
15807383
28320868
44066977
19247579
73518682
26239455
4608065
41981033
14116529
90669874
5656678
43911206
69447764
57038034
24722433
4864703
52352810
58076780
33986253
62127673
64352996
4606816
73059191
49610079
28560243
16812936
22620718
19146727
56363865
50225653
5027900
78678913
77697404
20733014
38892498
17197551
86976817
91739699
37230823
9248231
31962004
58367457
95153255
37095092
48562771
59325391
88933820
2820219
47403773
1039825
20318548
83918055
70564518
194552
23076388
71713873
29382639
77978840
74380025
69110577
17130548
33477928
84124021
64406756
38864362
95595873
40270480
38686564
39315399
51731659
84402120
59575016
49298077
1302475
85593939
77702564
26504117
48664522
31907399
77571853
98869201
95287755
62185995
14181918
49479596
21169856
52085865
45670931
32634221
88375750
35983509
60393348
5280369
355336
60907302
39909932
39674651
67413545
51961256
76675594
67916716
23254928
90139595
27143943
14011266
8113450
60887207
12509302
88255842
79552255
2504728
44193975
10325397
68739335
20377268
50439532
41435086
24372068
63791729
96977133
84970480
18524102
69073671
35022533
66966643
62421981
52820105
672465
58820561
40392430
2016898
98146777
84935599
53737694
68311158
66304531
76320197
62504955
6419008
41563824
99698668
23081544
83693072
77105750
47709545
96940335
64812516
19325127
64807618
68452334
930626
85532559
55609375
36021720
46575172
24512616
22753631
75338790
51366567
58217883
68553308
39612351
28822137
96245860
37794770
95561934
78778051
74796907
26565293
76420082
97457411
96803088
63799868
67894795
5296740
3844260
33372313
99356836
98723155
43411374
5087648
83203736
31242595
93012465
97712518
35113490
24147354
49050031
50000484
67231906
2769177
13435703
38562882
91131399
17959647
66145093
27559029
13140304
5844951
5283683
64684852
34454741
81923296
95567285
37362121
53855163
59900490
18124140
52264359
52432526
12211458
37489931
63218368
96613635
61641465
95116323
10321211
67736630
9937629
35781355
97675736
61498886
7380019
18689552
90963692
49032924
59586748
26145519
62850922
89139635
75732814
67116496
25979077
14230454
17110623
13047064
86995991
25823665
89922183
7908709
49914658
34263419
56536720
56970288
75665494
96031314
8999663
77811769
51361180
61967885
51545929
96386806
9935155
88854653
84635801
70055562
70907030
28289185
14391076
14948748
36655389
68483336
16859683
86275535
80218266
74806315
94769620
20634694
66497419
43290897
41049035
14328161
86666507
48746581
4912545
30722972
14824684
90583380
14666434
89112792
99185880
55654089
91425924
25251470
43575204
96908720
22633194
66398897
54427632
97693303
15475454
56686445
4000272
59158705
80641005
27333151
32628565
20945446
28034819
9437147
89690112
66797709
65036810
83014774
11425093
17027401
7591297
56427763
65676799
34194690
22768473
71970993
59709998
95597425
7808843
43611628
65650614
92167155
86669054
53206260
96939581
85059197
70690569
41315658
95298692
74993204
94020601
92469326
89150960
87407754
86584025
8099454
56479955
71846778
21999968
97586975
33414572
99777312
33735641
32533208
27698166
79517562
91529697
55083499
23698356
72659219
31780793
41642072
64569602
63710061
30867439
82475646
50309839
71786357
74505259
22606029
32656388
91728252
34014200
97227491
81727504
58040826
9787883
87872693
62404960
49099796
70845863
31262101
11675985
55891035
88069144
22931721
78429165
43726416
21066492
76558186
7475224
21705636
6346947
34011198
24049099
5554355
66367504
61435506
1909625
27924604
55986893
75987510
71153647
86977787
92715031
45225878
12025953
79403113
544917
23916616
82729697
28296039
1264687
25436979
41026569
53318004
17741549
88889509
3326437
64267087
20440321
98546248
54638824
59745897
82410113
54998525
66724626
92724169
16963092
4762413
89599334
49659149
44921251
37645453
73954317
97356544
87115043
59526762
70494287
21234305
66914453
70247152
33114827
23990605
4341372
79071484
91824476
79831907
68909421
99713915
99066914
82634467
58085802
68549400
95903496
57601554
30200872
84973857
9022138
97915029
40917816
4110764
6360302
29805441
30201365
75874020
15329893
10014225
17280414
18346844
68392270
44439525
23848516
46289284
59068468
7575873
32143916
77920865
32521700
41736774
76585627
72424045
11361981
53131383
82733407
75187186
30754842
7135250
58172169
90952992
69788439
6109025
17397823
49057947
65319490
79254048
56506261
54149132
40389419
91383669
84784627
35263910
77871981
74869216
51378426
43150902
18005788
19621407
29916059
48561204
98061183
81601754
14674816
35490351
8506091
55379561
83722507
95249744
94505733
47718877
76469746
80721471
43577346
83169739
9807987
9276997
22388149
78611990
32254366
85172131
83506831
20042627
58400824
13071027
53015711
63628200
73116440
48751478
54546841
81924284
53922815
40357311
30444507
9741535
53699680
27988253
66179869
6884213
21021307
80963381
86928805
94171742
10972943
9786430
67754699
41826023
81800592
72561111
68617521
9679916
27320629
4819299
15148038
88367895
10328410
42144644
64125426
74667523
92943696
10943038
99915552
30251677
53520025
30571362
90440183
90868588
36015692
90897721
22557494
83386561
15418928
64948348
71237928
18295768
72151903
67430361
87796888
95590205
84284544
9753075
36151702
65754248
70986434
28289875
86203461
86790259
30467032
9287149
60722885
92302776
71629929
2553680
79242765
87437091
73387873
13176237
60351089
72635695
4685136
50794854
42215133
13538239
79530715
87616477
98818842
1997404
14480916
11622128
74320952
5767959
25662177
21148777
23506811
15769301
85603284
6539925
38867308
63318803
31629651
38177646
4024801
36969193
3713218
46506776
6476756
71061063
68302319
66652325
13150462
68948755
84994272
55982988
57298100
72515227
38759540
93489406
72231677
53486601
26927737
6045496
54127595
31740891
57364347
10728034
73287827
90929804
24260909
24447905
77484708
45662454
10883849
8558717
79261734
42037924
24214006
48638911
56871840
62362457
64012435
74755779
15894779
74034110
219532
43638445
26833296
58854724
76792110
86413968
89428279
94779938
53598994
10950016
2439109
68511021
65224037
40587660
10180585
90697834
1264945
17677350
3672291
9672577
44000876
80380867
37979806
21280479
28291345
4694514
48708241
48641142
44225484
20559504
86345286
19176831
22055298
68227608
35038730
51380716
88553305
23167861
56075721
62606975
3101099
68356279
75916206
83414541
22306066
85314758
45069494
47270386
23300604
94988245
95271770
38104144
11627412
17720910
21041708
93322987
27911013
13564647
47078726
65708213
35157774
46426068
34895475
61268062
28453584
78492473
83622049
23366108
42763516
54160982
5034852
98842951
45020641
60555371
80382533
94008163
69113815
26024547
31473488
13168060
59686633
1890759
65979670
91694495
6843839
63139138
18938861
57899546
37781810
78544104
72097794
69508100
17636363
14932336
34896692
62320650
55691848
14330852
78984053
81533137
60561474
35060303
54858942
61934715
43729417
73672211
35543708
17806096
6735514
64578745
17149572
59638483
45967681
7324391
64169368
47754108
15195972
25294109
60897873
52420600
96921461
16022035
77188593
47278320
64099452
47306996
95597091
5197443
68950153
14889327
57060579
32471587
32664414
47833560
83876983
48520330
98731193
93481920
73941832
29569757
55025386
43300630
68637402
36544181
39927066
57657800
84301303
10059495
72162711
99753811
49177295
68264225
90821243
30498806
19581072
46044895
73733106
37360767
91269927
57259294
98725345
13044799
62167597
1275739
13938737
63366024
5170645
8741541
66906333
79480425
74873489
10464472
69589854
24087868
70697360
55778101
94056252
76919404
71772508
17350519
63735789
47634632
90895695
61205744
80329554
99006566
1056408
80966944
25328719
45776287
74824294
65137422
64089548
16018910
14048439
32632365
72223367
33752658
45371821
3806760
72329075
61883915
59920159
94420169
82094581
71668382
22111613
32549301
74343183
30021024
32619840
58074747
88233146
52761399
36064945
43434329
14392199
76983641
68618350
13000675
80600968
90447901
40827709
24108285
33042416
54784234
80564807
32416700
32829383
24766330
15164165
63255973
33426883
91029422
64335974
92091425
68201906
52728993
34650618
40367651
86074517
11220240
80501590
33322264
69602003
68256854
49380150
24870388
52044452
57182787
64753184
16550317
15532328
52553131
96305651
61173334
72486675
89342239
48196345
68407380
67727494
51432423
68460377
61003490
78565619
53515323
6428590
91059158
53759071
11244511
968030
77604166
82079516
9363353
96894589
86657004
53112145
33262639
81764152
73265344
21316329
84808729
25346591
38171886
90675777
56086585
69746794
72009654
94359617
71235383
84443291
8914207
89684126
86365705
62555542
90394061
49370720
43090620
32917733
10352097
20024984
178465
92150090
33743953
82860155
31732773
3228597
11552325
50292579
65808906
99617544
72944590
81572195
55501524
7542627
38856088
76725686
87244078
30250559
49012558
80077981
69503759
99496797
32245132
26209366
33564704
56213579
83864837
91745674
44877024
66968681
73780860
2931299
19492018
15014359
42360825
37053701
85649951
73230054
24035472
95955234
39998305
57628708
13971144
2264187
80216140
49969465
57016816
20934280
6628249
86867228
64882027
22597956
31951054
21269376
80197272
85874863
81929377
84096259
77630681
67794745
74366753
99062219
8976687
42036294
85934506
93102181
27515953
34029696
53260270
94734483
3694824
26520873
19244414
35752290
4860991
43449010
22205959
26879382
12347961
74801743
98837945
16775596
21728858
2052721
9510297
24118793
95722652
87152057
88056507
67872983
90971011
22498249
17811419
86056801
55345471
50551404
49018438
30392997
67582262
6193696
31099718
69527654
57677286
49714209
9861248
67103713
98171948
6259635
26956837
7728968
33360474
37096566
74619180
33328758
77666416
87912588
53360664
62601985
96114118
4859580
95625073
84059798
46583035
3629929
69497747
27442040
38372982
62695237
58146293
10347220
44140960
13249334
41879289
65019534
97984715
88545649
68959165
93151644
76038127
31448586
3866407
31301784
89459382
44248450
68905051
35382014
75342213
95027788
80107551
33872295
38034438
30935961
17282618
31231407
90301827
30220131
19147865
1752606
7502829
15656244
66402646
7513206
48457976
63133808
43741242
61203407
73970150
41372259
86479669
71278688
19646307
66892158
57045142
93075043
89820781
31251657
22513699
81100973
51670052
59854817
75647834
76506597
58654298
72343975
29352188
57804784
81262376
28769870
19237396
43846351
49816572
36195452
49241434
57883591
35522882
39924093
40943578
55894129
63978692
23017915
63358674
34981417
30149424
61619708
91437211
93755255
24123262
37421401
62675547
33287045
95407712
9146278
46822664
57706561
90100690
69001289
41643524
56599366
8323253
56462615
19962536
31267481
92583605
9979734
97580589
65861314
58985066
70516166
1226873
66396821
34005725
56698800
74595067
6068680
43305766
45443216
60676439
99581532
7505247
88982500
44354232
3790008
95641430
91682594
41054309
83939832
38976546
40103540
73660635
90310666
50684603
67224777
65269260
83340840
93234470
70691265
45272174
32246174
15238348
96636764
9127587
64185555
68965859
58647580
88210635
98501389
13705072
46358740
70782388
44935846
12243875
49467964
1767559
98777329
98794035
21288554
87844940
67074134
70669987
63269198
91811062
61202007
32726445
75703572
88202249
31033897
75748078
39803803
18893495
50461768
80123714
84712301
37609807
79729935
10040493
27436839
5677605
91639314
89326187
28737638
1899034
97353970
38986132
40237916
95198400
30932449
71023075
75159703
87745202
66624925
17333806
33108719
16597852
68085357
82663503
62408133
61969536
91015864
48994309
61780847
39602919
49782556
43964903
90407891
97230363
23012634
97643168
4096315
73426938
6386411
2879394
95087239
11624897
61191922
30919430
38513307
52160270
25815779
79862988
52508486
70789789
53719705
54466525
43097353
88317520
56112471
32767574
48122197
15207799
24025556
81041297
65732522
4488274
86413220
3693884
80359986
85531122
2011888
96560647
21985039
31821707
6432535
47247600
83674485
74314241
73284773
25486137
37837234
40523702
70196230
53965031
5094731
1706193
4545384
97751940
73836762
71750663
33449004
41690596
59121464
71852139
29990343
13206081
51560193
84027380
59674470
6888424
21409914
80873564
74303206
68959973
46796641
14432262
82605982
35582458
9115358
61545483
52088735
85812604
28027923
27280810
78310787
25689708
37727890
26834471
99269256
57823140
18938938
97879736
22639600
2179853
95294857
8216182
69558162
64263872
65591174
45300006
19813320
425911
64759513
3650292
46112344
33932563
5600470
72144091
54470663
2057085
75889600
77286836
67028176
38987935
76692757
34445743
18921689
55460126
9780697
20915161
17558776
52667334
98159759
13426934
17671291
87221772
33149958
16941999
78225048
25130001
47212943
52233713
46773139
88689629
39086038
84468184
10928591
12089842
39872898
5560751
49335454
96266090
68275622
49248227
91937347
26881351
92876231
31598868
93378699
5192254
92187390
31412733
83332315
49519055
6764561
51109163
1022127
27326416
44650592
74748393
67534771
89690534
30431796
10044113
14140862
90001865
9017247
59246813
21586244
20355762
58599649
50096932
49402599
68983383
63712134
29822419
58585086
32302767
6313487
13697630
96349272
83108997
53443802
34873528
77644031
41451348
23938849
42111653
62747766
70356258
83364486
1658622
28034226
28758856
38329649
28829778
79015369
66310601
18059199
52774331
19488144
29205948
89702007
94525900
24058305
21115868
89056065
89081567
78436778
67123790
48095689
33821148
50635811
29409331
97533918
12172488
65025478
18224092
3750587
66898653
65323398
80391824
37659334
93159920
3082530
44468853
63549635
1762280
83118431
7612151
12145152
35573752
76965800
76499783
39670022
84187105
76008442
58910433
90625430
95609377
11451105
56073967
93030673
99517617
1276855
27857937
77364109
57957402
85833412
59432958
61511817
30450005
62150553
30403048
60470975
23824096
64689109
32209952
43452984
84102148
37749373
63549078
93895405
38181474
99814502
46220241
1669258
67006232
70735029
9670101
40828102
85696094
46142330
74171967
45140686
13435146
46659304
70296152
63515752
72349480
91661696
82935229
17497110
12548047
51851137
22167069
27074291
52993479
9431210
99934567
23412399
85009037
18976065
65703675
9450364
6766627
16590806
97081497
82416053
20249482
49710478
34213042
75494136
62579109
2510641
981034
28822658
54924406
97138828
68998525
18278674
49746082
54247078
97124611
31194087
15491308
37123365
68982911
27651673
80494241
96780173
81568167
60392220
59483545
74073878
82202135
80904892
78028102
11303405
90862219
83847826
32432813
93164139
51751603
31471412
80383041
88607849
93554356
28159728
9352162
27779883
8589303
93560055
38824175
52431309
78318152
89776703
4713693
7619321
20059944
90312341
66859134
29455113
43056391
46062404
30913487
32973762
10424453
35122046
27836811
50940317
64414147
50494066
83984901
42311450
31051180
53330022
10094427
99515158
26145174
23710655
89106862
13032630
6327245
78692093
25844737
76995450
37997351
86541544
40380074
87359735
24495782
49993854
91031441
44819914
15742829
64576028
17379329
55701907
39146112
80745050
81599626
98701784
51148258
83867338
36041666
18823156
84064158
27984388
37155912
40175636
80471786
30079666
47529492
98386293
42702642
47088432
98635174
25601531
82356314
98296320
33536354
14096038
86625650
52727786
48224690
5527583
86171523
99541963
19046113
64476790
20178881
75526179
49590739
15286615
2403487
5507210
47357873
44531348
41201542
69483422
65189677
40427379
88186501
79029225
36591557
80323232
73095768
81273585
11643753
96493688
79615091
49750588
39571937
69366060
14963789
83339389
62354128
73854845
75866150
45450685
83995056
14739293
44327288
57541295
22881892
21999287
35784820
15270321
71356525
70912873
41286833
11147430
8885783
89083605
40304383
60618791
20869354
31031561
89263979
3931743
84613393
43243017
1707590
42550464
58522224
64423265
48098383
53318514
46617062
56874678
41179966
83476016
7545640
7936941
59289852
63821197
46065741
18244595
41836156
90603534
55378762
65263521
47110557
41693225
1076231
13783067
55981283
33115388
38219762
78914317
68717101
94946824
69712001
25391669
5108429
3720723
8395880
25083819
63413806
66594022
39506538
38767852
61266002
59963757
62112933
90980651
38318808
85958453
88112546
21673123
97921651
92662745
36944978
16858448
29411406
38833388
64872693
86569653
22290670
15532971
88329862
61711222
80596293
31419706
47691237
56554690
20884836
84308686
91886154
71296888
88319830
10983332
11506316
87424918
98115272
1113744
5999808
1173958
78720371
63302474
56969651
37879851
31429583
3538938
75004747
4381005
79704830
47135338
58884201
15896348
44688114
43771141
12165099
56024828
26302226
1069544
92996311
98559919
34536584
59483401
20705298
86498964
14851803
21982615
10257598
21467091
99551775
51985219
15952093
59063684
54703420
27113994
54306329
36811160
16295346
54655619
16140818
94291309
4625975
78920919
56836458
18207865
7815235
668631
59065953
72796727
44587054
60679968
87677188
81214086
62512097
88644206
28696293
39974978
60159074
95842707
81545508
33782907
77035970
87283425
41999833
46452022
54124311
65834309
3342707
38351817
61665910
88608595
34193906
7459141
56975165
23198094
42062951
58227156
19825676
18527532
77940275
85383335
39955830
32783608
99581569
47143227
56961609
23720088
33943168
75084050
66049397
24726711
11876351
84691833
54825878
54137
42591290
32641200
49203603
39876368
4332057
59694319
18819271
71414618
25983132
87485393
41031573
56823276
7509033
14850352
86289049
53352980
19966594
67115529
93683226
2959070
89200650
84189119
11285534
19673917
67333594
67739982
32782564
16126600
88623562
24852134
46644942
56258799
83283555
26607768
68875983
16986882
23944755
69258680
54759822
9062198
4379267
95491820
51445850
74127959
41541446
48058713
11246204
29501571
70178005
5891769
84700320
3159215
93673228
68474551
57159270
1353234
28651116
60168011
64345307
91369786
66050138
90878509
30460206
11040280
14732620
34827780
72544966
20505326
22361149
37941641
8390571
9784208
3620950
95752571
42024357
29178
10253311
61788209
39596145
35175698
56171158
81476924
43268929
72566681
7522504
71336966
43667133
9043517
65349077
12844132
25680823
7023989
84665290
43099044
57972727
74884250
84514530
97973645
89985111
10253595
68290500
25328612
89330771
28453550
86081723
27515281
21018987
6429821
93512485
16910662
44921292
15022953
86498399
8099023
98740103
44374287
13385746
22603102
33625677
90709436
65135385
15946460
4583216
25780798
50335197
53520463
46661497
26625297
41939669
78676882
30703503
76484813
9857168
81989017
14502362
60264265
93218076
51449111
91922572
5188722
26464185
22490320
15891553
58834795
38071486
24676797
57726680
22822158
18731585
36314762
21463432
15491506
90368516
11559757
25505407
76974944
44676746
58467537
77957974
47739828
3247441
99796103
9071039
20665731
12792199
58794408
61590113
42380328
40313006
5141731
5673367
93449066
13834428
74439660
18346420
57047952
24203532
31932901
59465054
84929498
90080566
98713248
32454311
2849892
31896849
85062350
84683941
9303236
56017578
57580211
92471866
38146673
47609761
29448465
35662881
9675655
14254516
86223895
42979713
76434677
50525289
68758640
31849247
90644397
50029132
76416654
70718947
81117881
62913337
45025062
78387100
60766631
47693250
69988616
73244331
83875976
73655854
37263216
48893225
81525784
75483582
44784061
77318876
17558665
37083422
87380611
44400255
1120135
15009341
33645131
50075335
19933962
52554294
42993579
36527494
90471139
27627405
45545775
34950748
485300
71613988
99265026
71624185
5361755
93471564
45003006
9977230
46703583
66670349
99621519
83553102
90146317
50158299
88373756
21212700
41763834
74923473
11483584
25138503
48366001
93244252
620499
12261179
37744821
27845979
86109788
85798544
34007364
76119839
13049902
76968130
23524791
93998642
56134116
42699263
70414713
34526099
84224945
1619942
18487002
50405105
35359490
18612580
66362156
94862577
92442551
85453210
95121946
89458857
83526836
14425314
39572689
73942736
85517838
91625911
15572030
48223093
99022422
58375138
64052745
16900246
15954079
97283952
14901878
44105032
73997344
73493863
54009434
36136496
83125784
65277774
13340297
5396693
75478290
22486226
46165003
53967622
99151840
43281326
1634250
9665044
27755981
13667107
34352736
36214802
21482424
11491192
85429478
62630668
83526699
96996137
585731
65517710
53227493
41159230
85794960
24034069
18372670
58736286
88134135
38948509
88744045
78715400
29226506
46176754
55197515
34238050
59587317
24242333
74796243
31273149
97058433
5711118
58188387
32091202
92466500
28571292
21223048
86265060
15648888
39223073
81385568
635163
35685004
88970860
19665272
79976933
97842842
91637436
41537565
76841990
54070231
29043941
71202421
35756928
64085922
19075416
32320543
14229428
31080
86641766
30738505
61607840
60977348
33530297
21298347
35942055
65477955
87554347
59720453
93554845
36865995
6332061
80432527
50498694
67086974
46084011
80391311
23593931
11475162
90888921
14679047
99119625
75434635
52200945
47692843
27284363
14665695
82509471
70862619
62419424
49768936
98029940
81248974
43676141
96216696
20421315
84768816
73958085
86968707
79526446
3583818
31459413
11998224
43020826
17220690
86018346
10107764
93980511
60102818
13340735
1690721
20827040
33140394
24622418
25770905
70434804
71031147
31476729
25760239
10024778
42612025
27086190
14354998
79620115
38635812
81174661
60833050
73627285
18135177
9551047
65220266
37402413
43679805
91688657
69098552
16037653
64556783
19503568
3575489
69599104
88979610
91854898
74577438
36303132
29686007
10434198
10869116
85708099
78247980
63953243
64536858
65249669
71344527
40977063
84532268
4490502
26624856
30506555
54269879
46753610
11134209
47887519
86523150
71656665
72765517
54570861
97210116
72621121
20579246
50470117
87625514
60907011
26208172
24069149
31538195
15555102
84031155
2074134
49427959
59357759
46311685
94169228
65933924
68253972
2644320
90840458
76992111
94711349
87804109
20079442
15996111
46665585
41667189
17669568
65229773
60014045
6166141
77803463
29433219
17652580
31137603
47275232
26276932
68746412
76662988
20449098
70002517
44244631
19626936
37925237
43261453
58260511
89439032
22266584
32320721
70521692
8331094
66316478
62955694
51627109
88120319
78133346
32554220
56853682
5278952
7283759
64548441
65307736
2573541
66563143
54942448
31569027
64762450
47950885
53869851
91875760
35729748
9269056
89796299
24869071
41337211
23641820
31058449
43935842
27071025
36684239
87153466
16465398
54640596
8400147
58674249
20754845
26715263
7660724
97679561
59172367
69035589
82785688
58914119
56633473
48105546
79787309
1161026
40304538
2164780
32134938
51712400
91370362
32139684
42902838
92308751
25749494
69015596
87686634
90062703
81726449
88128266
24981140
49051978
73715918
64109913
54446916
80398827
45825465
9351878
98176907
66815518
21387001
92787683
96013284
9197416
26832804
36442840
6543821
64660166
36786823
26727135
82327901
42489038
68076302
95621763
61181043
74060198
70849299
14160695
75208236
90933160
6977624
42240075
63835220
96791407
14463369
75995184
73666542
30784033
26117518
77141435
1159093
80925685
80049489
791332
34268422
12130684
99722001
84091517
88052552
79155061
17329619
48433903
59206237
2344325
3225459
52573654
3613690
64673139
48903860
45600132
62603509
57732821
41978308
51539456
91115361
47433388
58357335
19522779
64427722
53410012
44703851
5037890
43827276
39843117
79716062
11869562
10530794
43842895
25590697
43442775
48605353
61689908
27023367
45732805
55089935
31936823
92583746
25267951
93319019
7454460
47299149
18947464
85834229
37433940
86596546
30744995
89714597
31215670
23749071
17479010
8821000
24010138
82679583
30311719
35302893
21690706
6750343
73441748
82006090
45453794
58903886
74434833
96057794
54783891
96906884
22339520
74264290
11037553
674219
36984127
27019423
84223745
44979588
76444908
42098510
33758979
98216093
96663842
99073394
78013709
82442000
76224753
87624533
77905614
84829623
17761502
92071316
13804718
71313015
27095216
2274177
41584400
55641430
92898498
13820663
10248891
56133673
53558979
18962755
91844941
31708636
55756641
94780311
18577048
16435041
55002760
3522795
99406639
75439111
48912768
89468053
98243025
79202586
50101633
14301235
76969023
61275046
9469982
21702507
17747244
22145051
45594301
61859814
82742355
20356381
36048707
88006640
30944890
36043043
59678031
13064921
18855046
3270441
79696750
94059841
47252740
66765574
35371006
89794505
82147371
47391841
18408248
99507640
40550920
91108432
63079152
7113943
55939216
49402271
46805445
21433045
77534961
20580927
12929157
56444272
31933758
69500423
68141473
5420994
54361961
4595817
87640227
42781864
65502781
41732936
63609059
25613751
14174097
60913699
21741532
53975945
58335474
1329125
94922680
22251692
71521991
95231319
38298970
41164963
18495973
90124663
55255165
67022902
57087194
63488483
23429815
35813160
78472602
67720614
51796750
396634
41194861
7842269
33629905
50252262
82308233
38757081
84282791
51421970
45554995
23126497
98439157
47931634
17749907
48527102
3942954
74304327
23491663
22305956
17750185
76850119
14372061
63026158
88147919
94082899
40050561
23914809
94977308
21022013
96398548
82108964
99763409
41012681
7641505
5913762
78083824
91386498
83012217
50387057
49537487
70303797
47835090
8196571
7837107
41394553
21138050
7116941
4873554
72679222
34190219
96573007
86983330
59432662
50008342
70948847
85330881
38465763
87498510
13510459
79188626
99501864
59191894
13565361
4566202
48969754
69386178
1178644
51514579
79229136
49956657
68105860
24039364
54416608
46101354
2557834
87060074
84612166
7942938
22644129
38127638
36579747
74900662
5127030
90249634
55940348
20480417
71817460
2302159
82758910
88505211
33037090
95471366
33030778
14660237
47860997
17971298
74742617
61215189
82894982
20782664
27681188
19895989
91131622
96854680
44463830
26738058
62966674
44227275
92345513
48971497
20321503
14598578
12136136
96155618
48340977
23413635
30388430
27368366
13442296
38684715
39546540
37381294
29265612
1716866
86111075
36932089
16590973
37214461
1284631
95556557
3795419
31548312
38088526
86236677
50238020
36358988
92639244
87768240
20903960
95324297
2508624
82589986
88830068
79500460
35080689
47653413
44696823
1277429
37405016
25783524
80664820
90648618
43941886
2031931
71431138
80201858
60170693
64461600
18405405
20080907
64132806
76633039
8984108
41029199
69793257
45255416
1643442
23249375
18195785
55408449
69295643
27349110
70242346
62703102
83423691
92382803
69598898
12154191
52432478
80741329
39191349
33916887
9570960
51340453
24055353
91031751
28654089
51585260
77533696
23123117
68967246
18653863
16364761
16980193
96946343
9119291
32326508
38011618
92432636
23727252
66526199
10713644
35711220
96598579
21632771
45560995
46192109
55437719
99222922
28424181
89382395
43198725
98836110
92631542
87963516
89175047
58891677
97693296
69940129
28284412
9404520
38181903
98305355
50470817
45787661
59998787
50888214
38789200
10123561
79856621
3041785
86315479
39299860
96305279
70987397
29821097
40202426
83452661
14378888
77827880
16179690
83436376
90017873
84635101
69268586
37079186
87464659
75510786
53770399
74144707
94101750
91767749
62379692
65759437
76823260
74842528
12691227
75591925
91677018
76756082
27939457
29368715
93958192
42176184
20961517
96156199
82278042
14954131
87899738
55610992
32043635
91778662
16152049
16627544
86050357
31067145
72609348
66377373
92357444
33935990
85621745
34321816
88003317
28111895
77625013
85465837
49675429
26349367
44996669
44688167
18194531
6974820
80942340
7107081
93165622
44664233
95283015
55440124
1629497
87503964
29026501
99105566
95571872
38681477
92921197
47819877
66670961
22738943
13724384
19939318
56139925
65021067
30197525
94980378
26540526
30939337
71543462
5340327
20638685
27683090
43161030
24841566
11343434
26734490
29947539
8091931
20365927
67159815
59295829
2097887
79447660
6882189
18554311
95902651
30965008
28305128
16679699
74195592
68247372
4853894
52796557
7151971
45174234
66706231
54769055
26311552
23801838
45705855
67085450
34617868
3512187
13920562
3765857
17649688
63033253
17174023
79216030
18031901
44629459
20378985
88734069
33493952
62361200
29415878
52056422
6360802
69657380
90436118
71359801
40273612
22228900
48351854
93389987
63816359
82776034
51244366
82460966
85108928
20089793
87037602
6804534
55042707
93874308
73225478
21673657
29257189
24369246
95470905
95672909
87747007
82464981
70148359
46653014
26037391
97013280
26805894
54382004
33805058
55752425
7517324
49712527
14054971
23141070
94211993
89643635
25852297
78578630
19709421
93850210
27508554
46225090
15059573
7533815
29225659
69188603
88877069
71418089
66420320
61103854
30025881
54224757
11834941
83781965
60818847
38920984
43374043
31494913
50666223
25905501
68866275
75849230
44070568
91451948
14385450
88288994
66866560
31536577
63264605
261768
15783412
63446167
47370663
43573038
99773027
50854306
58199064
44566536
23943758
64795273
63704897
37483198
17122237
18260270
62406207
1570241
51566436
17378002
83406383
10391527
33688798
41370357
6013421
13848398
95257528
94160087
9194373
98581041
25370337
87890293
3940661
72822731
69407263
49133179
57429488
30488319
9690576
5721580
63871381
32209557
87265660
41924419
79648449
34971830
39843641
50920822
17662390
6868987
76423321
43395734
68500952
29689625
25699613
19334781
20076014
61444164
69716531
98524767
83234818
71177718
34179335
50559722
29413598
92196892
41619317
14783275
47939708
71910285
40616789
50432256
84215881
57047846
10035101
36935832
13565853
75660484
74603710
89357629
51134306
36312531
58583048
15798928
62660835
43661829
49638754
55254052
47159907
73602142
46846207
69746993
26286908
84049924
69065487
12519208
21039885
65386515
58687018
81963195
22819938
36820523
90870215
96570315
98201789
33573813
18232941
37396567
35908304
54510341
21287323
91580678
2682533
8289284
49214319
34903770
20987536
88087837
8465955
89238959
73471680
61825281
34868663
57875233
29304861
831084
17064230
70360405
83317221
41266341
7030845
15408988
779597
16359762
82368660
55958421
85586938
89438458
59983492
55864438
60655113
57707093
79712
51796399
81607699
86348448
51830825
95358711
79024224
8980659
51142598
71237833
24147869
5605617
86569255
96354328
45631998
87171331
64589122
38539683
13831185
60337963
78639730
2055772
66833640
5569084
85374740
34020582
45264826
44317086
44081141
77746164
71543586
78777294
63437032
92559393
75986484
45125116
92790923
50244922
5659023
90705986
1095125
24586395
18430213
75073419
38232804
30492773
92222282
57938030
86390499
51799907
78380146
59344693
49232507
82994154
67375709
36851525
96523876
34532445
90590094
80258360
59226905
85127561
77698864
79068381
99415354
38790359
88786316
72615554
76299264
43594158
4479399
91616259
19420883
57968951
14220803
91199085
84508543
14166193
38104761
73607934
4212610
46806817
47356163
65899809
59290681
27898657
22730955
62175642
3188666
29533922
65694283
85654317
3074306
20936745
67560159
29795996
68746971
82741433
77625384
25309218
73992629
20784716
98000925
37862370
99291705
31943332
54057450
33198539
70133499
57926870
16163221
4847710
56182441
22568795
60216338
7770355
87022900
85940686
59912954
47105294
12070388
70822817
1712167
53549485
73559013
44087539
59074629
34180437
63920087
36509106
16250908
2571245
25420372
26589656
74726956
53228187
28218127
95796568
52643604
57599075
21849378
73962064
11874594
46295941
78034516
89806091
82435788
6944909
75429530
27954414
86988579
96056665
7332596
28819504
66621344
38445835
5965847
24554724
42481506
52906014
12364316
31333297
44540938
95989707
43711240
39277454
35057006
53868030
11554459
18771584
92310340
29973974
55074982
31780640
96021085
56644353
29006136
50412762
62705784
17705418
80527320
14033699
2326526
1675874
16465894
68875779
82528962
52084633
81212687
74069718
9420778
52960978
77802149
7749630
38404613
65703501
72566852
43023505
703680
48960566
59569373
35820539
31926882
43575101
91007485
34996064
11181820
27600085
14599359
77856009
53556113
81051191
74112082
44643734
72882240
63405038
40347869
58169182
76098669
88436081
25354117
19310970
90623689
74908286
13545112
5420907
47806965
30180946
84750725
19042902
70831493
60879470
55620754
16579522
78845531
30960963
12664606
4843570
69040508
64122097
44456350
18304758
50838460
2653116
10176062
66724164
85153138
91471779
92142310
63668422
51923312
1410586
90388072
77941853
40498380
25054366
95740411
63036376
82234687
42443931
58513983
98734839
47468631
75433264
17419432
29410997
30036362
94537596
88719306
78286708
19382368
31979298
15557994
42087626
61689163
33591419
29377372
39062701
81294550
89528793
18042566
38921461
16169538
40977249
51773017
46539060
95941636
57654121
43957441
89608594
99327440
4409200
38684126
4114184
78979790
3555270
76764885
77379197
29113763
66140261
59177814
8410449
26365370
73026645
67717480
17948641
35047928
48854726
34084825
13706933
74115737
99079750
1052204
68967239
11874136
24507832
93327966
33398821
52230196
39722561
66235609
81431797
83647012
697240
760062
48307637
95301272
64437504
6666413
4257957
35853398
16131497
63901162
2454176
60049744
450163
4829849
3282268
52550176
26153684
6985628
89579972
96752360
36404492
55432479
51378103
85514417
52988070
94331433
85994338
18119134
34197766
62910477
78709260
6033459
3915904
55712488
5346508
26655042
90368064
9342087
94951865
67917493
65198832
69581220
71706954
74675980
88545978
87552798
44322833
3229639
24076753
45511595
81946490
47507884
79493227
59516365
99320560
57182513
79189808
67864333
21112334
85421922
16866325
67897791
45552727
41881333
94485260
82063947
5216050
39603474
81189001
13713966
933809
29066674
20983338
6503723
15505651
38900970
85118383
32652757
79045423
51598211
86260815
85890796
91921498
28408738
98694738
20619508
16123357
20987271
55102830
71748961
30081376
1184028
10981495
74823468
15310593
12274106
9421132
22277391
81376834
86342895
13895278
92294437
15342713
85892727
63369614
87069634
49415081
6507947
76651425
48357154
69838037
12484980
58515917
95143930
86803397
46279388
53511358
44045643
99841741
54701757
85785868
32761099
94157488
90558719
18367960
51558576
71708400
9169803
59685379
33751449
43878639
53368026
94752730
8344518
7254163
2236278
21545238
99514806
94466704
14540504
99947304
89484924
2098533
66354386
13532195
17254580
46882604
52552007
62936738
87196856
89256142
5000230
94586422
19289243
91864825
38730216
61872583
48073088
39745440
28931169
29050714
28318664
31216108
9046677
25230450
46414585
22777739
81955917
15739835
73856196
86744541
90294781
57769947
35692273
36292754
19761632
15516243
39984497
40526123
12316053
51729572
51064689
75422711
27740952
37452333
63180280
84171774
57633548
85924210
72757855
77427233
6254592
15122747
16019265
17434583
26739359
14814582
28190819
62980805
63640175
59455430
31300600
71481336
86962725
92278901
45131734
57934011
93049756
42863490
85602297
11538175
12857300
63972780
76032277
94411785
22216902
99928155
6437587
98977767
59935816
29168132
92174957
24475685
54876685
28567032
44013356
11198757
58479703
18734672
38719066
98844189
9865991
13369536
91709691
65389118
34352614
87796440
8928039
74594484
91840780
9341255
59598981
49924708
28699898
15131514
24680876
76846413
63214588
77255233
70936143
1737627
31036395
84244416
82333513
44399972
57369709
981891
11648247
62689909
94462001
43983041
41984526
5691680
15360811
94819690
13758862
97058489
6136142
21975961
91592841
34380762
21955188
94021637
18130967
99109608
11452686
42333084
30540347
1950509
25417633
85436348
36433472
17125000
10196799
67393210
51203342
99424665
30649340
61599455
98367812
32636215
50569093
71171064
99354438
42654129
82457502
72622035
28799323
57711656
2423662
63381418
59577778
79891646
5928565
92388214
54834722
14435220
19387296
37425950
85159142
15069380
13453441
28599886
94210920
66971714
55456244
12726738
54390841
92247783
22597185
69715971
6480377
15333875
31079526
66125137
7029778
38792995
79527908
32817702
51288712
76389388
7214756
30691709
80705098
34140386
25057488
69262660
73578931
60685973
50917656
86540495
86139738
80017649
21959449
54064926
10866247
86762865
1955541
62593222
36364391
22969721
23405306
36175326
76216252
34660149
25562070
58438671
61057982
29745339
35548210
69824155
44263153
13074070
21604462
70904064
84756972
45913163
84274197
96810297
26388152
63688152
95067512
65650431
93718913
5637638
35393193
75706738
28317177
75844378
83240313
87712806
1146146
51098703
19644062
32679389
28866470
18878891
55406711
57885593
26841876
75477139
91473363
16229846
2400607
3376888
90019465
17438955
18998830
7769524
94295724
28132895
82824900
74296774
23072289
19638985
82455229
90746309
93238631
56460142
28243691
4300524
13903742
49531640
38042199
29574648
11798670
57907284
27230111
7731931
65751443
72726599
91692763
62112199
46586221
67020238
2113673
35234882
84597003
27635584
12739248
62022369
42807473
53695563
22730239
9877372
41502628
43513300
59759698
52065142
70725146
48161284
39711286
6571232
98635109
63125059
44211069
72855171
7313812
42569302
64484907
71960572
42915115
29379708
45016303
62329802
80679693
92784870
26485774
74743274
67980914
868872
84295426
32384294
66723562
91101141
13524874
76520824
76668120
84950005
86455213
82949128
38461627
20547825
72513138
35783983
80643832
3102121
21664324
71076667
47568646
35974095
18457324
33976535
44686804
10742695
23566911
87831665
38260198
80758916
1069065
77923179
56969035
22622480
39113771
28191007
57864138
19570512
56247455
34949521
1325379
72577936
87187852
40802823
28326325
64563962
95586253
63355759
6657534
34699158
40959825
88774897
21420825
21150568
44444161
53663515
54906085
1901968
77246396
12012509
31190535
63237647
65973801
18498182
5900281
26594287
15033159
32816301
15961221
6819199
69159317
23661177
67356803
91664979
2500391
81496110
91517839
44497507
86690059
29927494
65018266
36137186
53920426
62744594
96948019
55249327
489026
85052888
21338372
85194444
98214602
90062289
52046248
68804940
84800638
3762868
39756081
69124326
88520625
93070060
46130154
13539719
87036049
13813274
6301007
34789207
13292931
3118882
74898891
39115721
35587369
85747733
34067515
80913835
46813424
11119701
30227163
98089347
58106401
71421923
56026625
32534702
33444583
46445659
44789201
35518112
82001795
70476870
78861554
87600812
24737738
3823701
57974759
88356882
37351967
3720558
67585976
73675838
97832791
50764561
84817636
30920638
56012299
5414109
20582066
1752324
69556705
48844815
63179988
49407280
42706060
32948186
62636998
96983973
13236069
63235090
46480699
72885511
30769401
80830488
35775005
41763834
59022827
36350244
46042985
1628576
35312978
69030934
41976208
48566667
2297641
5547486
98294076
97157767
51198588
8560869
77446270
71021491
29202509
79123762
73194792
25147777
9427646
10274157
58445511
97338440
25740735
39263536
35472688
51453956
51741585
98549876
8176661
53578611
78841159
42457335
95552399
59388501
59591302
98578371
23509817
52171359
31513601
58390540
73176055
29004820
76693781
59227792
97064759
21371235
21243344
42404252
8998789
25091929
33244515
45315693
19978886
17892540
41807561
55600302
38390687
53256606
3624432
2076136
23909606
83390528
3965355
99104235
96650953
91978535
9285822
39068874
38695398
7183934
90592725
74593226
77076668
68772127
73972588
15207277
5323024
58153911
35446927
7130512
60844854
70874187
59561878
72024330
53121032
49888137
39279068
35353294
98931354
11240092
17730996
93035711
13641344
53704298
83314927
90263386
98253952
51502348
84966482
12859072
92430577
24478525
13278741
20525658
63382732
6556209
86182592
51452732
29819208
12714006
26764542
44744930
90061800
24858189
38149842
38194468
67221898
42344322
93582346
48650640
72286082
40543865
90709269
98933206
63666581
13325352
32516865
69047313
17431748
83788042
24872495
55640628
71781072
76049142
39018673
95496464
51662024
50240010
66959311
29874947
35905391
29579496
34802743
12955824
26178095
39557737
40735375
70095555
63418430
35289619
54745038
99113510
79657921
36651353
73997517
46245944
62047894
81110710
22390282
33498902
24334011
62529005
93215740
26846253
20170524
19162396
76331162
1423808
25640423
31820896
40685461
95678812
75799298
32278872
92403459
94829031
65713679
41187957
76852054
4317686
74500388
4099677
31817227
19908354
1033578
65591811
12940343
8607024
64732086
56725838
43049938
16179779
29269495
86590803
95380665
57575154
66161284
23377447
98180366
58653218
68736674
27221331
83315460
79601216
91342869
10622367
61958896
84758157
25977935
91273849
43792089
23714589
67489101
64553118
63623306
4188907
33010047
88688141
48010649
36187688
85242884
69240234
8806531
31642508
10358765
32577474
38865511
41722323
48799466
17955482
1333658
9472181
5280450
96480702
54350950
46472162
61101998
99920401
47867546
47656488
11771224
16233937
15208520
4561906
51753767
11066406
14235457
49787725
39089143
52914429
76956632
95152424
49046149
16801745
66876775
43011931
4895755
89457967
62424083
75454830
38047037
51377350
62849818
79767439
76063559
45397377
51717444
18599841
53595707
33057645
59591547
81883180
17420644
15359213
59798631
13871458
8742334
94753217
67027537
12905748
85125747
12323461
34304446
16137845
78620561
74044049
19501379
37240808
80872181
1516719
43765314
55661486
48796136
86433839
57802874
65720899
55030631
97884716
97780017
7598255
23975152
12329747
72602064
92775150
35196269
61364749
70243807
42234488
36685498
63677741
68251366
57970172
88642159
28143630
19829269
63603019
92814790
11427021
57589522
7602525
81487546
87904704
30908185
55036021
76677306
92294518
90213307
67859753
71382151
9063665
75650219
29239510
91299873
94133582
48784962
25316454
6724519
99367088
62006665
68734617
43970891
89182633
48316068
77179908
91413933
65004176
55685727
84363950
9106538
36118139
62797720
74537564
90228891
25821323
40093724
81582120
6868193
74968642
99409930
37330566
80725343
59387535
89358262
63461791
89272985
2827254
10803890
30134237
83637128
93151490
48731749
60450555
31338838
1082912
51068069
3914418
14265323
39938946
32981802
99123107
9687165
73845738
26087140
91909475
33296120
24306571
53227485
95549689
96613238
94910510
56111751
82160495
66662563
3758325
95273105
54660421
1871994
36177909
58683310
84358086
69586164
42485389
34639360
74283592
98736068
44809089
19695790
8980195
92264673
15688870
49131322
44656295
97329663
4932106
14368379
65067087
15213606
58597139
31581666
39955483
13087246
42497899
50006543
72139514
32225370
46504268
14573126
46790129
52442124
18939737
20930434
41425840
77637475
5664455
31843522
20633902
32491977
28104547
18816163
54002989
28056393
85408240
88740067
19367340
47432976
81195029
48237809
63447371
11248012
64049846
69472578
16922929
52987449
52171139
41376336
38755341
95497509
26030570
5930874
48768459
15602818
96823215
35662823
8710884
46252778
78837438
7070321
9018674
38717964
44539307
69383110
98269408
61868745
99111549
78501161
42395536
8101816
58276644
23755298
71063841
53914609
36731552
52217657
72452872
20801699
58221597
63361074
74973286
3078153
35391999
60924279
51848678
67959661
25521628
76230509
65347828
21664997
43578911
70974837
48227209
7052912
68806682
14637354
41236291
23565589
55863526
54707587
93213678
12683181
46112184
76937572
74683088
70220718
3734007
86415389
15789446
988323
35872784
93699233
51062995
87385338
13291388
73748738
21329245
37942008
69515024
43839653
39458992
57575628
67445747
98771271
65124355
48153379
45397465
7088129
21360649
38113037
43339206
50457565
43333759
3727122
88819834
86164170
76317906
16368137
40713751
35271733
38976309
10672555
1063284
79283091
90548161
32974291
52389531
85934209
45314043
43683831
78574521
84219525
79200653
64022654
15378624
9371208
41185753
34221765
45259825
2302918
92717894
3372795
80838368
77036998
99283225
18651892
31357057
95454588
46187910
12591594
96957015
20877855
23456178
29704552
16012292
99118547
36471107
10030880
36650209
28517163
1595514
59554653
99717344
57741419
2851259
30174245
46471116
38954334
1489019
73982271
34511789
15460653
87638527
84093904
31667007
6274453
40567470
96463072
33445523
76526880
86166443
87649734
79124817
33037201
73920050
98394628
26928110
49602715
46695564
74844748
68620145
31919874
18824320
31443970
34519589
37837032
69136996
42169996
50904180
10495015
5918074
18005807
38211419
28927839
19359211
77266577
81179510
29170346
19408765
79918757
9979170
58686740
88547163
20108633
71508334
91521133
71720772
34638475
54154968
56072506
65915606
46668709
7865751
16348741
29448480
51919878
84559637
58816028
47123370
57754592
25827831
6397660
69322786
40883058
7492117
42923915
34438355
81531175
69113381
38286040
53710831
78493591
13766114
97606981
13271173
34037029
77846221
8924360
68759691
14225897
16891363
3462770
68478732
68898641
66518437
54369691
32527170
7959478
18127322
35757940
1730673
85424923
94279064
33582036
9676237
95814438
80699634
91389482
58131603
33520808
75943014
45973869
57107350
3300382
43600036
90035219
29253902
80105940
52359641
96520726
28727356
27262277
54542482
28210168
56297699
60635477
64417051
67563333
46614725
85726329
34567962
91244199
90307829
13325056
45419682
69767444
39611436
260644
95371031
10355386
16380697
91384666
64792450
78987726
27415333
8843322
83032426
54762732
66151822
28227379
32275540
62832318
92599345
89657388
21316922
68437679
58738788
41610625
30958291
21549824
21773328
62123865
58181641
97734228
21510302
27291813
7281902
99252439
66770958
72072288
48833899
41838318
92246604
81337412
51106219
4628132
97774554
89813120
1678351
2209224
49336681
24820939
58773880
95476166
98320929
89216373
67895401
65270612
14029634
2723690
15791882
23461866
81802769
24720544
8629715
30175245
55618567
2495549
29874595
81673137
84679541
31554893
573155
50762723
28490327
17795002
92628788
28519709
76252708
36750140
67212007
40000492
51737772
6476228
99671748
20689092
38440218
93108935
65934140
96830025
19557052
52868526
67147707
76243456
23283975
8113803
97004302
44679026
87435773
93529635
33211047
76572338
77712037
40947290
73217988
2447463
30903181
20278587
90723464
24613510
16269674
17335609
75482914
59676608
91707530
32054673
86642240
24030045
57058522
5752563
25948017
72542438
65176253
7512263
94460424
33260086
26678970
44685051
91623905
75869131
1703938
80217534
65390717
405428
36788687
89125584
82530135
535666
52881671
46691610
24561667
28635275
96067558
31071856
86120509
35908833
95560217
66932448
75597291
25453965
2873051
9563562
33789823
30542264
19156264
58279934
91811287
42692365
15139637
24873701
74242982
81095768
82493050
31882471
51658889
69117204
81949186
65171076
64975588
89187968
88066864
4203005
66999153
49056165
76995214
93337700
82530849
59958733
48363160
70030394
21911093
25121774
36596753
47574092
58456453
15618199
17993324
84497852
34423746
22209637
41649079
82377618
64506378
27246131
99737530
39737377
42614119
92378740
48457560
90019441
74818932
29488495
83850134
22806610
1413189
97965425
29338803
93140516
5796307
86357287
44144056
25259294
51134131
61261131
47499570
92357792
75161061
27712350
22266315
82056410
25583033
22458051
242914
82739149
38937078
46318026
13582350
64481022
35055549
17689282
50425834
14695935
1388789
41031931
63130566
21302107
67454510
55962716
84015065
86454761
44605915
96064467
46488801
19646602
42114807
26852915
25797542
31678664
81355340
8776460
14342059
72062964
8805410
96231691
7163206
40380669
19617770
46689589
22210082
14838204
70117010
55050937
63560131
41570679
12740609
61822060
96373162
21717640
854933
13187794
67418665
41322597
17374611
5714809
67766186
68021720
18837335
15428121
3881037
96480133
63242672
93141977
35861718
12805216
99974172
80087371
69908497
80737769
36789288
58139620
54055043
6696164
76130860
71144322
23606716
38565797
52858409
59676220
84264180
93613355
61992398
15878151
81210541
33536732
39679083
60316931
63423166
18470240
88057797
25451590
36712989
50686862
22064168
91307860
97433838
4476349
67926599
94645634
16685852
78729987
62414756
85170807
76021979
15815433
38286991
57936473
5260926
65084892
1527874
24835835
36177681
57905399
95387993
23397714
13637621
90598747
10582874
72303610
16413956
66317985
46755218
36567238
20997522
9358322
30756444
12263763
86793302
87757341
58430247
9104422
97100698
23406386
76015007
23990521
78640190
7293617
36806945
11416295
60980502
75051547
16221547
20189926
83785631
96406392
73301786
26604952
13903168
89959092
86293224
32182847
27400658
70999304
56059886
31650479
90214245
29689451
6436402
22981779
90592860
17305851
23482618
7957756
66068511
9533787
5613862
2666386
66715040
96468556
599045
18558342
3442839
73794844
46548912
15164986
24033339
24869772
17886047
24241087
75791946
62360736
96011920
34910515
24289306
33969446
3966881
55511788
62854915
3864215
39922958
61188697
63149474
74539426
95552669
95250453
5246312
91913702
60200138
21620877
6437293
57095616
87439295
61398401
76198732
61661975
41318586
37109890
34543040
39897653
55868191
51834283
27303639
21340006
73175761
78225320
94058201
57076300
30442596
73165877
44181448
33520909
25792615
66114227
82768825
58722130
72823006
34469163
60560795
90380946
79570572
10272720
88370450
89012345
26102570
34689909
61390028
2798677
5382739
64082181
95355329
95676593
14446680
10735087
92936853
2177300
28724434
21475615
98852196
4146616
161407
78870881
71542865
2043199
68514942
34975527
46364828
53981467
43712663
81460212
4936541
37562854
83508918
81658511
37953211
75992913
38404603
65967550
81723363
62147941
63435606
50583179
70004789
80672619
21571425
73890915
860548
84595885
19648873
43204494
22483981
63991842
248351
4436436
79724734
3193848
93996845
97262477
25138089
83695215
40752784
77503122
27677971
46477215
98303479
97087342
4306376
12409210
77683229
17609376
39144900
35536721
21575092
80592065
45775513
65756094
14286560
36945895
15128410
18816786
12138125
73723653
15203601
29991367
2130105
63227252
58354709
50859860
60789242
80033565
47396612
37748453
76867443
54485084
45521136
84429307
78980794
65130769
58306710
38637898
63091774
88735904
9715859
66727556
39840969
92447483
34842705
14308424
1708802
26043243
72433753
50617089
38997411
38224704
9644917
86028821
30994635
53086437
91688429
28234462
90365420
1336091
73256559
70339171
4722850
47115829
7040598
68815548
26654126
12129317
14349630
68181936
11831756
88419309
94713332
29055267
62378181
43178637
97564780
5692785
66389010
53234662
61307513
92768435
63708688
4883002
80067595
48335517
24742691
59145236
69020376
94328542
59521978
99814784
20300734
18526681
18527245
42505893
80765335
9684631
68994320
38070291
47036447
58497197
13432766
18671064
67939006
92900166
73638530
22606792
84590889
58238180
36071915
23771178
30720636
42783151
65094186
54304909
15385388
30622366
7657281
45970230
50136780
76823815
79663537
671698
19483601
95415666
94216270
23365342
41048309
84162388
99923834
44311507
66999138
63185891
33761236
7928115
14988908
99435621
72000651
12164996
54614190
81735408
37522026
50446406
70433685
12537949
31305650
75570281
98576991
50834145
80552261
44963521
63925198
10492147
90209036
19682562
92880097
17470355
10618795
37314425
22258679
26836177
67765263
84326265
96986360
4476043
66210430
44689139
93297348
56741392
63833593
9507307
35884649
8154515
40840759
1153400
17796773
79803562
30415678
18921998
46768947
99905015
74864109
57108638
29864375
6510074
24374438
64413194
84277695
38490819
93090578
29858031
80072334
18763481
97955226
99463604
49695186
34829552
26996435
35943772
29591684
54909283
14220725
31323188
92183913
92141754
26550641
5906645
27816225
85133527
34694993
11296512
81924291
51042867
58156248
70944114
21203265
45944401
93407740
86813768
51907439
99091185
73840890
50205415
62817995
94145617
15006855
91294741
92453659
33641376
96261827
75759390
23213686
73215395
51986462
69990714
34448332
44490532
96015330
88400748
55626303
17282339
32477532
22133853
92997595
27035287
23714094
90901645
86551681
46320144
67699488
54566891
51039387
84867002
56835241
63032534
99698220
72881693
57288744
45783428
55703606
48467507
43174453
5809763
6139038
12698276
33993234
59321607
9417681
55608551
64307101
98839619
23585414
71343210
67030564
731883
34362966
51891264
43537243
94640081
90612011
59672328
86581700
27185133
44168066
70090577
96366311
53106090
37008212
68239223
98233129
24921719
48585239
9327924
29796204
93512804
28499620
93825787
45821617
68351916
59176500
35592862
92519629
62400910
78258684
60214234
21039520
58964686
34870672
7150549
23122439
69659491
4897215
76736296
40710420
44277651
69290945
97923299
71795150
81925821
29380929
9211710
7625057
56846322
82790242
64846177
41309607
74390613
78057146
49902292
37831784
747635
65547689
44474937
37791104
54547880
52422887
81388619
18470440
69600651
59296230
53887895
60348363
31401662
65795925
6218021
48504907
95724802
43280060
74181187
99903001
30158040
95668341
13235188
30528006
47029596
9617102
95266002
45226945
17843758
72732132
63387594
90292496
94797212
54037455
32093814
65535529
87596763
46097593
58280818
73209133
14089509
71741006
91799773
35059112
72860109
14575904
17152244
5960312
97762058
88319249
5757143
25534543
54723285
75663985
2850127
69823879
2863199
83010575
34678666
80427111
99471506
68311399
8342337
90228566
18249452
42695884
3921604
66980454
81484420
83351246
34395878
93183280
43567199
5638429
86941624
2319284
32767265
31756085
2622664
40641425
98852641
81880758
53139011
92943110
40240272
58165011
50205357
90682822
39302210
85075478
7089194
50276355
82435025
76588831
74003421
84045595
4827496
58363698
63456732
86152259
16526566
19314390
60415413
25391949
13211450
9395750
17353105
41220520
29462273
7807986
53890330
17768208
50450098
57892768
78105154
23687014
86918951
49448295
72582203
95586256
4226813
75585220
8880845
78496620
96639424
84010733
41042208
53664985
87270088
18065893
23312873
32437971
63512523
73927799
23659752
14547926
28107527
14861761
84758723
39937731
59200500
72757816
69527912
89929836
54378804
94979957
19891724
1047444
1841616
16781541
29021789
92638545
2447226
14087701
90400709
5535374
79953943
68809665
29949698
88116496
232533
62987358
16751431
92158166
55925597
26391418
55108654
93841719
2754970
23052536
78078228
81704743
6588036
15291993
49717871
28860512
72355922
85879857
22057597
9341294
5183701
53000135
80214519
20547490
35948018
84285369
50554239
54150552
19156165
81101240
90802996
88118575
90426286
38976685
16215431
1850019
10619041
44170393
13192709
67064017
52066756
62837611
31782481
74274960
29658705
34547481
57559768
14892105
21174882
54442514
18904514
44417700
61564081
3899247
32909130
54700118
52668502
96433463
62401483
27189414
79672318
67477436
22620991
85906236
86249562
35574971
50830931
13644493
11568003
61507684
23149522
9081795
24442231
56602254
5958825
6517164
67613225
67478900
11563055
14831995
34322217
26138983
13743692
48523727
24069220
54501423
94850638
38717831
94081527
51584032
29207596
26789353
50713403
75978275
35742358
88524641
40988749
73079195
68213214
87040295
19945634
62063171
98708791
4949826
19334437
11524491
60679584
66346429
71735335
82360364
27606240
51588886
81267562
86389837
88574656
62949151
24531137
62812823
20327433
92793913
97346697
77716993
29887568
76541908
84900294
44917769
40708137
15798427
74807019
72577441
9595036
31241069
32310326
72212103
75480701
19353217
1080201
98699284
8914150
61895861
22876640
2165211
81910822
81036943
93662318
83126069
76923478
36277071
61766748
98615657
33376564
49485326
48212459
51581332
61378208
34939466
83344781
35786560
7763023
14965111
59799043
56866841
70036314
92475665
30145263
56122140
93078019
79038066
44431317
23041154
38560100
35332457
82212825
13056471
79528391
71442797
80764167
31964051
4975786
55363155
84450557
45735940
30543637
2843758
74801475
39977600
70209266
99889125
80163862
3917882
93664870
58549014
20813699
37117684
94089786
77543623
38477577
58593827
69296942
26590293
17479249
72567636
86147792
76379307
72433779
8600837
31119337
49961774
24392222
51837874
76879554
70899207
59859586
6484243
48051644
36865813
73761486
44016208
49063416
5598993
70818611
26898139
21181387
17798759
40991074
80108326
9448572
29345074
10508446
8486183
58908985
49394206
38274179
62378247
9948221
62525584
5789750
61534956
14391046
80840808
61892559
33724137
82251291
93226031
30552781
74768086
71412063
97959275
34366051
12758088
86251299
96354472
93700748
10767066
55424236
97253080
78483952
36346784
72947344
83615098
5568352
45338190
70463209
58258467
94984882
56973497
94411846
47881206
95763080
8209174
67227572
96658353
42511346
36156451
68805484
65264892
4156130
2967273
86833066
11122794
52339724
15694327
61578578
13687368
39963275
42018666
70459281
36971879
33032776
25051011
41815877
12547579
2954678
62514586
79395812
56318053
68576528
81536356
43897142
3879070
43432101
63268051
30814938
97730922
46963922
36647302
29194338
41918243
35550994
58411269
26465275
4458194
82622226
78087566
62854163
87966074
70434452
91565424
89817187
60042109
13186176
74052015
83795516
71277440
36180897
21056230
98889570
50909239
67807254
16922909
4218612
55233613
53244461
71642967
45738652
75019516
29384868
73749447
51111366
1143068
9639318
17615885
26584300
31209007
36129930
82965688
81385410
15772927
5449057
23764889
28413898
74935264
5664978
28389663
41709131
83640910
88549607
18881456
85945788
42231479
34643261
43078542
43840434
76521226
71206346
20421059
57926876
20400126
50643698
72643056
37160163
5061944
79280888
94909675
51418219
6591396
63852621
61486794
51806737
59750653
12891885
98861819
17062017
28682136
98805524
84107440
67223750
48214084
7095602
39731811
98424791
23380746
32648390
30023664
40465456
8192995
83457563
51722266
34896856
18927507
36459070
46998109
33585239
93200930
83471126
46370567
72073551
38936002
66478230
79474186
20395360
67051910
54335205
5038134
51715182
36903500
88938632
9451239
92547620
3220525
45591161
94589204
89586116
29652428
49817714
95030831
26887822
51349577
69900540
87712802
7941287
40296982
73222601
99125546
74070222
86696680
95260763
56938191
56909953
55251833
23736893
94181090
87435876
86154645
65719333
86612901
17842324
22073646
38005535
25267256
74610588
48453262
32636601
90591757
65850758
50631872
55881030
9723359
41667563
70565476
38137270
59371411
14662876
60042635
10301441
14954474
49707425
47539930
67050546
84972093
5893861
49512588
82363230
14726676
39235387
38717571
85800940
41359884
83830397
81520279
8153639
3600254
1017327
36254239
96393004
21986398
71914414
58257586
67491205
89397287
8981030
86778330
44636470
51142613
43791882
86351191
66156713
56031945
66535701
15939262
756538
48022503
58896611
95857688
53505086
24011851
76577172
24411038
69590077
109341
41991681
13069569
77717696
38598362
81727664
90517716
2843294
70214757
18700536
63261467
6908829
46426653
14652788
97194877
9601209
17850842
63378950
73662470
20382147
34392395
25807343
65203603
72539187
64658516
79833664
13772824
46356757
48518549
52759921
36862412
13492032
63770154
96401613
78974046
54640370
69302833
33193295
669164
27063462
22645781
93918025
70440245
20281799
58130995
25917504
97839128
86359231
32290339
65976312
31422908
3592353
41045821
56317830
46230354
88932808
3466975
3080262
62658025
93197126
38261698
63721630
47684153
45423911
19379677
23123735
62601530
29911345
81560992
41463529
79460123
66208741
80758000
346446
52982719
15466772
64779929
37945541
80363862
62982966
58466926
51081118
87716467
70292236
17047977
48982396
32712702
2880385
14379031
88021860
71304628
30551940
96206643
40864274
34963827
4032
77226968
96461836
58610231
20061835
27562802
17439035
28296907
20869764
20615772
71253749
57490882
3785779
70200661
57624437
3769385
62644009
68774734
7443340
4030338
76746579
75427991
56952415
11651277
93648350
96896883
4837950
47066963
72212886
10173239
23612668
55101187
98752221
99940729
27084901
41121975
61686981
15556105
49635652
93756501
86657123
17057672
16896488
36204760
51231972
56280811
35211372
73716207
49494084
94798976
43043276
60134754
1447242
23952129
61218993
2214176
70219465
29789281
84619624
17599313
10415231
54396051
93890592
41315050
88999289
68821187
32240679
36382163
86268177
22345274
17515218
73768387
56955058
99678592
1556130
77220124
71284207
29491167
42055566
38501929
35486986
70178626
18305357
35235400
58634522
66889499
75340834
70188912
27609160
85200389
4763764
28900662
83335752
4440715
61684240
9999446
55889648
15573434
35142037
21419059
70990292
62849189
91391861
5603812
73972872
59145397
96546903
52774497
69769491
19503758
45557280
90794606
39889533
44133075
83940811
90162680
13459990
34339745
60942744
97273815
86313549
66320030
96568638
26019080
52209980
56659864
82076964
15935804
54096080
77600620
25263609
3758393
32670153
82304925
304863
14656865
77075426
28495438
53843146
66814122
96624164
14614195
84835332
55903114
34041032
24920337
67645816
52228156
86587238
93820688
69258455
51583055
13690995
82998956
32225793
64317899
92336895
85624988
42913396
69995824
91541394
58338793
42557000
98892165
30608223
86410458
59787847
24325924
61396763
83247459
52118770
83185208
97441562
48317496
99523251
43397908
26111759
95408648
50235993
92669480
21602040
7774976
25598032
90445776
95917877
54592163
78139789
52632811
66840273
12646234
68917608
99197949
79295715
26176457
25823209
74926776
21710266
58404164
65806889
44647011
85257250
37013284
63126154
30380437
30637467
94912260
4988367
11243523
71041648
26345710
69143521
87439416
98713191
63503864
11559735
47052634
62082197
26668557
35955165
12148252
16260655
84273813
72683107
26349351
92953532
29914110
49245203
58333505
13129890
17292630
90076026
430374
8456003
49878084
77542242
66018387
72276900
87278864
95088087
11241780
81292465
42637233
43099573
52449491
67686538
39910901
9662840
3916002
11346797
2991176
10174104
67101610
14092628
56575516
1491839
41824486
90643213
19967805
12019430
52917302
30073665
15567192
36118094
92385410
3451687
52921275
86886189
18544329
16937457
7107868
72686298
59729827
5588634
50965657
36491752
66495623
31947847
72661594
79469302
55963583
27085485
81926408
22498705
18777024
47909163
71554476
47342936
85191814
23782178
89370960
58420974
15996387
25304503
46433385
77696805
22800825
36948796
20905507
94451578
57192316
50153876
58632636
31074185
55399088
55717802
76535644
83379119
96200838
89997600
52272340
95783846
55677319
23883699
94519267
59147262
76791888
41354976
77713786
69340031
92525891
46284970
32506844
87593393
37829091
16135356
20614011
10971493
4789701
78408548
92956723
3998529
22794614
1770773
81341844
39863862
21358351
52860770
64380591
48834399
55466479
95084178
835848
63721214
28429522
23554483
49849806
24032315
64431714
71907594
17789044
57713066
6311019
46377223
34993004
54847333
31454306
98535980
32524269
45335408
4618409
6990926
54480290
53641398
41132097
94790176
1675674
50510603
2710325
48585468
6056252
25778393
55850579
70408885
81941312
75573872
75007504
77342629
8899344
48950086
40545213
28843661
8612716
86801307
35627612
60898888
93203698
9411649
76488344
48266761
6137335
767694
22497703
64980308
15316765
24171881
17763265
1939034
99596080
93379594
83584072
76978163
45043280
94736027
46831636
93169610
46009009
66406530
51921019
52196322
50329036
70886588
42360050
12637985
57378769
66263510
84182499
57612659
11946806
92641219
76958488
48589212
61690224
74562497
76018637
3024262
36673866
46888848
53042470
54843367
25802916
40059359
70349438
52140081
8634130
75076641
11580
14789370
88947520
18247284
6579024
42756140
75123882
11228522
28515595
37919413
49765076
3167630
53351022
37667504
82778633
101169
90036510
51397730
92784309
65775734
84289525
50774028
11388709
89929749
43125064
98981228
60630277
29695870
10689502
83326930
57646852
53736991
78855691
5680075
74171688
54955480
36475913
67251803
33885265
30490436
33237296
33469130
55648115
42908015
86696947
76884783
6353609
22299885
87591390
39524825
17959298
95283959
67688708
70354445
21605173
74311489
17806148
4771927
66395066
33686236
9990462
92510132
28492781
81373667
48049529
13860255
61638902
13842041
78432041
71506254
53774088
99664975
55447830
24251550
51488154
72130291
25653627
25121539
65519135
60585558
93966094
45431222
53341673
20647916
68057745
31755525
37394391
16993705
51970233
15024111
6547188
6013412
32644004
80664248
78660771
91227381
85312634
3183270
20435282
71930485
54671152
66294637
22454364
81035083
53682227
57683817
15736296
69442634
51910470
74688641
80371683
76490855
46638842
25082281
35013670
45131700
17718446
2289544
636524
12092564
20146423
38613756
48762661
50300981
1742442
77800286
61673328
41060183
63899277
23924326
1601658
37550809
46057491
30957972
32858220
4735824
73370358
12393768
30246867
6886867
44502988
21220809
12940433
11809826
39640855
33821694
94019207
4168024
16202463
41969100
48184193
49238694
37207668
94038738
3274361
67278595
94329808
68225726
53830283
95661762
81112154
19116791
35916162
57573119
57831644
25639148
49808404
55313257
11858584
84627433
50348577
49599362
54984993
47110087
70362831
67748833
4677942
91407476
27000850
29617949
86310243
63747062
14844282
4950071
83817842
60820985
71962928
32282194
80623324
64950945
66549850
57614267
57835811
15847283
15991082
31404860
58068684
9130540
29778888
72343061
91906244
84858734
72031567
76078347
41450391
86736679
32845761
46735636
88325866
62442877
8824477
10392101
16837901
59149636
75609
10043374
44096332
71315608
97654360
50652538
58126694
48782282
33695394
12650575
55777386
38980975
87802698
68314637
50370598
62795725
12465050
91622985
22948284
80053693
14219624
60457576
50354756
45233554
84259757
5982570
83839318
65379877
53742560
28475061
93812970
66514058
125448
20359375
46867460
76360641
87446612
65043305
5710234
32650338
87524433
63546403
89875950
91240629
89302659
39088556
11832331
42758292
89298850
44320878
96787383
69128319
41254430
26977279
51759475
3016615
89398457
62908945
69235756
52869676
92918446
26823994
78402662
54663265
14661116
97662282
23207382
82478870
17994153
55851402
9184470
43841594
87410800
6873722
6111661
4947971
27588703
66701374
61711366
32939822
53226921
27583330
48204347
41835708
55397263
18674065
54739849
66655533
64919751
43040998
75415964
67888590
29589324
28666918
12041204
41236525
62105372
73181843
24751317
67663327
66561707
13963568
3116486
58372089
64235133
38076866
81683963
54812404
51106079
26715365
95487627
9818758
9677627
49128281
13222305
18263016
99993899
88080679
58262118
62861570
15325308
2945265
99495754
85637532
93391593
27689171
66240644
3778199
17423376
90934075
45036816
67717101
55826508
8371247
97739255
15100710
21855108
23088902
85589858
76294012
51879801
93384694
54478571
77035163
99740342
33565897
95909470
61709302
46021777
5422275
16334243
41694743
74598231
26980715
47213778
99004420
26244007
20364999
5801483
76461523
61087479
78093375
77879692
18985133
59284725
81142117
85177084
23606034
97587122
93105672
33758170
57946111
80439654
79866886
58390234
35777765
72577764
49455886
94000283
7772992
43385994
62153163
77998048
31658819
99571214
72756447
73247965
67255190
22851914
85032038
7074173
57514580
89211088
87154520
26033108
92065439
25588177
20739989
59634353
31753686
82171040
57565470
54057644
95350183
95808503
75165733
87446847
50314730
14016184
74437037
47984059
71735062
95311099
65416598
49594964
29132922
87070849
77154980
62761614
80893139
94058118
92256925
12657454
88609315
69018258
14047734
36090190
25141220
42994249
87731198
73027222
13947927
24651834
54631471
22375473
67732466
49635307
61271864
8897128
62851240
49334999
2354804
83185343
29646043
81755774
19604300
99335570
67667696
69952345
43937947
29615437
87854803
52074994
80500394
51447574
31505771
2250342
9015323
35184860
40654521
23999862
34788604
35539613
64044583
26966204
39091244
25436916
10394313
39121148
52450506
69401678
14472774
39365333
6665090
33204241
48749709
42876224
28607439
50970298
57052447
84992581
55194912
40057075
22860892
84213168
80664794
74451314
53236391
98475339
82585773
11917858
51912107
99401585
99506611
92445941
18335382
13551162
63169070
13824599
35723236
21511963
38024811
54802197
29708561
99679381
66816855
8592834
28242768
97291498
32340053
76048900
26511003
53170859
22038329
66785229
84587367
90958713
52028130
95901535
87591110
26536278
94067936
51993918
30927737
3598761
24927107
3107178
20108187
40510235
62743290
9981742
73743674
36123830
96040491
70125046
12455757
47405916
69389826
96389422
32837766
70152583
21468099
55835523
18750685
9770465
80640681
32605800
48637016
12842509
29779094
86305559
58259379
3783171
52869423
50278561
80261510
15683314
54032187
92217964
32378300
34467697
82326339
31202932
40260186
86474502
27527309
88981251
68472321
62589014
32009106
61281836
58635441
32661407
98182708
4719791
36127088
41448779
42886965
88133364
47090666
80741007
22535135
47437561
72258768
23205768
9621088
47000732
27324303
13317487
92636916
67193944
7979439
91526083
57789379
42473107
94742891
95440508
12449966
53056646
85607253
22481916
11593328
24894518
58917643
234923
23262666
87282317
25931472
53264565
50018978
54994363
83074674
58469463
23748803
76677616
59375124
51111923
14926624
85230909
6816605
8414217
34339623
40165471
69163067
83960464
18444535
44450884
31545201
44630133
67788318
6493422
59147459
48946370
75572852
9780803
23228842
13903658
92904103
41444709
75758055
12270797
78172427
60237753
1275466
76383050
71248051
6869973
4926315
2428190
66488775
9364253
80799419
71537011
7744497
22668887
35690855
66493012
24076198
8159311
93028775
21671612
36600351
51080662
90409539
41709386
40321064
5951472
34936962
90296853
83593112
57477062
82146815
81760332
67375443
41800481
30882250
73917002
33652584
2820108
62843001
5184217
57938372
80043265
11667384
106191
24935815
32332560
98654346
58924803
79657289
33849385
49262526
25787228
76318741
91577432
67018888
83818544
87060207
72131753
68536350
23936321
980076
58967074
12165499
77329990
48880069
68863107
141534
68487344
15540491
44826001
57334211
38509512
39313540
27277488
4211894
25386304
30480152
19756379
46308009
10232333
70316331
4917820
74135783
52698529
14741362
53607018
30437985
39093531
19875465
48973012
76194645
96434906
19330758
48263112
48951895
34274964
96276686
65145694
70070894
26677346
94898239
21264928
38043437
56007771
17549173
34919517
48620838
75287345
39655086
14859449
79270502
31411547
89990822
99778329
2999983
29254057
52701307
63432100
95544904
45959738
52986356
41435739
96014639
84223517
33931785
23568028
37261350
33747055
80790938
28233934
12577785
40063153
31963235
34630407
66458620
42466373
74055276
48680727
39691163
24213387
44138386
28236474
88087753
5182050
65866139
16330060
94895576
48923645
4451663
62515799
24043297
36427744
69979677
75775407
10252020
53383743
91811250
94435673
36961314
27123488
55709116
47627428
83679614
64338049
93577058
99582470
24439186
72119903
2036049
13538358
11616313
16075802
28334892
48635057
56067228
72988050
56081311
38090604
91504406
53922086
66031873
72164801
67194398
43456130
13103002
57433124
12601643
88232159
43001895
22294318
88960998
58219510
36033148
13225360
57595740
60166998
14682155
44378057
21744118
88738461
87595573
39297241
4001099
3920933
61218495
5564182
12347199
35832063
60416205
74729449
49091805
24749522
84256311
99479674
96002024
2949312
84502400
9053355
12451539
46258489
69041167
99064793
9241398
26150740
46124153
2598775
97199622
28378112
43195352
58388627
64683592
43071666
72246306
10750846
66241531
63205973
37219097
80076665
52225423
45819388
29578066
85778518
72852086
86441630
59802009
65367611
16777773
63796919
98195263
74385623
71544533
92336280
26520315
31677630
8605527
98754317
61353681
61157763
72540027
63949033
57158096
33050124
55262786
10235739
45025192
40226643
87594587
27009253
96136008
49132577
94529915
19578464
89113147
4419276
77971725
34932722
37251851
43720631
35102370
44669772
18974001
52729908
47642243
41425218
79024126
46686841
88439208
29835669
21659487
76489722
92883764
6975731
92490569
45017931
6354888
72023117
46222182
7898113
37387560
98412830
55873229
75062604
1621747
95298927
95912572
15906372
56528808
10766801
34271090
73697209
81590882
3202908
30334902
72460030
51695569
6253437
81961965
20844443
51712311
8789661
57791961
49607188
21025150
87571875
9085105
35040223
63515609
43464800
983246
81050467
89277941
75620341
94789258
40640069
84512203
79588245
17355350
55753423
79344762
72433065
54450593
31311029
93895762
92213089
52640543
899785
10350986
12601859
6463871
65928241
46997830
53900209
89167086
93718429
77548063
92137299
52246014
26839368
62823192
96144180
36064033
98494466
93923410
92088283
15537420
2242888
17090286
93820982
37039063
24534248
7636314
20263715
66115890
86713291
18838290
45978978
14765539
45137477
24621236
89399701
27905636
74154897
86195579
52921547
43853283
64527388
8344249
58959079
45106638
13473475
26029272
58945726
41196630
99675790
39612704
34901100
69264904
19047807
43610182
62113818
44044044
41902650
9370708
88763332
35911717
49607787
59811084
24315391
46907160
93829684
26461853
46677474
59775573
52177976
94096576
76273824
24242324
80742115
7319171
38481474
81114387
40192892
98431890
82849761
22376278
42654081
45120375
57231567
31761002
58830186
24927061
95694714
71969268
66084781
92366612
6863078
27529874
76019796
4077519
82560654
3964146
27085535
66903386
64177628
5698362
47216254
47645341
82877290
20714074
94249132
35778261
24763988
55774007
29061508
81805597
90997279
91861251
2246568
70615482
79386585
49281804
4232948
51136532
15972946
41817258
22156577
83747346
52755602
74143659
66757675
88088298
88786344
76783129
2463513
294812
84300672
81033025
53433595
44895723
15981427
71063848
7729422
81499069
9070444
58025455
49507972
26292629
33552351
11969298
90845144
22916677
92265082
70792928
59436010
86668613
79881901
50453785
23497230
22889045
31903562
3911402
20860360
87969238
54606622
56865707
33958990
16468141
82929965
34836439
68136947
54392190
35671983
4083687
85163490
42636931
4766635
94691234
63034114
27358233
90483165
78944373
80552950
31182768
58755182
20644521
76658450
37418718
43832022
17468780
60558722
17610540
9856404
17604443
71581428
12198603
37376188
5226867
17157434
84367255
81737199
92921847
16673397
28260644
44557031
29882969
21479645
8614399
9266537
16527142
39502875
71413525
69246961
49260756
66650817
89884569
65792187
89895076
70859852
55496974
8813857
18453033
1598524
60674165
37254914
17056796
52233596
94259592
80718871
50377404
75283910
98739200
4842132
57205592
49353961
86147731
27102409
9452973
61532068
77178006
77414323
17054641
82975492
19480673
55735797
24200593
75855002
87944316
66021766
70796001
56112563
96435799
47798945
86773109
14743419
39320427
12724954
77773221
77751376
90899419
27640723
8936509
50617907
47961494
83984982
2177806
7773839
40832239
92652379
95989221
44315830
29833198
54119787
59314002
72464736
95889154
89442052
80537716
84976061
77759242
31161492
81038058
506060
34937931
20143651
48035660
90468767
9435769
98439027
27822281
34880940
45642127
45818772
12959093
54134345
49126470
27804357
42868949
95638490
75887338
12569963
26105388
84320711
63410492
69570293
84044632
79034734
37177444
64132219
30558481
71780146
86505151
75579097
29958049
50057781
12088714
11491317
94841284
63930706
73476317
55349290
61440435
4492468
17992017
36929160
33960695
48967327
57072476
10098269
17143354
2593436
35042454
11658465
29372568
53534389
20909412
47001879
90516716
47959351
14633693
48830036
31409801
58624156
45834267
34627686
15093456
15340205
79634376
85980209
42969525
92759175
2415456
95912305
39049560
28736798
83922680
69727522
21225396
70219545
26667988
22237756
50329954
74087331
72557746
31520922
96560739
74717485
52873760
29006553
3164947
75495688
52938506
14645433
8679447
54238346
60512728
10476470
49432060
91927491
11755604
73316894
23627304
18932949
35041130
76598823
70906986
3769718
19442553
77158024
45089585
21312583
69802850
1138511
75484070
80291062
84238482
72004361
19553677
25261381
53893902
80563209
85150986
77162848
56276584
45666407
62204505
52916023
74216292
99254032
21985229
28411217
66095851
616499
9918005
49245600
3452213
19155891
59397676
55621067
50616725
4785266
97552645
99271129
24836758
35781546
54211347
10181851
44864252
43434372
19878812
17693715
65770174
86397104
32639267
25096544
21140864
17131873
46847308
85414470
16826080
54071633
2358511
12277648
91406845
44782575
57079918
98968119
88577856
60616301
10873438
4741077
40118731
61010290
85332605
9423650
36765317
17392472
49979782
44071676
74116419
55429647
12782682
24447232
97294085
98099669
68689821
60285747
41710545
75560448
59278590
90908923
60679115
12160013
52744621
68659146
39292598
29837179
4862607
13828257
49259348
86109693
74300739
2827553
57868570
9338637
62455886
71436882
32237107
38686355
39733386
47629406
86507881
20541352
44033519
11603859
16269204
35701074
91481189
60845121
66114967
17972760
96624688
79460440
77697916
23765430
50267352
89244911
79892406
16953730
8546355
21726626
43068236
93418100
96619243
33077808
90712845
86998984
51605751
24901648
81108197
96642445
72979561
62028745
89580446
99157630
77781862
66269075
36213476
21771323
36263752
41727858
10473675
22281828
65618504
63918249
89936576
54295280
73332677
53456844
4227927
90438938
74020524
24625167
29529988
97940642
94831535
91094907
97603498
5313994
17670068
92025233
13810094
63350174
35812514
30074280
24810686
94798257
96458125
98281341
84248605
85829872
30807563
28260977
43833966
38488522
68883934
90760502
4230515
26036429
21780289
19007955
87070039
72999954
26535135
64646401
25941447
96836105
97755970
95805328
82860986
74160219
33058548
4904933
49525810
82561349
46155851
38736446
22927788
42267244
49644672
75646240
27816531
56103748
33705386
17582553
77565022
86457063
38423100
8665773
42285343
91916951
47514185
87473758
19637749
52390405
8636652
91849232
44183891
17018000
88458088
9311170
77309197
59655500
66900977
77291845
30756949
8779872
65373602
66358570
27609648
7725193
70554729
18437506
7358228
54242653
30026185
74084129
23655952
33565696
46922580
18412657
66506190
71696482
68697988
27809199
9646952
86803425
27477779
85136751
68768266
73551304
87451009
4172623
59825502
79939203
41985298
82037906
14848163
36781316
28288438
25330077
99728854
8679494
23488990
16228528
98648167
77763862
91315439
22916733
96112937
63606513
76431656
9008540
87547742
64037569
6954376
13783523
7465670
89432840
77051608
1263928
4177832
41004711
26589940
81983607
95207393
57952930
55396457
49599144
34593836
89935341
3914088
80428940
53295526
30964046
67461357
76534997
67265251
13372050
40567070
89671722
21596145
25874981
29898312
72755546
82801346
95119031
4761332
38457591
14139261
34977128
50436714
25146460
82828875
29439165
19516927
1601899
92121671
59058797
18750752
72170587
84049762
43973964
52590423
45053004
21898244
594433
5269478
49570447
34635204
61691062
84566559
46417959
55225483
75155520
19816200
85041350
5548073
39355109
41391962
45488472
60328856
92047411
44257189
55725825
70043455
80611498
44721935
95779087
12913433
10581292
17622875
89824121
27215438
20801082
34616111
6428652
11591240
29604490
27055273
12740556
87614615
96441642
51523658
53054914
23924721
80754476
32443311
3206418
56580610
19035583
14423481
13253565
3281706
45549349
55746154
76525846
99544552
45914969
68349468
6955401
42960944
4521067
99032541
64438660
68980184
86395355
75494891
97714088
89063988
14826714
14545054
11902259
47290809
38582440
59262374
44313742
81092940
3348466
93353180
10734024
93630787
18507994
50476874
79968572
49702146
63098982
41254755
84507034
4759902
98486426
5215241
7520599
64003523
29054674
14032410
55825034
89265544
720606
88324283
71216076
18868182
84059990
77160408
39925272
30075148
32604061
33295988
9544435
52971272
50107578
8500939
7649741
32861589
35971048
48594233
82853445
27996352
66752743
99802268
12697948
82892459
63337575
23090895
89765970
73260788
25847535
47117480
19817363
14677990
8840425
685833
36163348
87679769
50987937
82251698
35301301
841630
30123521
55299365
9499246
7830272
30555971
664025
42423347
90528483
51131495
13153123
74665942
59337585
84296706
78619489
27701389
3842187
76423654
33401451
12081763
51636531
1104831
50189518
27849975
47059679
24268485
18745219
25318422
34280243
92093080
397878
18854852
49902186
827236
36839748
63982278
47774929
79740311
64675125
96279688
69674658
30643502
45384092
57734520
77771845
27859886
53872172
52978269
39443093
61316835
58695877
40511711
8526874
41709056
42279534
99520569
37826550
80757620
70528818
16816899
83812004
46153373
30808071
53919110
170692
40957103
27172811
23058789
15719418
80174038
35486540
5182779
30333004
62146242
64355756
23349990
9259235
13157086
7111097
81446467
5741336
86573717
56174277
8755413
8185943
71378369
63889365
14127218
84396703
79771545
82417716
90433935
55198719
35071690
22989450
87280799
55309045
9958051
28130308
39258312
27028846
3095855
7490838
95748245
48473772
55738235
76966662
41924478
43268263
45466649
45005866
71944903
96253416
55965502
4730891
88069803
54688314
64235671
41657283
80822299
29198354
49618120
59103755
41642303
58460497
45212121
33063326
92104307
87430079
8932498
22071847
55415315
22656527
52678383
78394331
71643716
91331473
51764515
71981073
57864362
70058712
10515330
96365084
16363052
93461169
69930715
36611099
80210336
89838395
50261322
93309806
75445430
96632989
56411105
68145341
89923528
51721839
83633986
83554204
94457245
31492448
98528656
64463946
8881720
40805730
68960633
6226717
26902419
22595103
71847081
45473169
48071414
31079904
26469163
96556076
84337746
12745429
22488905
93534231
6330361
60786400
68009041
69101051
40896492
35286393
45885123
33294907
14823992
89058883
17091333
7872662
3079105
43061037
7683629
14483795
41976583
67493244
47734928
27707320
29000385
4721906
76820959
10708089
39101761
63317275
89115115
26671350
26109604
12161131
3361282
65530853
94840754
23389746
45350162
29277353
40252387
57779328
93237551
66613348
30991799
67389116
80167203
99814022
42619555
33069703
23503636
89469384
44768243
68645899
9697264
82640324
12714907
98207139
5701175
10521310
22177061
81887217
88270863
60089311
82398700
48394250
46311344
58255604
72322464
28096764
90909503
91251415
81276578
88076386
12540037
27420431
31627988
55346613
15393003
21397375
92439110
75919236
46092958
84892061
33710152
5333706
18324745
63608223
70502275
57294886
7345941
43451592
94477083
51495920
31686934
35150082
57639739
6780305
8552342
62178899
33177767
59253176
99815474
28178837
70924114
43597147
63729768
97645008
88517215
32301783
92858071
19396507
31880774
5673286
71375841
50758467
6877766
54468089
28595275
25557707
9449312
20294201
42678249
78964466
84840642
2378446
61114851
97097160
97217020
99417629
11350515
14498239
45955549
27606891
17170742
30768456
29877129
91017837
81339805
28076461
22230468
24955230
32628547
97824622
70302199
70027806
95158108
63895299
8297194
21594968
36766405
5734451
69488956
90724675
81143256
11972262
8046965
10755621
81587971
29706355
46226239
41873964
96238214
81126445
73988280
37988380
74673818
91635160
40835242
6824115
3221011
80893235
77610167
90541965
1824272
54798798
36031537
60575445
45947121
92658410
96595078
77940841
83238516
98140685
89273519
30089057
80978372
5343042
30165769
49317945
98381942
70952244
22516993
38466423
90511715
83512704
89301255
80804261
55286695
76722596
96605124
24808577
12033970
42425413
80088942
93007261
92326304
7091360
16270073
94839804
97862119
24836322
49768302
64209079
87824711
26600681
11649127
54323021
31167071
20365090
62008075
21589857
64200673
93518286
63237707
24948922
38695873
28862119
95736990
23091328
127353
36013545
35694607
5422652
58539878
9329114
83847036
98878035
77386735
99875906
49944610
22246614
9550860
29637667
92131914
65386590
78041017
52299788
54966637
52491203
88281604
52800396
96760891
31349215
26195638
27050963
98426562
14414385
9815630
48853800
75800649
43174508
71310856
23319676
97410204
59049425
58362119
49421701
3042789
60424049
38263234
72345929
3070423
33034069
4655552
96972259
43467020
22377455
65663160
75102613
84138221
37688765
6236672
25783372
28912526
93584088
26418664
44331881
13657940
31419239
68787737
93247640
50308997
47106599
22498794
47650653
72633320
28062138
93597512
54630449
87148102
96182122
47858086
59863961
32165028
79879127
74128954
31061750
99050235
34483362
45946377
74527885
31378673
2603512
41220599
36508650
2281893
34552572
83447781
59466262
48897978
22336068
44291358
59786268
46611240
98189338
56560501
8989762
26801961
83991589
29144596
47052992
54383305
71137429
53245887
56055292
3835988
30076468
16615003
43918777
92363750
29361354
87850607
6368467
9754008
51068132
26390784
60279989
85701653
67063228
5863896
62769767
3044838
95439646
96777955
94511650
37144032
65633423
65084650
65698336
48763318
89985184
80445300
86381609
26981936
23532720
65655734
40725774
19795406
94167171
27309459
36625695
42925140
69276704
84713750
95027486
63325770
79820369
60902592
57993898
29778769
35557641
80655735
51022789
60000273
57537841
27436103
38192886
91444715
29710076
56254147
9222761
8533802
52980624
24070138
23403598
23172244
76854570
38403622
5207543
73970969
8241396
49373939
37703490
81629883
66026409
40830160
18212319
4595876
59063201
91849810
21373347
41782292
67735732
7796001
97910077
36486058
58465255
39622235
45194938
49474778
54695497
58168368
5765238
96200012
23852002
1552877
16543157
28377800
61228149
59814990
60301552
104962
1835997
92647363
66433689
80293489
53965658
71568278
47843238
54703709
91186511
62224776
99978528
8675632
78587148
96109520
69788461
96699456
83397271
15374205
62139076
43059511
99245902
67481125
27991782
88709906
54364262
40170431
30207834
60164545
70491037
65389668
13190526
51492919
50676539
78909701
40208829
89456947
96840253
50998584
22795216
45447138
1946462
87721812
17710495
99017029
35603780
62499162
3396471
74237967
71959924
73322993
94217033
49972534
58284392
72618445
58865811
21689109
90139220
29951837
93196836
30446839
90404851
34577435
43211295
10673389
99479989
72976112
78937783
76215767
89477053
52760532
29810949
73875779
46006324
47168267
35500543
18521341
75826518
29975815
57855418
97206692
93607910
75442
72253917
26885748
55978552
50006170
8740772
69937817
68800683
9594459
84267912
71039404
29202320
22877046
3364175
81929198
28721443
77865051
70007619
38343883
61060812
89018076
63995112
37266566
54017698
63901643
48909739
930217
98792452
61246016
87452793
52302483
85865444
66774377
86024309
83732905
73280407
42748545
30759552
7797353
18963442
66396126
3556877
83477666
46513573
1888571
28282446
98218227
10697885
84487146
94919361
8168189
5213993
97044866
34290832
19025554
98736187
45189153
74143190
41770940
66478025
57193058
70325461
92090768
92452754
93536770
30604234
90652906
84044235
37214597
8200650
76715443
46937993
35654998
6195414
9250469
14997614
76810820
44246426
11233296
58676714
94609040
39571579
8743747
45718829
9087999
62919902
30257441
69739127
93218743
25453238
84840046
58228708
88323037
14873745
80618818
36535430
70855501
78510913
7315100
49305490
44891983
5306201
27883005
79417919
45957763
7235923
14992408
49834775
39612924
76137774
28312535
38038938
92834237
68952767
25283704
3642978
88512766
61757798
27927262
68592567
29962482
76083107
53032104
51126101
42728405
74940482
24058427
95149497
95964997
32581530
52905719
97024274
43262094
22170637
71723343
14409422
4946128
26843629
78889047
25404357
47939296
27427144
77785581
80092050
85405226
96875512
93255532
85917066
84860425
60735816
84167069
33705531
80324327
45799774
65652058
42306165
83876767
83762480
9835571
83007104
57812115
2385030
82630639
69954367
70958611
92780511
34377181
1736520
35146292
41479721
56077208
66644163
76676374
95925955
70225411
72380717
20966898
41643992
59583646
39767720
16121164
35771001
50679437
65119925
90336592
7176333
24666608
72641692
67931560
90359116
42551538
38125748
24251668
57076749
6051000
17539988
47633580
14509865
28930439
94821426
97543907
50233017
16148837
68124481
47163698
81556933
28042459
33966164
14507025
92917053
73111602
69370793
36261378
77010344
31861040
25314213
39389490
18032039
72492768
94976552
54631780
41066226
2974441
95111657
41080125
62993069
47524383
47967069
22605825
10863322
57239968
55488127
62047867
14420880
3647443
2178257
93593883
90547469
90439489
27882884
16967062
93388388
53330722
98218107
75078124
91873772
16521014
82529222
32116293
48332826
61469869
84372819
25134648
22967142
56364572
89407502
30298588
61404502
50912599
78360401
86112417
60046290
51852965
76747627
74601316
67455768
77356618
15547500
86947907
53261597
36455557
16538793
47765996
83620813
93404496
30370445
50550502
98883076
89913148
93992493
40955480
44623395
22639682
52990989
51693041
45094553
48439115
49486686
23507203
35436405
481337
93806642
32262836
77630331
57445450
32210597
14150408
14453520
17317704
18597299
59215203
36193125
44516823
51706485
57918710
50804418
46877476
64594759
37059093
52274156
36351724
20332896
1520479
59510742
50824628
93853664
14319337
2469798
69150683
72488945
77745282
40051190
66775335
70294009
80366330
4500713
9053189
26137204
51997801
17612105
35783761
90564296
66509653
39624391
38606000
39436788
68248274
40981643
86691037
61337738
64467756
17641882
43193605
23195648
53403707
56879389
60905762
62510326
14402851
74468059
13944694
75386601
70556991
124797
20509982
58992965
97881405
48492878
52684755
20964811
1607776
86078670
63237361
92794643
46859741
77874499
8103699
9755413
71917559
25899249
44061541
25461583
97293084
18423827
51418970
82422553
98456314
49087670
21350313
98387193
85929558
62891741
45827285
48980763
31786124
74490901
31894582
52301772
18620485
92121873
77113178
46539842
71518688
43328442
41786197
49311529
53616856
34616864
15671113
31381879
65957216
65700659
27397841
40645411
36490287
4373139
46352190
58261236
97752596
48649105
31099686
26997921
39257221
24078307
53032720
73612469
88120751
48476611
62592629
84028200
28708379
17211998
33783760
26934004
84811197
24086394
7709281
28900392
24708125
15476051
97747083
31339344
16388317
55046486
88045049
65846854
40402668
20985724
53528034
71252435
619843
65893116
72426065
49561038
57996177
82139899
3088835
62178588
57932985
18958632
6574334
34756028
28738320
28181242
95150131
59892669
50969430
54325191
60294070
18955592
26929347
51809870
74836184
28425632
15073833
85444322
57118771
63972561
47673731
74101073
21854646
82897619
22108259
50715076
62779734
39608598
64529539
8442851
58459229
36819958
15065638
58862798
90177689
82525814
90633876
93759969
59845500
35918179
59521213
81174400
25280723
36458142
90319478
55157579
95771757
72889497
35308305
84634750
14517503
15724671
76009946
55544525
84858919
6110141
32342927
11731792
82110118
1647243
7658093
3714031
22653612
22738759
76275770
87215926
98024200
92813627
29024070
13509538
92509015
76275762
80106918
43775216
35136866
31811557
7800005
449704
35089280
88256687
43155920
44930247
16416809
55703101
12517298
21919168
91252358
41097162
82640552
61133956
97054494
12518650
50586642
2473302
74099346
20846249
13350671
14907023
54195402
64776725
76757307
36548098
67950963
12041789
70123768
44981220
84901200
2549612
14490040
44997582
95161286
20515174
58438577
92558665
35769925
46282960
97574568
82521779
43935980
77530366
93176136
38889851
63381618
3053539
9709745
78286253
67225285
19725115
37491681
93636063
15540229
67652063
76564645
57366669
5848526
58787308
39517032
87946436
39218014
29563717
46341714
50333539
96634758
75395875
78265806
97392428
54181588
35512688
32728378
10948913
70974120
66826978
37759323
32575540
62573769
98487373
11159344
92613599
75243874
69221407
28303895
65330648
12513942
69518164
71212763
11783488
85607670
8020021
56314216
33335146
7965071
51013286
9447075
34979754
66178263
50233645
42064082
10832393
44458617
34888583
11609973
91896182
4322292
31817613
73708238
16803496
45186542
91617338
18234651
33753963
78810936
19379385
46013197
80685905
93061139
55608288
69963353
9431131
8679274
11230842
39689289
59638311
81656209
5006364
70162520
83532440
6612550
44749672
80277465
1436120
75122029
907671
25386539
85874897
47030131
96937559
77615392
6016853
31931358
30966980
61728990
22942444
73745535
975714
89937150
52415390
70829180
55567466
59845697
14755883
30782770
45925019
64467824
6091656
11044292
81346664
9259024
33142911
73149859
80854808
16533032
23252488
33620594
76831172
51331425
45736205
1260606
712984
11940885
6392939
86943738
8941083
54425034
35560771
28805124
20666646
31046610
56850999
98268460
78617716
39514045
24371819
85755313
17757937
90961556
38107081
9888825
13815218
4813272
42630364
22063177
14861013
37289835
18398747
31674356
35302320
80766249
51087671
22371451
49295735
78542184
84022430
78492128
617470
23458031
94903731
90399484
13534060
40866416
58946671
79927297
30337270
52811321
81986905
71627723
77137101
49190737
52164796
32085767
15406800
45118182
85373872
49252418
30118416
98765038
77991310
99284897
71891880
82313441
84654811
3281677
11174827
51821907
54822336
79321532
27877304
90731200
55072516
25800936
2004266
50213651
89787683
48543490
24781025
24780411
91782875
90015433
5688249
62408884
62080247
48008857
16001486
13391647
15585823
90651940
92924033
69313361
97609000
63375041
28547541
70653159
54431265
43084021
62681159
52776541
95738553
33757022
64643159
5783609
60069226
81087661
13601815
85100979
14946169
99147410
28075923
44197622
59648301
35411433
7751413
84673498
7467713
85866207
17648119
36333529
19849578
58310772
87268140
19076648
34710073
1850223
37768908
56520147
14222633
44780748
40229895
9922894
62494030
14111052
48554220
66343702
65423114
52569456
21470171
83495921
66388413
48760151
34104512
97826070
65798696
53387256
84482826
15651549
32384990
47950677
27454967
73181833
74442297
97649015
20225728
59298621
17471711
91393097
59281949
87499813
80867382
61908725
62715135
49491290
94652688
66707425
61840130
83951068
48507985
79936749
22314299
15314804
91662968
82815325
95620502
44142389
14724601
36698983
27238663
32914143
42933548
75813651
49961957
35542760
60869205
77277922
83638281
9623253
14754244
6272825
80833163
24780711
24302830
11494104
14063927
88516021
76116977
96202454
60255143
65519659
20993323
39618250
94159749
61801257
17074618
54785524
9126544
73929853
77990529
96641671
36590828
63893968
52122100
33537883
24936620
16855115
14658571
28694645
22638510
82556708
31476221
49764252
32383588
43830745
81435296
30394126
96222530
70225909
39324934
72063956
82861683
85909621
2926539
22996728
82917888
24470926
82550666
55044610
77167934
15489399
53351848
92948496
33851501
13226252
32692708
94409691
25129601
42722946
44271951
32736452
39953983
23189188
56961545
66567357
28309830
60395165
87769939
33253069
71518688
40725274
1020099
82986833
21270565
83849655
6533482
86944300
78096153
3839249
21205788
25803733
15977973
93269608
26550675
12648416
42726343
14371553
54122092
63528279
4034234
70001204
73251340
37736797
67736210
4211121
94469067
29668911
1587615
73214952
20848063
17472724
96756374
77311052
45704554
55973212
5051880
21193752
19988945
67294443
58406725
70814607
2049572
57044282
47777979
23710574
45110044
37854333
80536257
80479941
72452233
98023865
83979408
15820200
66637796
54259190
5543267
58925077
74600947
69416680
62242091
90381496
50724218
95696338
79096658
85893208
28077484
53153021
43086688
2760285
62407520
15224732
99054470
93857963
95824982
23570753
42476526
78882298
35456149
11446547
49613632
38843671
32267380
86719290
11518878
48973736
67526861
89470766
81949420
91253344
35947508
69655044
75141522
86938434
55184728
23592202
83726007
83471788
27314010
61783419
23616238
53123653
78932293
68329129
92545355
81325466
45365297
40486844
43742884
9376480
75944315
32402945
54848484
38958762
35486894
51079834
17036780
40390808
85180366
23269933
54517801
49905819
15966431
79881110
35342748
57346532
83924667
64663103
42284123
39537347
25121155
35509845
42364538
30591859
490170
19623892
81719613
88085485
8729413
41364490
49196436
49928960
11737208
4244763
90273643
5050794
26608684
5077102
19317429
99366834
9572451
10370002
16576809
52367325
17706432
12684324
65437312
4839200
2354022
17098057
1189777
66113181
90838378
98463883
59192974
92591183
68924400
12860544
35744005
37376687
70399599
83004525
16402494
29627453
22331371
32107514
56822138
84138431
60188524
91721951
24337904
64065756
16986293
46225177
67698374
78449184
65454452
30428862
55091259
7725476
16786300
15654253
70049223
87247193
36692496
52826953
57143339
82392031
16543050
94574023
99985673
12612398
72515447
69341885
55172290
79283167
96065966
60369267
71826195
88546110
53729295
92697950
29253661
88231957
22056597
27939796
62721813
54638280
96313178
9225048
31701625
31822097
78199942
95956392
30189754
14415968
25256916
42823639
77990402
68303049
73858617
98955013
16585203
66452654
38349015
17739094
96862620
5414052
85763816
22330120
81659795
46249236
31389443
13854416
8128167
71928451
50708933
68782138
34080708
70857534
54487417
1286224
78781115
56340099
63384742
50136166
85200888
30164389
81960243
27032139
19172730
165994
79003521
68216668
23170165
50369682
17746328
75895085
17315302
77322466
77856674
82978609
94324335
1647496
7014282
87044260
51950553
48201308
88921896
63239041
15915144
61876167
20139993
51296099
66341860
68965114
22171777
39796881
2153082
43986629
80427389
73234644
52531718
41240735
64242104
56222462
38597381
61872678
98288069
90488422
25019476
60114818
98044221
87898624
1795855
29385509
89554065
18242379
42610728
96629596
7654291
21772898
72272232
32491838
70400948
74750558
84589821
61965640
52334874
59577467
55168692
94475003
84205380
56689214
11066535
91005733
30921039
32406208
59719706
27304021
41186485
52772781
63065234
96290009
28228480
56675106
49530359
8553158
83870485
92875156
43923783
45837525
82120583
29577170
15316157
22187565
6104052
8364975
73901302
3664081
91297207
96072092
77762896
75225843
61404623
81404798
47858496
40661651
78309698
74609254
72412513
11205855
81867498
25382827
54549129
81885843
23536604
31405907
87003547
83341230
73127972
12724584
3664606
42103665
10393807
32392957
65508140
5470711
11453018
72480133
19711641
12160576
61871816
66272914
91690763
68269309
29406070
7953802
77833516
34455708
31883506
40231371
53515778
74352159
11953909
532918
51757726
23790857
75048864
17104129
11421834
47034812
69614650
7420565
21131308
69801193
42022122
50313979
62462526
45658704
82466970
12629371
90189692
86439180
99357988
83141234
29206102
75736006
76622740
75009282
71894312
83380216
27543023
6952083
18232263
55455921
49985354
21578522
47398561
1120842
66922435
54518147
63050619
93011281
55859542
18140070
32010378
80231574
59368000
93312309
77525941
87405002
89147506
96968971
63220194
89627057
11717683
21549358
48590003
80705912
89974208
6231454
77391998
77759531
88780106
15310086
78476773
46190448
19521341
90141029
76836269
28991222
61509662
8223720
51322935
15800976
63408157
57807799
6102962
90077558
66762073
55029596
69510480
81227518
80946528
95697220
45096380
10335872
85250486
49858407
4800541
32083704
54789180
23596716
30120662
98331987
5331677
16164528
15638452
5611315
23207784
2337380
51170472
33317951
74861868
21426193
14348835
63696577
34591474
71784113
66739077
55992333
83497823
17959214
3971587
63848608
4752584
10719044
80369140
21510017
21083800
22346132
72363625
45351445
30440835
48034889
22443087
19305340
37176755
62395289
507987
1731569
75255164
38495632
28423637
37152411
24001200
94373854
54337617
30673010
84319895
38552523
21906808
12131988
18819170
21325916
92322952
6689939
72956167
90093513
45112415
43348144
12248872
37972488
81392932
40300229
50630783
60076257
92290362
72906930
38805834
85818855
9298406
88105940
94713925
23250101
80235720
49146478
567965
27750217
48556692
57371397
80252534
52770215
45490066
7537371
2948082
50944366
3680837
62443163
91051509
59167777
58062853
67793682
10701506
66429756
36317641
71018426
89302219
72241955
79329746
51316604
71113488
92758490
68678979
37447175
67437636
46430737
63242500
24768230
26951504
26232358
55047201
75064749
6925211
26378786
6125727
24787437
56839053
8492220
79135710
6256682
58258000
18429512
69693322
6192706
88135343
58243535
68045873
31717649
74892058
68492203
32568717
68299693
26747668
66036970
91802678
12207623
69596919
12829568
47396314
26687089
87877726
89076868
42065716
19113675
89248962
49767358
44753784
6106777
53671209
27529576
73684144
527636
93198736
25537589
12823850
6154079
74848859
8636926
3690397
62996301
95480840
89591017
51255023
70194293
46561380
63092943
2046753
68775165
66495644
60160904
20649275
47379831
34708964
92351449
29124004
66661724
74608931
4712769
65975534
85672618
49366066
79257462
262376
6715584
3672240
24394054
76225844
54190812
82750857
82318472
62539109
85402942
3723345
71223421
46482818
95618504
69634215
67301791
55665183
28782316
91301375
29641030
80029220
36434896
45691691
31297597
31228750
38297229
89505559
23215215
79384311
61935396
54868487
7104724
17946444
62040137
61419115
71389643
80262815
58209499
74088824
62442046
61091927
88683178
83083136
87634212
49076056
97459297
64953678
45423836
83385058
58182519
91388242
34258556
42752102
49566755
23280503
76314873
76284684
55427213
56378010
75649342
51065796
18311357
10754846
6216124
18919941
57941166
21221640
92515834
29513335
91917341
83265869
79526965
78692510
78279827
76627377
48954181
90590356
51841638
15123196
87757896
96891946
45272544
61618968
85781259
94102282
20316990
13276426
70177985
30866126
60927711
28725151
17931483
35794009
17794985
60095294
90332892
25701366
19548681
27643588
23976419
98793707
32211531
18150971
61552087
49556621
76531785
69702975
70477022
7311903
49277298
35461261
77061263
7691091
96605611
71384827
69905570
42620790
95846678
84562777
35813671
31969217
96680683
33083660
78963875
64132362
52232430
25781821
90733698
98865547
18572404
34796444
6651898
57493539
28069979
29259795
61026677
77719088
50669086
90956884
18316847
5046929
62428055
69140474
53829538
1795567
59428757
39509120
51045016
86599646
42321940
86422284
48116650
90568061
26736202
69202033
97279985
3410470
27453139
33144105
63547212
89436675
69231332
89404512
68481624
16599175
1209976
35370322
27777486
62180551
68897502
96437577
88252908
13148550
82600039
50688811
31222422
55709535
88547290
82507412
95603410
55097010
71339433
40337808
17716459
16679012
20827816
18841837
2799714
53111222
41489662
75414163
31651850
87482639
29100115
31837131
11751167
96928394
82532117
43231644
23308734
84244830
82638894
59747480
16052946
40822495
93533282
53846126
81019481
45076978
67355253
16877010
8536903
40773521
49129588
86002125
11818218
12820722
37806459
89500096
38096843
76556198
23628825
42490842
2991042
12849882
66970673
43313844
65571191
25335037
31632600
76077108
60663668
46047544
40888730
45160022
30615791
15351975
45510135
89896684
66635553
23617865
83833348
12122508
77306024
37798277
41023145
46197615
90487999
20659589
66261432
97248956
86843307
16811885
56493631
55821417
85259290
58386661
68573094
23427037
13873307
61367381
74074838
4953056
99302286
79775815
17083289
93026110
8997843
96873325
9443991
2100797
96435580
82183089
36106876
16859616
44024870
49430682
56593677
93272319
85055854
90704604
91435652
96668308
43749452
59565634
69523620
61600097
16505753
59823797
96358154
76952201
96384420
63676657
79451430
92231128
22833025
74630344
56300123
51220242
17497852
71903608
39275122
2753296
92587987
36757990
79269029
23024980
35204355
30854432
19317424
13767335
61362365
30153595
31491921
22412024
28152914
69270827
10358980
42949973
99461093
50623394
15497235
75113913
33224785
20676569
91086328
96753351
2862395
80440837
7464963
18080712
19895948
99531331
42048725
20724766
6414641
7259899
53930266
18783588
29039730
40136920
49386423
64133032
27585189
26915889
51138296
94509974
69263558
53555397
89590599
3268765
87509939
85143757
61269336
31170461
36031047
44651372
67089598
2390578
52151480
72259365
76000580
29391955
43908600
6408925
86627864
57027629
63952118
18276332
65219572
80217443
34998811
85161673
46721499
73681263
22493327
33373767
99104196
11878121
2453814
77825747
50833927
65512398
39792517
2399962
60574222
94218341
52355897
93217497
34821032
90442077
25612686
23903046
14054632
91141073
29168410
83306595
55299387
65623817
98663180
69559411
2766344
74443630
67933148
48510455
7805197
55992569
28077569
37045229
36086795
84461803
64855999
47868245
28051045
85897955
38174720
23993633
15772842
95977898
60930391
85636552
79391183
89085872
70835653
16808839
70820094
78686261
1873978
77273024
71753767
34951990
83106272
23523361
86261171
65704980
11820412
85498558
51000698
96901337
52482894
10667432
74720590
8262080
80629312
83971498
45977644
91573301
81605047
46601343
74748838
91348466
10191096
11218331
77855465
95608168
54781904
8599782
29325316
70319162
48161586
68674346
43080570
47977648
24993846
1454389
66578465
56268986
88349862
7278886
94503392
93675534
50668058
33416808
83552275
65429602
10165369
88722556
28788736
92372007
28246131
94117756
11878021
91841231
25873702
51250565
87177082
3814992
70423215
65122385
40163259
80478384
46071579
9845442
54488015
88766736
69005999
57309424
17934332
72377005
19627799
84185936
77864440
10279986
71190628
5717134
89333918
76332517
770626
33527622
63736579
83498920
45863955
35835648
95598716
60195715
8179747
11930520
59540420
59630100
16562351
26196413
45227265
96491154
48533427
7336432
29364549
65180410
29187130
91644829
5863299
73752902
37853597
74587306
67186884
52037006
48085041
46796616
77637742
49825388
9328465
70050949
7079499
7058823
43247416
49388904
93085815
37027776
41396492
84356178
7345526
65659532
96096927
40875582
39682928
65259865
5384310
90546300
41077687
16845404
38175955
48788499
58216384
10712211
20703652
42194498
43154664
99459219
53525389
53583948
25137856
40992679
15853557
66119835
1074180
51226293
39528054
77391105
969986
97365846
23403633
8264517
52268749
41908426
56915303
49907240
70517907
70995335
11232678
85049741
38442609
51438107
67742534
81818076
89609946
50565179
95803754
31066434
66701456
60240034
14836549
27938754
45441364
37113402
65381097
1591002
16005927
62922203
78957570
19084910
29488716
77531507
74677059
75960181
29061725
97127891
87062384
14717942
17150600
70797368
9537481
34320483
13657336
69264487
87858188
65991984
87673726
11302799
31121555
68940019
69972653
75628274
94878097
80487734
67908927
63953695
48751495
45461575
76311724
96220674
2382424
76568407
87152214
29405617
26650393
77975290
56544836
63575554
22108366
65840157
87353634
80368226
23930503
76876981
20094759
26291622
13387396
373097
23127486
76648626
42908281
90389054
93977873
65928001
79852819
67790988
39421756
46298909
89901280
30347288
87826678
71749531
69709180
7564528
22211228
48765027
58717356
51307154
27623753
43485096
50850429
34137440
23569168
57532315
52213691
92928191
16350937
30436428
97730542
92058003
81174368
25139056
99337380
90927360
86467606
33949267
98290668
78661238
89680594
36552457
20699062
21507416
54243838
43965728
93511113
81329984
8950735
63651266
31758556
98857757
64592244
24601262
13182816
52573632
13504273
61722758
72466267
12710872
63863147
5315108
11499374
45453951
11150724
7175678
26049400
74962383
86207958
1511258
37679130
89589474
92679215
80028264
86493413
31840947
18348448
4216220
48887907
29744359
81347162
91668489
61927479
58858275
98365833
76503616
22235932
41834629
95109207
13912183
11697709
71399382
66247133
95971970
7947360
90491252
57741382
2312563
47150230
48940597
90570918
47945780
54882368
99446614
26478072
89890647
67415128
68289691
16941656
89602674
52132699
26399252
66634845
60974834
11332941
60866764
14680804
93475450
71455166
15805931
99807594
3063835
13027455
69464523
47415644
31652062
31930183
72586220
59981021
37893916
60434221
8225603
64832130
28502698
79955776
59127541
29661763
37514946
73526442
20544318
37703935
62954099
61433646
96899481
16926966
43148798
33393078
55952459
5893192
50698649
84122403
75624710
38783060
25673677
67299986
91509930
96371132
53053391
46346283
38379863
45071662
76312854
59710304
39172982
80413710
98305967
96559523
87461399
72700060
36550941
7218875
22898142
10409735
62189538
95911014
31345531
31897686
85955915
99794046
59823111
60842261
68615120
92027383
54127879
36079752
43355647
49412368
30418566
41255660
79796605
59501553
63138806
51713520
98255579
70567199
51217958
24712496
50969103
42623543
65639407
11158019
63103584
28936083
40372137
24606970
38051760
75665343
73104444
94967443
84322221
32127657
78685637
35449014
28050372
85734759
1789658
69913582
22046040
52020904
36498368
82228559
43879608
35882173
5512239
63279758
48396343
87420071
31618785
21043417
80918887
12397143
20577341
93918183
89986268
30857604
66542148
68202153
75963105
90797002
98785174
29396700
54715360
44158318
69211955
34159117
95112386
43496332
63050327
77373787
78869240
24218261
15557452
48822455
19573560
35897167
14694795
51848960
20010804
43046343
89837471
17675067
10187074
8703086
24053905
13095901
59619943
7168107
37664753
97849471
8861292
99360437
84561611
23849645
80489529
27872027
51069935
25170893
1722014
2304554
70405963
21332615
98004641
24948648
3872052
51529822
1383953
90253750
10009625
4440545
50170261
55218365
62668404
28296593
74888516
65113751
77068668
50992233
15483289
69502216
10383821
52516745
10700359
9330309
25489721
66092811
71519187
44797978
51469991
98962124
45093864
53886723
62043989
38139802
23821546
63973247
32834848
34127358
77335292
7534419
40712918
34970702
18611847
2325855
62151101
17996462
34181928
24547346
20931751
35874765
85849458
22109424
393624
42598308
51052274
20200117
13130927
56546796
55568760
92009848
81206305
20256681
13330386
29332942
52204807
24681409
51972307
81596129
24860759
75057634
78416871
18228172
23976062
11782470
10506684
2673543
45301853
31165673
45820943
93971438
34142549
81335278
34870658
89579765
57056093
39283516
59780067
85284812
23188478
75420869
97117300
22861227
69208452
99604813
8443129
80450814
72936449
57477766
6233281
49343306
98823216
65838600
3802669
76717358
10144537
15803056
8854505
23182775
14410477
75458388
49227716
65623450
91997246
96814696
31224844
68130152
45213138
16139741
54897999
70105641
81825558
70239323
78901746
33579758
3354447
33990307
78405471
52859038
15058935
76299544
56809704
54382113
13120410
56385620
45757726
82558078
5297270
75885879
51907128
59506855
80698244
67421154
58111620
78427229
58581198
78077794
64001064
21535910
21119074
14242589
86536423
50370754
81215183
70722160
16783228
88708109
13831428
62085607
51790850
26362756
68690259
7995544
36021403
2452566
88955527
98587135
35689551
95871315
54272938
40057633
84752883
71099229
13132770
7994956
67468253
69878967
22443446
76896444
3778556
77264005
46304012
76129379
92941735
34135271
81203444
56189394
44428267
75136218
84575403
59597798
20161100
21605186
76429138
69625598
12710250
49640966
13245124
74466068
80590459
41961887
24865212
76649795
22282986
68783535
97041143
53872171
20892740
78824836
48842306
55964686
4903448
85692611
25990817
988151
47530973
29809445
78990592
27823889
53336923
18314447
35037173
39439022
77697438
75450536
21913561
71082759
27947864
90250594
23050503
55276166
77276036
9798641
914012
1537797
75274022
64572425
96948870
3240324
27043648
98897250
7019566
95781338
5148568
22071189
42432468
45798218
69068666
20936918
99082808
46035787
93235426
99876778
27030227
94142894
91774644
2979725
27494754
2600159
5673533
19619394
38251103
2611219
47960875
78548200
3325012
40147365
25043866
88038563
58878172
74151708
13794882
41915850
11588458
74664985
25932004
9928312
34445979
97518203
81028319
20385290
25902579
15127062
31742841
50858662
99776932
87217225
95329331
4205067
58855179
84287921
31429165
47981621
46700027
34884732
64951647
40909891
81256792
53995290
71599897
67209660
98652312
51429179
79318786
26376980
55803992
56670736
47519996
26186273
47254710
37847212
54930537
4279447
950958
74971987
81703870
81526756
56195146
47251924
27347276
44648472
73206634
18998959
53138860
23795685
899067
52001903
98325506
75750333
56078968
97146813
56957810
23285568
75557843
2862555
92889158
16948506
65540279
65607870
29034102
99274108
3454341
89590448
66108608
80394311
51555292
49904055
93433254
4126841
57830589
98048344
40074687
96558826
69668581
12163430
4130810
44929200
6362285
9965213
71621203
91235247
3030815
71866756
27823213
85125923
14406672
59362111
6693395
6448453
59438324
38597478
26794922
16395066
24427803
75959022
92595099
45235065
99713116
63021116
28495020
19435213
8066744
67670204
20416995
97391872
44673603
10067159
87715002
51269276
49083638
24720272
77664933
14578652
19717133
62964504
40550274
40685921
43708264
95288192
22425340
76557036
17264950
61259109
95195312
75333754
18917750
61535631
93062473
54312598
22149551
54886187
6261543
70141462
29571051
18229806
35201489
70764562
85902484
34436137
18206402
63386232
35154422
55113975
21566744
42359310
57501122
14941916
40083801
45837265
90659595
95203578
17264034
15186936
79274033
4000985
64919132
45525081
92085465
75411436
47070183
47873701
4572326
97611454
2838506
89103158
5397877
18952405
34270361
59674479
76753660
32311775
27669047
27861501
78314856
26099772
11211375
87577162
55643691
19771784
21356785
46879452
67404053
20770166
71874240
98587940
60332277
7517474
44492410
68296245
18536979
43563065
65886829
45858165
95308182
32620941
6521840
42930419
8938316
52524396
21318019
28572031
95812595
92587409
27534498
6632240
70211856
1525882
97610343
21670022
58738939
29136784
30547540
48844539
56760938
83007653
41001260
38671646
32696246
93620722
54571063
76908626
54440443
61501258
79392466
33080539
47215138
26116573
45704452
50780299
21823894
73891402
35979173
63260091
53938856
64219739
40422806
223963
41531857
28392061
25710293
87899845
50132193
70806857
78280358
10101206
1133496
90976423
86860698
6919435
80168479
43694375
84385535
42556532
17812116
29264954
12104556
70305821
25315763
78878395
36329096
72362190
40295618
92279031
93190290
79755842
13203683
35127116
6457100
1367373
50806544
30648477
84932884
31173800
21258504
13437172
99500128
89536272
66495952
33262573
41335928
64565224
76821309
79293916
79418457
74389700
11297815
82757591
94578455
87046898
91679320
94458308
29057293
22771557
44944054
97828615
38624084
36258
19009466
96157675
97806511
63917295
18391499
64961315
88573524
28191657
82607987
10961276
89182418
41723455
40775028
40662866
4666635
27336393
88412691
86317936
46897503
32523307
37723525
20173851
69047139
14112275
91327987
17954882
10217212
23575041
78853211
58118084
49987245
51206647
73990630
12495964
97256516
25398551
38832333
70123552
81402478
98213730
10770319
11438185
21944572
97070928
60856692
96777362
88607852
68856154
19828492
21750133
30750064
38389484
3799189
42553553
93107011
93397787
51996107
52006272
77910565
71123162
7989233
2719424
41113919
39465002
77622173
92351279
15312382
36772148
78668831
2941168
5018413
14232547
42482304
79080532
92833035
91124698
40163642
60673252
68517771
68697637
91151446
76463228
21825064
41539153
64859153
91570967
13485913
15277782
63929981
77568827
57120886
94587931
27708951
98819482
40151635
26500195
70082369
10955251
54922409
48297896
72596666
82548447
63206464
79015641
67726726
19783201
50737701
78259987
65442759
31585907
62635718
8927146
66262493
17551470
70114442
26147520
72611834
19650754
70501560
8241360
10255463
48445156
53756161
24744096
81190385
60083523
33745945
57136707
94373428
7371602
16111096
73675113
38395346
84369260
18887072
72497870
2736983
33220145
6558125
70470320
89198676
42184721
40695752
74727237
88169547
109957
78644287
66340276
60587517
40382083
12649150
75059170
533144
65255004
15233225
18660220
49525601
38611058
47206878
50789072
81695809
94148763
2458438
13224851
70776923
16118248
59609446
7981200
87385488
84065020
90549422
26461523
40351849
96857349
96732574
64530418
11984377
95376178
9358662
33981638
73272339
49787083
79684723
86956570
96424974
45659618
40084052
56047220
15912044
82789413
95465500
86070946
11469325
83929148
29972992
6025735
70123354
89554573
58958594
72576165
7843430
88193965
12898519
96083031
77753998
12552142
80184752
51053072
89913540
45958079
54387131
62625882
35467476
53063973
11489042
79553384
92369968
4515022
58055493
41651436
9025080
59139487
38842340
19917265
8408261
91686005
47724775
80812160
8893355
80690002
28396396
46492194
99494976
11361790
4305610
83688250
14057333
67453740
62804888
37629522
46678795
59496747
34180526
74067245
20404300
49429089
70161215
21826558
59097851
65834688
89485629
44389207
64857406
95036411
43818293
34270180
2493208
28802997
73635322
13160425
41004504
12829751
66052078
24303775
93388776
27207890
49249776
68853630
23624486
54211213
64007541
76123559
36397284
64598378
7460522
9429193
96967904
16685822
27707042
33600773
1401295
82590366
19472964
21788209
35839646
5617291
5268027
5193804
81184451
10211542
63849061
25342848
35431153
82962986
82430452
81998081
37070105
88311933
51934952
93568746
23310860
97992043
36628572
59306297
54730988
30436666
37062358
90942109
3287915
27739305
67032152
28946990
98961279
54623691
76770728
59199081
76390166
11157946
93723424
90342835
32253189
22388368
59961667
4373459
48045092
14177634
81845196
97932112
27643077
76566486
62735113
2406962
35280922
55716643
13089698
54437425
79068734
58688567
89648994
27949090
98407306
50151949
4961375
59781629
39671402
3358352
9841404
35834111
29312748
53560906
76777492
12155368
42321942
58915247
10490236
53164129
86309187
23383496
64069525
36319089
54773433
94606219
63477254
5945436
88165747
16015136
40163655
18055980
19948830
64387777
65595628
64380007
83995189
77478729
2660929
25784226
86004516
87332826
92845671
71180277
27018968
67757795
31041584
96701714
64797877
37665313
56535918
11176246
68471439
9669990
31060895
6107964
47149044
55480929
20479938
91338814
45576484
98607533
15534028
40680211
35713251
72599778
54973388
88666671
2494367
77161199
91341721
64122927
42453194
52247173
95119931
63594802
94831741
2917510
84278957
80267941
23232538
60539368
55276940
33592364
62573622
60815028
4539546
1884976
99526282
93766910
70716626
21483076
98499401
49859481
28040649
31875169
97204160
1813125
92208261
61740053
20987665
58711860
66435895
2605976
73022563
17870171
58904121
62316750
98632214
24399171
22139240
84652906
14992833
56540797
85596729
14921317
37961983
37053584
10070630
28019666
6264634
86206851
25185669
53208123
47137090
77231095
60498025
83294620
78879101
63125825
31855902
37424935
62784637
50760697
1641811
63032439
48221342
75932082
46671264
15428292
64913712
11363412
12780406
36812601
47645550
18178738
12135448
96286494
13675154
77834760
92771587
96245943
90853132
40250883
54250942
11374365
93937984
99987408
81266637
72059976
6721987
21657363
62998608
19751836
84825191
39293839
16587038
51090307
74318667
72775557
44084454
30167218
47094603
66829844
34717125
27100814
22024137
14248047
95764599
60859482
11266324
40482021
231195
23020516
25169582
83554170
86146036
65021247
39189015
42137628
40457728
57666879
96320810
37273747
29793818
65877658
23784636
70955630
88877844
5184993
14810886
27072438
82122689
58155664
62238414
95242778
2585120
60525090
34964336
29068153
93395887
49375039
92916599
50535586
12507015
92791006
81609591
42729651
37150181
568536
97368291
20359019
16603768
84138174
75540893
49486882
97681416
11715440
37780782
52058138
96167071
76596855
20585004
79492092
74672103
93453728
40166013
31134260
27936187
77627361
34832992
92380612
83389912
30860637
68703385
86945335
67243696
11845467
3209965
37333786
73742214
35227043
57879064
58933871
14809905
5557881
71797512
80246674
75886623
79542810
75175487
36645972
42006259
69042819
10378758
34830906
91555832
13440899
28610826
50603779
32189572
5166652
52406200
8707140
72122003
48467423
87894761
80653165
81649847
32875363
62378236
50185412
75692980
66710317
39849772
81212608
45511722
15262763
37335955
49729795
25640493
74884667
84478311
68839583
33377978
62958844
54638539
70389226
60754322
21392457
26790167
42235816
87572052
58587563
63164108
41088155
67371729
37164266
28024552
29100139
4029371
93306108
89320127
80117832
25505145
76540028
13777423
24966973
6288661
5203943
67493237
49572205
75878286
50417700
67792982
40021911
15404220
56329017
10292447
29319759
47189773
62698772
73744717
83377802
54927602
15571661
46481160
92208964
98439489
47161891
23527625
51429416
9404861
2694094
507031
51456591
4341421
69645741
11170093
25354986
93465959
38176490
71145941
77419238
48890929
43282770
1345425
81189030
86549226
83163139
34371185
55367433
15333568
52389646
7133536
2348061
34105944
74467525
54378824
32395612
78237395
8625408
65811620
48838473
27296038
87410132
44094191
90765954
3328765
15247236
8585740
40400225
33742210
59811662
52605607
41828023
66565721
76812095
62404358
94674557
13565266
14616275
19060211
43051378
42766091
48713554
54745350
62502105
82005769
93737723
88269291
90255909
51563565
13201329
73714359
89432016
27287542
5904732
5101076
29369963
2409340
10331855
57279284
45533659
44459527
86034212
60738725
31244354
97125830
37339501
51851736
70176935
70422104
16017293
85288960
84860632
74702667
23937985
30575807
83702001
92773694
45729967
23932949
65069236
7904747
45201285
61210323
46040271
6721529
18389341
7147757
34590559
83790995
14045410
15149416
48441131
30237697
34214694
23771893
83389762
2730856
17971830
58799150
68540249
37235119
31023719
10099557
6748821
45198090
37485085
1391642
59194848
14939595
98348645
73458757
71259651
61087425
48668764
623606
42983766
30339668
79235390
15565118
34959249
74537222
53528697
62192244
83988404
26980200
78612014
30713995
49500381
41578523
65517397
67965164
66492608
18952915
39975569
70404160
47307167
91941455
38587458
28852878
77471112
40583036
43312258
65575348
10878090
35156286
73922495
64750592
82707976
35141092
77955634
7723282
36421020
82056276
85329607
68422158
64972322
26663746
37561032
59653325
76637769
54303648
7865406
93473285
11213531
99131281
39650419
465428
47707662
14713220
71853393
13391089
59890402
56060054
56413003
70658353
37040318
79469005
70672815
18592
65523678
63089910
31291569
32401729
67142965
23605457
92112634
7367950
58282181
10566582
70805181
84113983
72009381
68892112
84646083
23862345
74019505
17508275
25653367
60117825
55336199
99989201
21802431
84062453
52792377
65487400
42190388
92812579
39574645
55474946
83803383
72007046
78618624
75685934
98858845
45081534
18072066
48686678
70320642
63906904
67765163
73124584
75062311
8110735
57377273
90127364
94775697
91753545
60060473
90920852
55193767
12787980
9549803
6717234
20381541
57607413
87053055
34365111
54829076
36305215
26232424
94494604
29673198
6848565
16588616
42435099
48683533
37735127
63583939
86885065
28263953
61859061
9348517
20357462
29053628
21021601
12647774
15198562
67875214
24568150
74905898
3565787
47141138
18627119
7144441
21094712
93771064
5786499
11186924
52881320
74876338
84466458
13371120
7523159
29244628
82286451
85339241
70556851
16227062
86199377
91179954
22342941
76261362
44725896
72838580
77806776
18471114
60073828
38268445
25346369
25073111
36819401
26128290
10492094
62211009
14875475
84542474
9624881
90724426
14581046
2280768
98272043
76274761
82943604
43405380
24652914
18936737
1106127
27476653
18976948
38240874
143810
89861893
64192577
12800674
99835621
8364858
90389174
91617314
98190339
5631698
62013431
30228016
86774612
7609141
94039647
48451342
58164839
17986680
36891647
16657819
23251665
66594605
55224616
48164053
42058548
61830879
44994507
15875233
58370582
31507928
91088151
51375710
52228571
35041616
51442247
74115938
75980777
65431063
22372314
17487744
22359231
43826
86660578
23632008
4580672
22211675
21373792
9173440
24906088
20551092
54685780
75054462
7453562
20469007
21304882
2246029
48158735
33667515
89306373
33310788
62098888
91684164
35385537
5442522
7831344
37051090
39157879
75227117
98644425
32473384
3650638
24365133
15162054
80837297
54953606
34170417
46720771
46036043
47341552
29020176
55120372
17006254
65581503
80652778
33229805
76611664
99477196
978324
48203121
35167574
71499563
75220545
30205251
67665739
36627779
20825884
59174297
61541380
32568712
28932881
12468666
8940380
13867157
66826849
61568442
53117100
94859227
59194827
44337493
69457815
90260813
13121064
11545455
15910515
17285109
81151003
95871148
93240782
54487627
8383703
14048628
37078221
41626902
95428804
16514260
83649088
48826876
32226403
34849449
75386158
34045559
1450824
7961440
89094105
54828590
51386536
9156054
81472243
31939851
74799800
86543364
1458791
60255869
28071059
57987928
23891813
64904821
93547369
27812368
63494680
55607474
43818838
97449807
78026968
6074549
64937006
11983381
3007721
37092138
6736397
53254204
56055129
33138689
68474756
35512408
88270018
1959083
84991385
78264681
1186011
53607376
3077458
70378832
96333401
8958686
67840144
75595508
69269710
86139161
73827108
49334568
24187466
56650420
25062089
67169113
58878490
69275028
11583429
66602280
35409853
26920644
48019631
27442004
1891455
50599827
33369033
83430341
74499191
71025611
62361813
38843532
58565059
67402902
65544708
70388011
80777940
36938830
9377297
47632156
16021219
5195060
10507828
40370982
43747696
55099358
54192290
59221736
98475750
98083029
65821729
3994236
79154891
91390912
72075889
35557556
32033859
70792144
29788075
53851813
36230782
83449080
73561778
1080924
46770383
79957130
20936355
51543908
60273034
73403694
47217174
12474245
92092941
25052761
23361524
66604221
66854568
37943185
22806449
98346451
41665434
89720837
3721651
51337889
34665602
49995809
96392454
58234718
60305719
44968427
94662582
22328103
52258524
14655708
19037073
69775061
26232186
26447523
85497178
22914860
96360449
45874219
5526010
50690123
25520439
32166653
7675500
7528690
9286837
31270283
43821100
84729500
73143917
8782276
34185290
65844900
57187327
79181392
49781913
54619732
15565909
7870532
67780530
17235577
99778300
37003196
20127162
53536452
62355814
67632454
97699224
76237330
24779102
1600379
40232806
68577887
16207669
85138434
10297419
11919096
49222785
35842713
27111802
63339905
36502482
92161784
75378034
38320402
11751045
90174348
2509693
1777596
2855649
29786235
85618590
1801788
75460808
1352529
20555967
51631817
39579474
81547669
50224656
84952416
55972460
57288675
38475729
87543288
73783330
59290928
52634643
77578901
86028345
41191058
15899067
77383147
26299419
52233650
13369949
23954359
50030398
40683723
15850528
13263673
78371178
89318673
86270009
99106678
16344583
70522336
4251630
79724788
23287126
42502592
93101424
40335550
7243390
5992189
15517675
3773017
82546216
23296197
21471223
80056282
88474857
89650657
10369393
98076429
87456119
31695399
82631396
33254880
41627713
70671651
18711525
88801998
30198482
84995812
49254399
5823519
77793486
39115225
40199320
66006889
54909261
54395635
98913795
26247015
24591540
46333127
49098394
89988777
66439220
56237543
46611265
43548460
77087188
1276802
13625918
7612177
37719627
37407618
30011226
36264133
43624752
43074775
46983290
88798886
57162508
92491320
8500162
96176273
63313658
55629647
35236950
6480851
22706572
4572220
61628269
57502528
72192218
87201735
11897653
66865340
81689328
98900766
81239829
29933259
37827347
25572868
26511256
42241405
17517468
26062422
13690727
82268729
73486818
10339765
58721627
42124610
75136361
6607391
81395480
7541996
85042665
11168927
87119021
14299291
7867158
25821915
75337916
51893791
65710760
72563509
50517110
12076280
9163593
88657759
15108679
23669340
20092489
88594775
46027829
31522665
58359988
49954683
16001553
27280651
96711066
5942196
52890925
29501386
35164345
99473820
80542474
1001999
29852146
89542007
10327984
22943380
88147482
2367987
59534625
27470769
83563432
33260903
93789911
40267588
84746934
25506181
6361054
94967836
82648383
42448942
22830476
52859567
33641155
38051568
19106601
4367675
89417139
47793499
83946844
12761536
84445519
48439537
66738255
43887802
49337740
44880987
53131607
90855473
70315554
99215271
74599585
6382449
71973672
41800752
18667460
67220600
66440869
15445656
57775476
29349490
23797237
65587718
81212976
95052179
60139341
53911995
60065924
3503946
98371146
10758900
50462335
95233023
5426432
6867771
79929964
89502514
24036035
40981895
78344119
96410053
44016309
63220011
75841344
24839672
5762047
3995204
93223043
98330480
94979973
47967837
468887
48118838
85111868
26196512
27262952
66030860
12471063
91804572
7623795
78791726
33236398
5027334
35062660
63111753
900288
88476273
41512980
91809464
61902151
40564255
86070584
35082234
22150269
51785673
52546228
19846520
16882663
55629740
26389280
80392934
63415263
14979712
89945161
39955178
23018198
49448692
98325432
57583350
92318052
38715437
41043102
2669284
93254638
24999365
17355020
16920626
88158306
31807776
63391376
47274858
25133641
25244199
13221336
59590065
28281771
41992622
13155038
63048220
49013809
6067523
26345039
94725526
43190650
49233724
19154243
22245882
45630972
98919017
3121031
72759961
94002012
89995658
19863902
33068230
40850072
53066025
71455060
71783261
87354699
10202424
28540192
45135406
90015869
68840604
12757691
30230051
41160822
82566326
1212295
43671296
53110762
53330240
85510572
32940939
58999050
5324714
40425210
78849203
10672773
66910846
99257106
375726
57310311
37204997
94128530
469386
73327334
36319337
52654260
50457176
4049153
26490546
94261349
79375398
71656468
43214838
60517650
56509543
28020665
93621420
12218358
94218396
15892626
26197052
62321619
76387918
498438
43364566
55837323
38865441
62721856
72189039
90600936
56308750
83466560
30923314
63103850
13667567
53892969
89516573
72282240
21901650
63363079
77072842
30091286
24812400
40867764
63624358
37764626
55529833
76960537
15013846
46196303
34013746
78693464
72947364
87466440
24201093
4481588
79611822
53475783
18962782
53372398
57446351
67236776
46413716
88537642
10546635
53046492
7815843
62424652
39157351
66750863
3820938
7557040
60086696
95503381
22557126
94277025
21501850
55212825
65674144
67921382
16395166
1788069
73477583
8875677
90812283
27224191
79739300
58229019
99173687
89914432
44517875
92515736
75357853
64353518
54219923
65864743
209393
71123839
35091857
59383950
23207207
12042537
35403938
55174750
95017570
8987978
8077463
71657611
39639417
59364263
337213
52417784
97243955
52155387
50892121
84778506
29831623
41500482
52473462
69240623
40435777
7587747
42091176
90466623
45345665
25137519
15726273
45110189
3409456
38285877
23089759
30622345
97090970
58015634
31696606
94797261
65906246
9289908
71084084
21429686
34638370
19541710
79235636
80363928
94599032
69384801
72347791
88079706
65456223
34245828
73076952
75713840
46311219
31205536
92766073
13233610
17218068
40628081
4896418
31442603
63356462
52078015
39424695
41474176
18754388
511236
32840898
4323431
9110828
77813028
54885379
30264140
58398794
73587812
75949719
49181212
52019742
84980443
620711
55460447
20098824
57619088
90895460
77949585
49584589
40326234
31364303
6537805
12627410
75755991
59806986
52508512
15710451
93706617
40864087
3329195
87285972
86945343
85368553
72724469
90215721
57645423
84905860
12411901
70255892
85988254
71096407
41097437
96955647
79355425
38243854
86366559
94493345
28727899
25855836
15899440
97449001
84047612
69164818
19780984
80611653
51462068
96291394
78774818
14669548
943328
76966904
81297721
21814126
46580206
33167960
32042778
43950813
23138283
61708833
63063255
99132522
31906575
70712949
15527311
33250482
64149478
71266769
20289740
75489902
79499207
64844646
69801342
14948808
8619088
30381547
79747951
76593700
20926949
20751176
24299013
20664628
3510346
14544454
10218878
98548546
98177010
27230911
10285023
79852321
15755365
2693039
76517542
14404145
32284704
99560011
80535952
40596897
1662490
9813906
11689820
24260795
69709369
76078212
5117117
82705669
45086771
84959835
87879456
74786130
54002143
88868453
29740490
6576870
33343470
6543298
62476397
1115754
80873666
60927122
49079322
5081279
93889902
28773467
16712050
79126351
64070909
95210296
99931249
1793488
21100476
86396119
32176030
84464383
10701622
78273713
7656682
31008193
79386251
7674665
30446494
403069
40782426
30325943
19481210
20771357
2446345
1819544
41826194
10107351
68298488
36343291
26480507
99609407
97124927
14306407
94289272
41107802
72720120
24179329
88458430
86622523
86776935
42464435
46728508
59179511
70603531
59681422
41792420
35123499
17063951
72164443
26100647
36281093
49608632
82266452
28570192
12572117
32255664
14032308
14973097
20584221
85609015
58504474
78189820
44910134
75869725
46063755
51574582
65331541
66368946
35242555
53112304
29580419
70768077
52681174
51415849
91755597
20738116
28815249
43392317
40155257
18673080
29959076
84758717
34121557
87388148
13264749
10282593
93071531
11253536
82284036
70360073
10011544
7545311
50565450
25620425
11962516
42588815
14395955
90320117
17944279
64267309
90125295
4965018
81315306
1484217
59514746
30318566
99763684
20336032
19093589
31721385
65146621
70673029
78947436
11144858
69724774
96677451
91805042
17012899
22491936
90154332
83292767
17489292
98684541
62747236
78060369
84776335
3530478
23872239
40236607
13595580
70466457
21602951
39987029
14654284
30886475
14075374
79259671
5450343
64883299
62343406
88890364
37471422
3778591
43887520
10527282
82941308
76034669
14207732
58569805
60038041
81624735
93482775
60501488
62334864
35275249
82059791
53277137
67346584
53866281
41705966
74457859
10062972
32793365
79979395
12922789
16780658
33722607
64084209
67814658
84548297
23119583
69439266
21084676
15920518
17966621
25512891
72290768
16611201
30913346
32144196
29081300
62255532
1087340
64441281
55443330
30386269
79835204
51087573
7290946
81702484
85482244
18074502
41528116
25053468
81548292
84258066
87003704
90165613
89716432
31885989
83352592
91552000
49161419
97028603
3230395
18911317
87074031
66232744
21509238
8154925
86841764
82743538
41103230
60374769
57960312
22474032
26011558
1592976
90587905
7302116
578176
29175458
66125962
90460090
10417866
84440985
91035411
8320745
38355963
53682290
75996033
10361983
96245632
70898012
9348824
98760184
38856402
2666094
66433973
85886695
4756440
10976798
99506803
65483906
69514602
96970443
29651760
4436211
59902299
95320862
8165301
50104926
84031214
96081958
88273362
53999799
30723578
48922499
55016678
98839240
57212516
44121729
74449335
8152350
32965085
8253294
55076024
72229464
45427547
21024524
26239493
31856070
93913381
74962441
28638002
59705354
79118476
7439282
3126690
41294891
20411203
61857922
24661662
61773802
12202586
98473534
94241371
88364358
38540994
74504552
64679311
17300369
75341033
73566551
93042171
2073191
42814233
32932774
29548789
80364744
7413432
16567348
61483041
64904519
84585380
12916173
21698635
50700599
58199533
46897555
75155169
13592449
26515082
63521511
68180374
22442663
47823570
15116657
6464623
15936338
6591700
45746463
13792583
62645596
52038961
77926518
4207999
40637394
52717647
16940192
56985607
2601726
59248736
80088993
24763441
33214188
50205925
26505468
87599137
64654778
77387166
83844356
47768771
76387301
91489360
12478662
38191963
5634203
21811918
95079006
43538397
60396315
46450420
76088251
45791558
98176530
6128747
99642250
69284039
28495246
24846683
49658574
31334055
55208392
84074608
62420209
42182627
84573359
73174120
72010214
79571741
74938383
83199372
58523608
86373147
61149330
16500590
61118922
44889644
48866209
75886251
46627366
64488998
46948385
279847
34737629
77307141
87969345
66245250
43469710
20605494
11101664
4197586
9100309
56680088
99852824
1000745
8325450
94766515
94439303
85638061
37533322
83473396
78752
5563931
79481959
89269299
37690970
81178492
93087023
15649392
99465916
7902562
84649789
1066933
17209953
53766723
76666421
77783762
47322408
65184322
73417515
7534959
61707016
90832633
62467717
4630426
33461866
82147724
28537885
38221897
80427669
25190510
51224220
53177616
80918685
58791564
17150529
38264275
68008357
52524892
89571782
67767518
7700194
98709769
50527759
33534532
83223541
68517327
96636078
26841388
58301734
51719484
37178118
23259494
6593677
19774971
99532592
51990118
68356952
35478727
2224103
25698099
31750496
60774966
47296757
36231181
12979153
95626304
53630980
65032205
40304255
64433883
54273442
5359771
5289893
6706934
61917722
73621666
95180347
51910263
27356964
2871929
57017216
45036805
56113253
39086944
51532782
96098724
34771015
41263957
98908966
82494529
244700
97867109
41434638
7498314
64258166
79983808
85691458
53497177
94591823
66445422
56028701
35137363
38305276
15247133
25572119
73626925
89509621
70028457
60533973
22251550
57907185
58007708
45235308
14672196
53835596
96305312
98968893
35490226
37337939
24500508
34796716
15836948
50594082
91874981
5728555
98939838
89116126
69246364
25151634
43162559
97723736
67185522
59287517
921637
12408146
65010864
59753014
23074711
79332685
50490917
45678075
73858803
4332411
46376210
49559105
46769123
36401346
12273440
23487823
94223242
71108225
47545068
55776077
26957347
236179
67058964
18750507
4274269
85092188
60769743
13508250
43062189
78690920
612752
61944544
9786291
85305809
51773968
16864687
32906734
81424317
44555676
50385236
36072889
54958547
81484926
6479983
72963396
93952412
3356410
37358091
99800900
97543001
26413614
75308212
35906504
64772703
47521423
80628775
87686989
65316440
68315056
44911863
35351044
83673899
66839791
36726507
52095044
77327192
78313777
88726102
49413597
77204494
59157183
43098684
24891419
21786970
97989300
19353593
93786538
48812801
77580864
87145952
98212594
10154057
55577721
82590672
14448688
94966142
63031350
63867981
26368704
3276105
19088216
80342200
90155481
84832499
91792204
32181645
81998312
3029782
15129400
55319045
36544113
67984213
25375994
44854568
10543755
1937845
3046343
3532407
64833474
49719661
44707003
94432780
73842193
11852466
88360645
26659099
15478073
40272687
84867501
25775560
43768446
43013872
29375550
23863232
37582621
50468461
38754507
7510017
39672360
61479995
27765269
76152129
41080448
35147199
13822775
41418276
87583162
25226112
82711459
24816845
88586887
65580332
24315538
84932157
36032714
13057837
54420068
72533422
89196732
29224795
34560241
84073106
91274819
27131218
74133489
34422125
21393347
3374163
27644338
40908189
60417077
68739693
53669092
18174856
95050435
69378175
25697626
64015848
76504103
27250143
62331420
52864284
26922366
95418320
72077633
31179008
85887736
53631037
72687378
89117358
3391556
89680049
1119248
72808762
32518837
17411240
9272390
89572957
30067335
37577808
49847202
25003331
48862816
96571302
6507558
97957518
20473607
39578768
42409093
59140895
449801
66559170
3383783
45507433
62497590
12249074
54747284
11210541
26689513
79364076
68708534
31313673
164146
18255384
52671257
82385714
94180574
34032305
39459448
98723248
96031326
12896876
73393142
72487680
77145163
38561978
90392229
51044433
74172090
83301252
40923051
84936539
86807162
25690621
77195193
12523575
53446711
92241025
94019702
44084348
58628677
18076158
8788022
54653592
28011454
44786987
73466064
17645229
31436917
31476061
22437768
24913711
93566993
86569383
13109289
64597375
2306961
19644068
20972655
81985750
10669791
9836278
84721776
88626363
79623699
83232083
89348903
17031260
98180066
99920364
72889074
12317913
9889898
7179371
75036944
36844989
73962222
85256459
86970813
8903907
21042320
50241934
32594250
73437866
45662407
80360489
53185545
63296112
55350400
6625027
73461968
30873005
5748306
56460323
3026797
99180608
36033400
21931537
59462198
27322395
75847060
35287907
82407847
39102545
94252379
55502026
80006829
22338164
55448843
88442207
59877751
84923901
64782036
1679111
31399784
7321353
12218665
421598
23450940
95651132
44749861
88186319
7812209
89490633
62710908
4966655
11014018
46023343
49473790
69359841
52701128
76609167
88046138
8612831
87073186
27471933
22701302
37869123
30716990
13663090
88708577
88353339
75418425
30785606
83448899
67356830
98629968
71307785
74860105
92878186
19892383
53440326
83973138
71031825
81088453
61682603
83891676
1836303
89186638
95618943
27236246
54099067
22042138
71857118
7312332
20240760
64160548
88024809
25833690
40633645
13892479
64766346
40692845
23058503
52105437
89866101
24323305
83586582
58206665
97672330
70709609
50494932
44796072
10555198
47279967
71783206
87761067
22512582
46576659
70458568
11843848
63713666
95949741
53626418
21849876
54888973
7992603
9760350
40549304
81693405
41019293
86360406
5472423
59351463
75212957
61510139
30521548
76850063
50896696
37798761
70331383
53880306
37619132
26019929
45440883
10577653
68915801
74114924
27655776
17186205
36938118
10121369
47094095
6227686
8201835
15840304
97517807
55065440
12538683
85688971
86199843
20017304
61263474
71103217
31994177
84234867
89951197
80809032
53903691
98600044
56562392
80837282
60549100
25919991
46408592
89137880
7541308
64036843
40164714
68269964
5655105
98927116
72955552
98155978
62650447
41737531
91406837
42292455
24616629
18693495
33507937
74416893
11467438
23148125
69522031
44778558
65307412
91329684
21108285
84705465
54338100
81922783
37954633
23911026
44353604
35776899
57628799
2731373
45438031
98732192
51290337
12191756
34458563
51426273
22933108
37008520
38457373
94842632
19595619
83766992
66483056
48132093
2869069
47306266
8879211
90012811
42798275
35423307
37994421
3803075
56594368
52857515
52472578
18141877
28101499
91958853
64293653
73318369
27203453
95062265
88214737
94906825
48583273
21176006
17575750
93738400
39331719
25129527
42840891
77115959
27557261
66564320
45697147
84472435
51088430
67781206
41304011
8845129
48403548
67022498
49962058
22035762
99731800
99640437
21803332
52091661
74708557
98588202
67600361
13953518
24559020
84058023
89136707
98173565
57784796
16457073
92507366
37005658
57783809
12407544
33640975
28443991
87124346
54970694
85289671
90209807
62717956
98558065
33706737
89300477
19837096
79409314
52528835
17462985
94818535
90904568
52394492
28536381
69785113
56380843
45928676
81817650
26894785
37596591
54910939
88142100
31024431
76443764
63586155
93415097
85955267
67398652
6650672
72256446
65063156
50515124
65386500
73248740
6207682
31314396
31919970
27241980
74537540
56635451
20005398
78490371
38089602
33554838
18302552
74599441
27830914
70911992
85802018
24640866
50874209
16859187
34190976
48726108
87762767
3438845
91410587
35282220
52904314
46713983
20206882
56510545
8498526
48554891
2924349
48217708
47791513
85810546
18565507
59765985
76859296
39729456
9993903
56646426
28098475
40928434
34602066
79399223
21107093
66579713
12006865
32455694
46831020
69502006
4079785
78810740
53756479
31400664
42997221
11909068
87300150
8441218
95245402
22806274
30483902
44653803
59179645
94396728
80576469
20153492
92331863
9388930
44050813
30176525
86409271
17423581
81420422
62870799
95970846
12652058
75197110
40491489
95004949
84379422
97955220
47919448
20943944
22321924
10493387
93994336
83373721
21617398
94779875
66326742
42594669
90800662
38448446
75670834
10420324
23501476
580470
87602824
54230230
17807170
84524325
53222390
2754931
30986735
99885294
33449521
19247347
46430942
22129637
61246209
26436981
78827903
44817593
52215895
29001339
45484644
7694133
51550597
8966280
27522428
99677314
13356404
43219295
63346418
14805953
31982522
25363108
41038037
96713582
46119794
3092153
42829161
74196903
68956290
43398667
85966498
42907013
99750518
91918787
26427749
15518113
15638090
5465082
26027433
54826223
74499845
87869186
52130028
6153943
28754209
27434251
8628453
70171382
26714103
6262336
32924993
43004785
58085531
50774376
17258799
14501947
42709416
1969259
12636202
53734553
20024063
37617757
95316739
69540560
91689298
22109080
18846115
46191603
71760344
54036275
48813426
98728922
1473570
33831051
37389349
3460087
8037399
21993438
37986900
34021609
33172338
7971636
20727748
5829288
61746999
9330610
95871764
53249791
75249117
68877063
22847152
89908743
23524839
71006272
52128371
86941545
53975343
61245247
17535891
31460513
28306322
3133583
44440198
33894884
38242679
56287108
21130526
71217877
82363119
13279862
48356433
13547094
53448449
85826747
36377988
85281521
90253225
71177833
20127543
69536550
18134261
88372852
20232594
48305583
39870807
29393563
18368824
86367939
26431195
4416108
41970222
96939259
17947001
4898056
35260113
48122637
4745498
49203115
73894828
92148188
65223234
11649834
6083286
32688146
31212733
20625875
11680209
67237189
71651820
16222672
79168576
38645375
69388754
38139801
15859272
58764179
57427892
19955140
38116729
1841401
45048635
58617923
33259434
64054285
12247819
58839037
85487942
52523998
23003639
5606702
37337258
32021290
21393529
35453317
90597351
18925265
23886573
4509046
43113556
26733822
29087484
64223732
89861455
88893888
84149744
60961779
31522045
66303016
54120942
81975262
40447679
21567444
38387863
75237378
94980188
70110598
47769094
81962948
48212917
90018133
13973537
42990304
84590435
76855252
97142315
74187357
86283340
5075775
12498452
96081185
50387041
19995414
28576203
15461640
12820474
73890932
19368189
11220553
48160073
87515447
63221146
47935397
54947318
83853420
11373601
19418551
35644216
41816986
85731931
53068249
56536578
32256139
44146057
25785951
5109747
51915833
67955740
70042582
69510880
60481874
48403158
21575415
94256541
62633403
40519934
15957695
74804128
82481589
11193274
26319963
49560178
67366886
31406439
75504039
99871395
77311382
71012745
47623568
9029017
53282620
80082556
87199647
19200986
54066200
62504016
41843923
27489031
14599561
4737720
99787359
5024121
30965174
95009115
19968124
37553292
30972938
96942776
64102209
27714720
71057205
16195902
70387956
79404280
78065368
18536487
24384483
75418349
18805151
31728299
15425897
32423517
50051830
90610865
84663120
20915213
24743712
9962638
10173746
97211357
67872105
77315692
38852197
58966061
16534531
57401465
44735661
94979309
35537799
11416757
20379412
69338507
33116745
49758620
87813637
3337449
74566585
75737101
41467179
45202106
15163980
46108491
57193455
90029138
78477679
5415647
76687560
16492706
32484047
95558765
98755802
76217159
99102021
17147289
55775202
74081782
40369856
1346202
25571597
26822747
61777674
47566647
23884336
35457438
95470588
76229511
50886095
28964615
73269907
3074517
90600629
57123285
11921124
30092233
57902636
35985823
52037998
68094420
31740146
44347980
1811196
17342838
69744676
92861115
85976334
60246315
94217254
97405973
8291286
41014616
48986889
82139613
23070102
6698309
8883686
79978190
83227779
27636603
61117859
33282831
91701127
60201974
59718442
3484806
36487844
55513845
68897414
82249050
52309186
9534484
6280949
77484419
62412120
73663090
97566214
57964776
68497989
96530462
3371694
99165607
85978946
57074816
66601249
93293410
50310453
19010110
14964863
4496651
66112510
46083478
85362660
19566253
69385963
35473450
92987182
8770989
46330185
81845280
51739063
50887431
85867420
25931897
27868958
11484289
83695127
97708049
37750239
59090963
75344211
77254642
78195112
27671514
79654352
79935403
2697765
97897966
96030051
21682956
31323216
87579822
47261427
54865726
59660690
86953502
96097436
17546136
37713549
19220937
50680522
78526397
40133780
58411492
1692128
28800534
32670088
48348558
87630649
30160621
53570028
95321238
781147
61241864
77195808
72316750
11386574
925032
37410577
80421256
42185707
47556013
66514995
86843110
78339876
68933906
7357974
82829335
17853239
17046612
55064668
97066297
82429505
53740262
95584471
13286679
86513929
3861248
39227676
53361050
99247345
99212935
1006949
40702391
98613378
63672515
80071602
9646132
34452289
71594129
83552321
66775755
80867817
59327482
13498597
50567868
92563534
42305986
86849242
57968322
79734167
4586723
55595886
47427339
91509854
84205249
22496372
64284488
12888454
66545638
80670518
52985237
54600041
75204232
14368399
75616890
57998843
11800140
72302448
65705421
5252356
71259183
29196358
87862670
46588642
61941155
15572966
72103157
56202736
91594155
40734951
70598749
93562011
49919970
29807365
48506629
31167082
69647959
29804656
2724332
78810325
57975712
25928071
16501203
47694458
59085319
29929251
27366400
11185179
16794617
86537969
75644629
14128240
31473925
47860145
13966274
89762425
523356
38287407
78270022
73175602
7259210
31152961
44197890
49589696
75369834
3224269
44742714
66856510
50648552
63250448
85117245
85437512
23202608
92678833
3531276
35662845
51497957
25600317
76253204
31118529
58744499
17782838
46436238
56388561
5318966
88179534
66316889
10266328
37492073
66397366
53254529
38617053
27255442
9864959
56932093
38338821
6136545
1624183
88109586
80775863
17980
8761733
23663835
92603174
29232748
32272600
34706848
75656884
65745370
10821929
77574226
9856561
45296933
75147042
2049361
27667790
54090116
75812939
35271708
19184448
9550095
49510623
55322395
37284692
95963176
95429188
77901069
68708315
36476076
99875387
34963680
55987606
2401226
32774416
50410168
95672734
17197262
9268329
51888695
5539924
30031560
37493728
43322739
49442799
79074414
25538908
77098757
81475154
84187467
85610350
82570507
28641506
19692523
88100679
89824187
56156295
56588302
35658375
12843924
81708970
65006980
45770054
21728052
5426524
23772389
48455586
7474078
44712132
54399018
51252734
72310574
72857448
654346
31798821
8284204
54064250
40206334
27587108
59759328
46147204
84743586
90999839
2993444
32147393
4709598
75307920
71979307
60302054
2275194
49896113
88176953
6814789
50407059
45847605
45573869
45641856
65051850
82661867
93817123
93638288
42496077
12675800
73275680
50617067
63227238
24033891
83770790
95836246
36228620
7571178
29867752
93146419
73582895
75571473
4928325
7474404
39564697
33915505
11528360
81960621
47066846
68945960
23214767
56722676
98842717
49475601
5343168
75733935
66694775
19705621
91373261
3170603
26313268
81502628
54334856
31386388
52365026
46126859
23434369
73743638
47736649
88500307
42746982
80640193
59999350
40835788
75141303
83879263
96143867
63431773
77230467
94788052
45561322
288020
74489625
88618174
78232634
19521801
14598219
87170473
21002997
75662236
73279888
70308696
42083710
58525294
59183209
30040629
88515269
15025103
54532306
62908620
21272289
93377535
90884129
61001128
28819696
24603092
17390776
76166326
90210125
30890092
77116668
56407925
45038693
6450586
38629909
2246353
42535944
19811952
39088346
85096769
67677998
81634267
46188321
2841240
99759199
44786410
41374517
11980119
99632377
30195735
50853591
90562984
11513766
26131069
93302089
53768460
6928801
30197773
45473495
3021142
64883233
78222385
47604744
46661632
80679294
5261721
84398683
3134881
20517873
48311382
46109963
12304102
85666640
86303891
45909498
55070970
58787728
55468961
39875513
24038586
72462066
45209117
39691724
17122589
59375855
14484286
93496636
6323880
97920616
22964472
67865286
43919426
72237747
98211947
34872365
12886691
68739174
77917092
55467876
10848320
55053251
86822582
92677900
83617913
23172922
4910937
15226341
73636303
66807497
6731094
71735852
52663674
71089104
68438665
69537168
34880219
74686597
33107443
86568919
31093433
49876931
36097831
25338343
94356774
10058931
9782303
82916134
57218381
56731075
35509227
58508993
47026800
8171773
41243843
78883812
16617263
86204014
42848708
51201523
91999220
75391260
74998578
35590847
24456101
67617631
46193365
4954930
27469010
8088382
96119494
55550008
64748265
3900654
58463854
87151029
4945454
65149459
39140279
30083554
94172748
85293334
94834186
82891826
74383944
46325562
63518686
351303
75553462
39174762
69815502
23105634
29566617
36175327
4218195
93906444
61408464
48370144
97882431
46452216
26447290
592656
20185136
57580637
97027721
9741306
93519743
34408229
26521588
27438808
93364463
21103799
27368246
34142570
47221050
96969336
93615626
49781626
61209365
95125500
93376181
93284412
65985848
91192719
49047422
91499004
65413188
4125005
84213173
88494036
95166606
29782337
16583910
35148566
96951469
32897551
20511548
19238614
9018795
98570219
51120590
13702698
72067472
38943952
85275202
6076678
14319097
47653881
90237308
48189954
89778832
70197150
49843791
91292118
70500552
33128977
38584852
50094014
1478850
20600885
99457107
76001588
53947540
77557051
43374685
97775983
92183240
11813808
34396594
9456449
76317860
23840362
37792039
84999568
16569449
62721333
10137646
53102053
30610090
67434772
32807605
78748699
95349988
70335153
27475715
10920745
35443211
41778442
47988222
15402514
43568145
56067510
23031781
85399790
10837691
87804561
13762741
93582029
58742061
91821554
82045173
67364673
10586547
71705446
68225157
74417292
65763372
9822406
88039387
2080316
22068077
27372480
35060846
85090269
1358066
27776610
83714895
60949262
34817795
35803250
25198018
62381574
57613534
31638201
70735367
32368197
39006732
71920015
6891394
57041160
89811088
10769432
52290822
24893502
50406383
84429849
4897073
67341190
30872936
60073220
61640092
65511783
64905891
86096538
27656963
37920393
61352244
3425995
51163857
47183199
11719117
25228253
72810635
98881340
32545217
45389689
88575139
21573285
42910342
19059374
403576
13971078
51261465
17547155
5409857
50076541
51898405
63192305
21573638
75297778
55041382
30916066
80463919
68237279
26498704
52748830
37913389
54514483
31371188
19382662
36977958
6046138
57945817
4364211
44428096
66911602
19855624
23720071
14833752
72160586
55946213
99829991
37704749
10233765
22151918
95662056
85519032
51530200
30580401
62791468
4318650
98327051
43286756
48685068
45182121
58032001
51053432
73018706
54491893
13715587
67378648
68840824
36512210
92192267
7154168
52092690
91291913
53599391
32181075
71297672
70683632
92026167
59382105
54894369
51928859
64029351
37868729
40697880
67777021
88576957
25880340
83735277
66693641
10549492
47171418
79808994
38614073
58042293
17866797
88943316
67150404
15467334
29286787
38386602
7487115
96722906
61154223
20068480
47289316
94352654
9949331
63443489
50552471
39157645
69599610
69249956
82814623
38500714
74874391
36634302
87401254
27668002
25918145
10691014
90427419
40302979
40481278
30770876
81330729
97298003
93076926
77715427
1844577
15511906
40315830
3940180
70530789
75851799
72637065
22694731
69696851
56611562
76185971
19772232
61245045
40383148
73989892
32642249
8278225
44792420
26744735
68226537
56007926
42959016
48360615
31799608
34811839
5778927
90407020
59307265
84430958
3811619
93127130
58837922
47260279
84560075
89049169
17685876
65091545
89588543
23175517
85154605
71960514
6676654
54536885
13052228
43381435
1282128
23948087
62787053
48870918
36488000
6455031
57989876
69437798
28296418
70277556
69707966
96072031
72881500
44675670
5384505
59593656
45773295
76232112
31538350
40086128
936684
585249
79199515
54044401
84916461
65839475
62646808
90651892
79290764
70821195
49977111
8940762
82120163
17606685
56670520
67076117
67919005
45501778
15484396
88843768
14644325
84278705
96963724
74591016
11412565
37517281
25454141
97867282
31671948
85126899
15935726
87441112
31949425
14338128
36330150
48929091
95611820
45785806
16658106
35156910
77827740
12200355
92725404
92306967
300131
7140595
92065858
46852815
77438201
66029617
6825829
44997895
83529281
6984766
41962173
62389231
63969797
53291821
82761778
23939872
55613884
42444199
30244040
21234376
62939375
76766492
57011950
93587542
33422145
34691151
62364905
34446174
76207935
4258321
58423148
70312588
52689612
15132067
16570725
98798785
88468481
73269128
76954593
54596307
76933684
90124560
2440021
51286215
10114715
12838874
46334556
11401938
54007990
9696962
16673980
72619821
58218182
88919684
60246379
34226203
73695387
3686280
6081349
61660214
64321641
9779187
28385162
73208597
91397368
92532105
83107814
97257500
65908574
32397039
48586119
30426083
92146798
13233829
51716509
44440
26618493
41132929
12004071
62010340
94489434
51345456
90816219
33653125
55425878
6501204
99862423
88265744
18285151
79353536
22459841
63639989
89825523
38987376
47953462
58296304
26718795
63112293
74066684
27739349
66260813
20846859
43548262
19806717
57886926
20717730
929868
96790907
6048534
76447340
69768627
6426597
68601485
68891336
88098057
24944516
57599908
96837678
56917641
52972339
3929386
99534450
85621591
63908087
36564138
46268349
3967919
55697796
77197639
49623520
72618560
26353525
78268825
63436888
59270086
32973359
52571259
45901124
37915359
40534698
81392994
82909295
67353446
95958372
29291255
32088423
11354457
69334666
71296762
15555206
96355861
68478844
13301236
83516692
49861219
4181643
39443627
45823604
53279613
43356921
4246308
40432960
56489481
55943776
27029191
96195030
22290759
6607316
80803138
81454548
33524217
99127745
45415833
20618970
15311108
79897257
37764128
41833014
50484130
21376931
31741373
92983625
35270030
18170655
51210727
83181793
31335912
84582909
63065291
43013370
5803097
14084796
18062714
20270127
51024027
23496947
60023695
55047308
76356550
55108685
55203094
17028085
55012601
70549620
58526112
38094622
99176093
96179700
5192352
34146831
30185899
16227946
48671767
53114490
75573980
64326794
38815315
18885941
58478333
92594398
25597884
5525538
6256011
54548819
88747532
96369080
49933132
28336774
60163371
75702429
41510870
57231969
18962873
23530393
26658620
47175215
36990753
98711065
55313620
20603926
77161429
96506437
98348667
19144804
29483840
45925892
73077524
26936836
25523498
1053278
41001122
98038035
63675010
40103435
68215356
10226640
32533399
56550313
80924592
71135859
96530946
38927901
14904254
2790410
58933585
87882908
22491795
41784060
23220424
43266437
6938895
3498530
53262242
37273159
41703922
87116399
44042701
53573893
27703598
28817745
77305741
4007759
26556603
18438649
61258997
36769768
92324830
99346701
55106483
46735219
30361145
79951912
41335587
4710734
39989774
51561076
26246584
14880965
96536307
93116305
69683529
9173146
45141294
92126552
94371111
29636094
29028316
65781140
11896513
42313348
44825560
12775125
70223500
92625923
42900844
48932273
55983354
17536227
51293533
15647548
23226530
74639439
43983892
98176855
41539940
6060087
88937368
21043116
62360116
38849917
71491628
49606688
93379669
27350918
41136682
84558724
63657581
42072802
6889469
23102390
36742455
79021314
65481
32815198
90751246
30115664
27929722
45755362
61360997
97208696
94775453
31705804
55841746
56921985
24205294
59755420
52178402
12822441
29314465
85435311
50841012
7903681
74113073
74418429
66730500
368095
19722860
65275961
59988693
83021865
39315698
45411335
66371085
38882812
49723098
92390469
12545502
18042454
7463438
9358823
24245412
53480951
41926023
73520465
22958509
61426556
75069175
39675872
75405814
13715446
25641048
34548808
34664352
45514853
56860767
42784812
64896970
31742498
47794516
63659845
49033705
59807977
85502436
12591257
86556094
32680171
5666120
13499086
8347084
54237907
61841912
59574714
188950
43783760
89585015
55494494
14746458
88287597
27532080
65812318
82482316
86176923
4367898
34935066
24772255
26296204
98196967
60515556
92686516
67054765
10725893
89954375
86759380
96108576
58460341
27715230
27519494
11799158
90987248
42136295
72182253
74693281
88247270
18260912
9335039
23661350
36803700
18433233
31865613
38665802
25536733
12352879
16197302
88524188
91966778
30012589
41103094
27284759
32895882
13442053
32432919
44204389
97113877
55041344
28406959
9289196
67928704
8588679
50524184
75168863
19027262
36627833
69316762
82583846
55855856
82055702
17467141
38735673
29201962
13546457
99280572
85980892
58030686
97364511
74393198
74353639
60654787
42715427
26192276
43828774
24616270
99113513
62820627
61724093
3219997
59882396
78755295
94756583
78310660
26743614
53443552
72219553
71331976
57562779
51656833
89018836
97651215
32454729
53787
32019246
57233269
15026203
91012472
15542998
62650500
14060401
96179720
87522924
46687285
19157635
45184909
98318866
5507823
31390115
42781818
21670607
37935085
27730486
88723888
29080263
37511401
22780593
2360628
78259205
83778102
59070429
73203984
99162081
10603486
26438273
80620220
2648613
12964614
73963422
43730156
10534028
51623
1289261
37471015
79684609
21811370
78330752
2753233
86327080
79230026
97873653
28422076
51162285
18940250
85405849
62532740
75849398
87360705
64011393
38000238
59564574
93744175
71857269
52611102
27437602
67630869
76607290
34269626
85629698
13490572
85269492
27063506
41636055
33764695
68106586
5680293
88586448
70816687
55235766
65533469
41486473
80716794
60194824
82082684
84270969
58636227
2202157
42023877
38993293
50550171
38713575
57028466
41866811
67338327
60627618
11552442
84244411
82623149
23781732
48600956
92453729
52295474
28547072
45394240
97473464
55124698
69078367
44005757
25266140
17615812
42403428
68908670
58862938
68302264
94300851
39464036
55249999
52149608
89073669
82542827
824914
50450608
15173868
51551625
5000847
1726350
83261162
18395971
30500882
7094224
39620360
76130064
84101621
55308388
24571391
22554836
9724752
77127625
80238946
52551338
22906306
8442468
47096047
84562243
46577158
45586220
4749424
76070377
50085636
4237507
99516127
82430580
50531421
1295030
4549370
43603810
60837819
66457385
34926118
43381051
38846352
42332966
31332175
23444756
98785805
9957446
7281459
61849690
81881440
88747181
71033427
20031151
13767774
64995507
90169393
42454106
31783294
75254949
15427314
99080789
56617511
26200257
6519170
74365381
60528117
18870448
1248430
59296561
8360902
92351684
37561335
37641117
86577833
59871728
37309521
83439647
64563037
54711632
23552609
78358501
16977813
8312900
6388584
18550756
71852959
59415030
75380481
37903306
2151889
70506069
55134024
33601069
11708664
60093426
67059613
22204079
88312455
45933409
72712270
48436483
19724514
25148055
93955867
83302940
32026969
44012145
84821135
34034673
19216752
96071394
27137890
22405364
52182181
20378749
8890413
6064603
61889816
2272750
12133273
92237706
20628861
29443519
83652730
36627141
38038638
69868722
99191677
27002505
37393075
7698010
38596975
91958743
8253802
54637278
18765731
34027758
41832182
61061864
66857334
29279561
15995305
83429925
2176535
88970816
65638059
33832613
45009149
19372300
32352691
58621632
43739751
6045500
72932043
37161848
61785306
98507892
9694437
65336149
91120847
50120108
4792788
74078012
33590595
91075791
49733898
63850133
39845070
8802965
45334329
84802822
3629210
941839
86216408
77431203
18953699
67258031
45715150
4029391
19457331
11773973
75326562
54320190
2094927
6701540
86854906
25567563
99327604
78672784
56724668
99609961
3811513
2350484
9976009
87586821
17129527
73212289
73724912
61583208
23931768
49068822
40628630
43133213
22208640
86003240
69427870
76325967
82160575
16702069
56511886
41810998
7532715
70064088
18145234
78553265
25188226
55178940
56037712
82237737
11841842
35994425
10382245
440587
83620657
90879429
57109984
6896716
10297408
8733759
80487662
99673128
66873884
34051720
3264713
63166672
63139360
21279235
15588457
6056577
1732701
2819697
34253623
15799322
37892498
34202753
76760922
90172051
24211351
82404372
77934618
1265093
86963562
87907703
22993128
28134684
24291785
5236212
79976460
44405305
18706387
55074601
79473442
45396457
41430052
34673245
13206833
97250733
50152521
32536088
47796645
61784453
43987892
89206091
37726811
54925859
15983256
30881012
64917200
73109524
75982190
68520442
41155678
51827384
31223685
6213691
85264648
84193320
88259491
46303484
74678415
5489335
88781349
31103298
98836729
48893697
50646461
27080765
62568081
65087095
77982312
64479976
8856305
42223196
8011546
80986503
61869000
75977462
99342366
58726469
74333825
29572052
90509405
4131671
90461972
29968219
70520991
26882021
90630603
64714137
11384410
239962
67502391
64553284
12623296
12919428
14319349
73124444
89567078
28097241
96809422
61383018
10453059
87066592
10220748
53102396
85659763
65960242
79153236
26624701
41356518
46663995
96998428
45612819
93339523
32632572
60455455
54335451
10079482
53239447
20667692
88720856
27472212
32373848
46553149
51104463
72637680
75133181
54954852
79872724
75959820
41600807
65929311
39057916
62990511
91740962
4662328
93407982
42477648
10629222
36912450
95086938
88175386
61274401
9856265
25149017
79966848
96736580
32203616
69201886
3912590
33936741
47254630
65950783
54685793
41781178
61173930
30694180
86804226
40190099
60559879
36092434
7799065
51196478
95303033
38470948
25083435
57234279
23310355
66888124
16027857
2413290
33396695
80669268
81289198
41534647
95478442
1151129
98059527
26001598
60851512
52811431
39895016
22336961
46455649
73731514
39260102
69745735
56385278
93586340
4517909
88715355
97574355
24648801
23768487
22196516
79907514
763517
82174445
34346765
16515049
66178200
35157432
56359610
80600086
48943636
51895105
89895811
63045866
41608652
35191369
98013942
53521752
78409948
12076248
68832318
31301233
25759758
41066056
87377376
88722488
49875576
71402316
54536934
11671472
69438386
86463827
13816476
47430852
60938596
25984096
61579163
41938232
45327441
7950053
46489211
42318914
6796123
70256250
62231399
91665089
83850958
59431065
79665377
81221495
90255389
40236097
13221563
83038801
25508365
93992317
59856731
99680848
26096265
32346153
83135272
88341836
8110097
61416606
38075130
88001391
45077246
68967060
93800610
62904316
21649476
54517746
24423428
89203086
58718044
4502957
13832608
57798384
19576380
21520773
8550352
27209515
54280152
46672008
25016937
92858227
60869013
90951486
94588137
64637021
41237201
22715315
98426638
65155295
20250332
32662976
72048465
11817281
50104650
65062751
12727237
5306414
63254922
95467935
61609859
75819175
66372462
58465695
94462316
23028371
95614359
46301842
60671401
34994205
26693544
91236684
2668212
69620151
23201256
99600983
64835024
97351388
45507200
11303419
87878072
26157114
48655264
87971666
79325696
35481925
2663612
7084492
22564809
63388097
36045677
9716133
85992239
82356777
45082042
19236731
83837299
29159284
66024429
51980360
62891943
78128615
67518121
57631031
70015350
49726406
52535322
29892319
90725044
84554399
32720108
61956142
26268486
3835948
359611
20998632
48959221
56264244
3727936
94547079
89921610
17882987
29830708
25617271
24062939
23559631
34782736
96342091
34080647
13649994
73490100
25696542
53754895
77748399
37525627
37229095
42120729
83015032
21140403
82023353
38455666
81051624
54115163
89770855
45720746
56492488
11297277
96167681
94236124
62508024
67720208
13297606
72182780
32548506
70662023
11553193
70638152
12243475
48873629
30641427
78141396
97267058
98503436
7274417
58275404
26593656
74606674
9443434
43231018
18976155
73688754
10232011
62663776
44714384
13203487
29569849
80446271
16235946
52428927
59156058
6501482
25428470
3953943
73723722
51624636
46617010
74645955
74246447
15278393
53025749
14873572
29788055
72447553
99107249
13260704
78227408
85908816
164766
56642684
75645208
65529715
68140073
67542723
32366410
89905212
17557761
10736258
32348627
24531163
95966480
18320871
69529290
38112711
87999573
47855527
8513117
15694310
66428000
12008939
70361801
1526671
13524505
23538835
294254
95723541
78682286
95523739
1081904
43136902
25999183
29348937
75588728
98416
91256291
94664479
55048941
78153506
34611958
76151175
64581256
97689699
63010429
76181736
27604945
18111877
72082571
10639040
49367235
8413604
1515881
40569170
5721910
98451543
71366324
16766352
10089056
89619099
14771338
50547868
58065373
62469055
76235586
84125348
99743431
47320787
29687834
86141231
81917718
64756932
29562257
32828286
16349994
20832714
22390669
75419814
81960344
20554077
69562852
36723554
24942720
29375863
72723406
29893833
7160155
45035093
34248345
81423437
6776475
7114373
77912677
21672673
89385638
12354823
91432063
56529118
74358731
19169466
55875721
42721814
24120036
39767104
1199411
45291291
68296676
84652498
8630774
74506355
75562215
97313400
3008161
18164588
72121626
82983159
40584376
76950043
44817224
61025343
74748463
89120902
61408361
75102975
13126782
29030756
25082643
97054512
43226517
70930272
76921141
50335221
63580252
51413024
63303848
70129232
29312614
32535619
76604606
56403117
38007586
56806819
68480359
53093499
61995997
21224520
87154685
18870379
45709826
73044790
28072627
34630395
60115185
98189453
43792234
79708391
63472478
19277676
12816950
41579349
73522729
42984073
87664087
47816210
24530386
92306894
87822589
39795615
31554582
34440252
34515188
19759239
40609261
46072015
67329997
46337864
84919182
85957125
40732836
701422
13884764
86267665
85582441
74178602
22501163
80318331
68383439
52849004
53224361
94858659
28617165
9923476
60878163
61271489
43942327
86325539
84902840
11493653
79901371
95653967
88775237
13565403
75396862
11782517
34625413
2476486
68006393
13242304
24183628
52173316
72616421
74783075
66439340
20877890
11511881
57655796
16457021
23442868
3615906
20696206
83212140
60739002
72205673
10611805
29043749
89931058
85127335
77571871
60834241
13652099
75613446
20986678
29416498
37190029
34050613
53585061
66863952
18955727
18688622
77519807
87585207
35889402
72186503
16055440
26020023
91271483
53562970
95958773
81418767
58377815
13090807
83991227
4712742
24407900
45526469
7766238
34029068
28644353
67261398
37145285
16452032
87894839
53513517
52692308
73501965
32884582
20482933
13704333
65460812
80208900
2443519
90926505
43399790
66118203
99001918
93243985
44718057
81766684
68598643
90130782
60772988
77054082
97200952
26709931
75879264
31617881
30162828
14027966
21545489
3409113
9527493
64802610
46337301
58644470
77692376
72170183
51018054
56605284
56631714
70170183
37985839
6380128
42835826
55752666
68569134
2034116
3763965
70263708
60390505
10974022
88001398
87652213
58082574
57097614
68904140
43593048
46532824
81105029
83217813
98568141
50250869
84756494
88579175
38050761
53218177
56635229
72182815
30770109
96927365
45829205
16746856
29368221
42685923
30418908
50482265
93667722
55921798
32462497
61649533
88986160
89268195
87739748
79709068
17956268
49481113
37981700
21813342
900554
65486393
46155121
55072336
11408824
46189216
10750315
57296189
62618573
8212740
6223646
87973153
10537185
15881626
37281079
49760964
25455833
56417806
10676110
22893788
49901972
65859216
58943929
27811505
73493154
83561198
3528487
90419254
65769173
87824794
62588771
72118027
97984065
96581073
75014848
63732973
28569395
88958722
72053899
66195820
48947073
80361231
83107363
71661148
61776126
32867323
59976325
26833997
56441223
24548607
13392742
30596051
27474548
75662367
93113913
50540461
41025106
75960903
49587123
60684864
84445104
10805191
35861073
6920813
19200618
75720900
60710123
99326310
26906156
92533745
96820161
35318873
43084075
41232547
88020199
33816471
37368410
97863671
23338015
8672887
53584673
56727464
18155727
19520923
16130957
9812983
38960740
97073194
90521724
71316678
48952087
21910519
96818678
88761766
73220080
88457365
86024237
93414923
73363812
62762421
64637183
77140052
45142484
56985324
37974054
56136526
82644115
19349182
53070094
12978788
17731778
84958847
42093468
63470201
27439953
78023903
95875788
37506945
53468787
4071524
73475941
67580970
15497444
26512325
8812015
47686080
16609733
93184979
95583058
78455249
5988164
55865971
86163450
32680291
74235435
25188836
38553820
61782234
51659036
40294243
80262526
21727109
6845031
63609749
27219287
95116016
89497389
6074340
75817591
47264388
29006245
52571786
61832124
67084036
63558864
43884848
98534928
96597186
51243785
55125793
36955033
88964562
11622062
27751526
28464954
10744796
32828750
2375074
86539702
97249060
14981221
16627218
41763019
72289056
37869192
35404413
1749617
72629792
72036853
75566235
66088650
5126772
97317567
7111168
56694897
65560603
67207622
44136475
7676388
78651197
404827
53834324
90871071
57387685
47562837
13221140
30686292
64451150
76555879
79757028
1494036
26565241
99212436
17247929
15504018
92980005
56554871
60079302
51910699
76282902
72404918
84591349
32556141
96434522
85560003
48327874
76996325
39280257
84341538
23998284
29831790
83766130
98278323
41572483
42049076
64791837
49743657
71858828
54297215
51947831
51349718
96526571
24659288
14566600
32933047
46336855
56240639
91149515
64400978
4472484
13679154
20631072
46370473
80552403
9423508
14234113
65053471
34307836
92446834
9489820
16229509
18773300
65571457
7528155
17144629
40005899
64750782
91809249
41678637
76031799
52242924
1133103
59592672
98299746
97649938
17983824
92098351
28458409
79825506
99192061
94580032
39763579
59122072
20220984
29299925
6620008
20219918
3347121
84606390
46917784
69942657
63326064
44976253
77353810
73853852
95863731
85037667
944761
30800188
12042418
48714760
96626690
45461722
52443436
79414324
55810959
74199223
47130130
84200194
1461294
81364538
34949224
71927194
97636724
31827722
60452568
32121035
3299328
72284765
52804896
49368710
33485536
82989649
38532796
14628592
35078933
49234373
44539952
28139453
92997216
18405443
89867968
30583321
27762297
36167915
73253895
82079604
19265783
84626155
35008660
87663391
53544632
48887250
19935880
4039452
54329273
72641082
58728797
61020036
34924261
11543759
68795771
79812674
71917314
89849459
43788579
11644961
59875759
17153184
11668660
18354121
48020400
88410261
16168241
54751971
47555030
65126911
52652768
52641383
28353527
51501713
60602527
18458366
78854456
51700451
69953092
66450883
64526085
52815690
14355035
88433703
93011018
27165887
2969459
6886369
66837921
19652592
85983934
19489433
84341294
23709944
80738264
88249320
67944649
1375703
3006504
4003230
3871725
92003674
37797909
75464479
40993835
47062919
29782515
38096246
84265625
96721899
93962786
51781473
45065080
34137081
32605492
15601707
4480480
14378730
6307711
99907837
54320801
75278848
71978426
94789459
27635961
97280580
85213241
40370470
80359179
26603079
69204002
55477693
26706244
43629963
63487663
48110166
87003462
3833400
20336734
87825747
13030182
97881181
57549673
49733312
71985111
41061436
54950244
41196829
28579484
52322728
42738244
92809931
69250054
10885519
20902601
21578480
55845324
88292525
88235766
82105423
1787665
91056078
90826593
15650919
96951420
99078780
92918421
91091190
41367717
65755025
99416157
13601445
28755662
45786080
39029069
24407851
83224978
47750939
85290139
27935351
27247009
34318200
91077808
67823156
72701137
23067575
41529583
51540175
7967716
62715437
80073988
61896769
34305483
29636376
73544147
90638788
41324980
78450722
6609897
77913751
81951551
6122149
32731136
43563875
92331825
18640882
5307069
95068765
85610504
19704938
25035014
73739862
97170445
61015904
4618285
8912539
89914121
94729084
13614056
18870178
33634354
85326435
62001677
59948848
64522931
37111310
85849309
2139799
2367381
37277195
49409426
20808734
2078737
52934413
30269604
89333359
2764367
93082339
96683321
78506892
75689352
6858263
93452134
27566538
45699290
56827909
86593154
44605101
92401467
8085295
52152683
88758628
93317530
71467192
18971540
39321449
57195818
59164888
56225422
1619026
38454083
72266558
68483730
79241953
87305656
96356856
3773784
64702239
28313804
95872825
5952059
77244906
44719809
62234286
35546209
82492942
49287399
90767729
29912460
89873355
49343615
39414966
99501541
33268087
47865685
99566172
84685815
91527041
12333599
73735128
61558781
23614949
37978681
83852270
47221324
99313559
37647082
12490142
40800242
60844511
68345822
98261408
27087441
32758995
54865640
48171470
74064157
57820323
44006083
48538888
68735769
9173680
35520350
47630449
73516833
49523362
40093256
28811827
68524612
6206628
18690107
42259818
12158123
99061433
85457447
87304712
45572156
89637180
19531271
81737786
71905511
79618577
28978796
75128667
34317977
36408758
8290571
4849766
64331837
42197513
24940419
34100157
64638235
96737028
86722486
83454038
87082982
17318103
27133498
31365165
9036097
20179518
25291512
78821399
30491720
83825399
25942131
62591336
6723357
37167863
188986
26129165
61727993
42728661
57606496
19623954
10636567
7377559
72229141
38057566
33749509
86262085
82049531
69550458
94961109
55950803
17275984
98549630
96587716
78014496
44942600
90539547
4363606
885154
81199854
47821872
28981003
38416445
49648750
72042593
12921104
79428976
56270374
63783535
60987266
24383442
87001818
77036436
5047816
4924723
8910921
73219664
83798867
5714689
51869909
85075065
12832235
17328536
3883225
58853249
51190869
68690650
96994863
9277242
67464746
3839137
52646595
57815134
10026166
29091532
28527980
15682766
17367510
11217890
41709701
73842899
53784345
18925369
88396573
76755137
86863863
65121903
48625597
75144925
15890933
72789408
82241875
17101324
95028055
73944841
26016200
46148472
56720999
19524848
80603738
59134362
12875362
17047725
41102544
91123270
66352221
90234847
85150877
99101326
15467101
60283057
84181392
39578327
57453600
75427132
84763109
25140525
10636780
43969117
8405378
39514968
67766610
62900245
12907258
71055765
20570703
29164932
2063722
470344
14441931
28642426
15478495
48244400
87824162
61661993
6909749
75756473
29459670
88928513
94030707
43190076
84841276
6725773
90475148
13452914
80519330
56982620
78225784
93631303
5458359
42760353
23269848
80571325
47906483
95535936
3996737
32475574
22591519
62453751
88434169
87736914
24361040
12679106
51304170
1850461
39986412
28330184
22084359
67569893
79783572
39356984
42672034
71738135
98935653
95631068
69699628
62233639
13960032
12635367
28898066
71051121
44901878
20854246
66249918
26253118
59403473
10705936
64378226
48795636
8902737
19009764
46630684
77353296
87290757
45721691
43900198
64354678
74619152
67416778
48006988
23060721
87283705
33793362
83783633
72773063
16348535
78085278
24906480
34178196
96719388
3722707
93671483
20714393
60174411
54182889
49208302
25303710
36150076
34300701
41083567
22130216
56864670
77625266
94286334
78590561
37953780
54729363
93870731
28463192
5928379
48352309
29543464
91520292
50145174
67043719
96880734
26682394
63297422
15307384
35284886
42096998
27978991
24016985
70799350
38422024
66193971
48320059
44686533
70849452
6058256
39444544
28364252
23511087
6001184
59075197
56636685
65383669
35800124
2982127
3860530
58394370
60546856
3241381
65796206
69589696
69303641
14114170
91199823
3699535
76879892
14102284
25551399
16942589
62629609
41642163
55811477
79774938
44168742
32422887
78769790
46435098
49922258
28104943
12935212
23908275
99432657
30451633
38009843
78368803
17071397
90593680
31248022
29733695
94572616
24604287
87777964
77413448
3416655
27309902
73059086
58053599
96479201
55146026
4163375
98455031
87014474
50437879
79186834
30524969
56328695
66420209
86453196
34533400
98539539
58758083
73355797
81368418
91931152
70063569
81683780
65707545
91239902
34388305
28111920
10340987
3830775
32325497
33736661
83979660
29663012
81804546
89149577
99871006
90156326
30441495
83281681
85105084
89274926
9278695
84518953
87035823
15109979
2674874
30852410
43072857
36177098
41965362
74622513
52556852
14511325
16629066
30222195
78363152
11068707
58904074
52131669
3592274
80230922
86315070
35567424
45664528
50285938
58564417
76968047
62881559
25000124
73336032
6125525
23755230
70678114
18134403
49455532
54496823
77856747
16161652
16985142
37896588
19290163
59715300
17860679
53204530
5677445
37724231
82507511
69108035
91043615
75023115
38107798
60950416
62275239
20959034
14050547
7214967
57577863
14741351
33786627
73870646
12458906
92361492
94745884
67425928
81145906
83368280
65134492
90968625
48815372
67998264
12091093
88938830
87498561
75983440
15146526
96869894
8941890
49459269
40457801
40470517
38619956
41250584
82106116
12711872
66360607
8436782
25146659
79993681
49223835
99340086
74087428
36288282
11722457
81237097
28625277
31068129
37161921
11150850
47881722
49790035
74191272
1169215
44217710
21148740
80385492
28911154
9215181
82526690
1542555
43339427
47001387
44874838
30501938
88132420
82644370
86343143
52433408
66580238
96936530
99096178
3144575
71817814
32752527
86466001
89470640
6510419
99520889
71658976
46061445
52112726
28316406
63597022
80646267
93179093
80922239
4170575
18666631
79252378
6323283
94517629
53484176
77803964
59234420
54280445
55594361
76137565
70893248
36740326
72092025
96625987
96402178
74210835
94829387
93838505
749949
21344440
93809681
41079738
17891939
39944732
43597250
74654793
54777503
22511460
97784299
58662240
67034683
45505736
12496139
79592519
66653729
63838217
19791850
2049565
2541460
75146369
29417256
17711005
91018736
35069978
59805576
82095229
91444509
47292031
56446879
71491087
42470512
81992683
80237544
59862200
17735352
36244992
15304452
27709901
58850489
37717335
58659824
22438001
58444949
36488897
58385069
91850930
13771288
42164205
15478617
93269833
86044067
85349552
24491340
87689150
51902840
25991318
9976046
89315391
87384213
38848113
94594659
43298391
80542012
25439412
75567494
83161808
22601561
66163661
18026108
28095729
41816314
35196261
2722434
71505574
495468
36852256
27305345
81476560
83873752
25763270
4245308
31611577
8059509
67403294
79587523
50622270
96363379
21496452
4626569
2095079
17159330
55363524
69545590
23137072
7215383
77645652
35475440
31271503
78403635
45992161
35459299
93752482
7145563
44328305
78342877
82609816
4776284
31969048
64152527
79926821
49307607
49919992
37918892
23588472
88969619
24782171
59541251
20112732
72312451
97980356
3699484
498284
64345762
41890976
19667497
65141237
21088066
14694330
25747383
6689303
96397467
89188089
98584355
89803674
87745768
96587681
10662020
6070237
38899661
91502939
10338334
1579764
50626839
2902811
303623
47439666
41069852
39121849
69366817
31638034
39618220
99041942
87289038
28801552
32351763
45745439
89939801
49005715
90335242
40433111
62218378
50055730
72735650
24700198
49950559
49695436
9192537
97378831
65122165
15547992
65373195
12359442
94399690
73416257
95502901
40333131
15310473
17591664
93791474
70343341
69863015
22159453
68097306
80252163
68271523
85961010
52121912
67884559
98481005
86091363
41276394
92897850
50737560
57077993
73855293
10932332
55769481
37056799
50321736
82451698
36667151
36765177
49258778
83078382
19134124
30964456
24788405
77658620
94381550
27943994
21828469
86833507
71427785
26493988
3705219
78249392
25624296
87039188
20502580
84558341
13254482
78606367
6443458
97328974
49751557
87401869
70652897
86501906
78355476
61683363
43863134
13427000
57018723
9066679
9843761
56666620
2763389
29244482
65593811
89446477
86138183
83521978
66408977
99353102
83038568
44974986
13117610
15526606
20309298
23438828
55953464
31073232
61338336
96228302
66235284
17484886
54439169
74010153
44824631
27556909
90151365
70169515
93058702
67102916
22113077
70722230
30406588
32925498
91559694
65589313
84329153
16764004
33770226
44564072
56872940
66743681
65513765
8577571
21770953
37095523
82333244
52593744
92018600
44495441
75242892
15159473
29558544
69138273
91499103
9783379
57035500
65059938
87120771
77210844
63355939
30317391
36955045
31005376
90268682
19568754
5245951
78627733
90521294
77918239
37522887
20466091
84275522
48404000
56068742
12663036
6005103
87920140
46340799
86364376
41104455
92418084
63263633
1142374
76704624
52686623
92196527
78855114
53749849
52985210
67041695
81486276
4538709
96107760
3122779
16855634
87349820
56635710
67100943
49313557
90818292
60721110
42020956
2614240
74222047
61860603
74579218
64243349
9526779
18798802
42161715
39589802
16872544
10821068
2409436
61274767
31386074
17002479
77352383
24938664
78922163
85650213
18670206
4895646
21808769
33581632
87363808
59085399
92000587
79552212
88540884
55698902
85635621
47766312
66039362
52190788
61680169
12960271
96372717
19344714
50869096
93964803
60005762
92257671
81940597
75882917
50275959
38030821
5615212
37866583
2658967
5807330
85462132
75224697
43749075
68201080
60005493
92653696
99645634
9675799
75540781
77363309
27768174
54783665
95590112
57038606
17837028
27831162
2578586
88337792
44984651
97965393
91371155
38388492
57719003
62566075
8490547
40091786
30433580
81823023
44695782
57759124
83495525
34287169
40755928
83201083
74305940
85050053
87090499
48467608
27669761
52347230
22818131
44242033
59695411
18366169
16830877
97312849
35712435
93851119
85077411
7171984
44994055
68155773
65275663
53194109
75898628
37090170
53661283
24120783
48039379
56647459
12513230
69188271
15878904
65611608
781596
20145109
804723
61885992
38207344
80105970
9027914
48875987
53531410
98296643
64102968
48250181
47602362
97980673
2062124
85985968
45436526
18302808
92440569
84885803
89764724
7570449
77264740
97870238
53556287
60355102
96244343
53568071
87694138
12152991
97360955
32371674
11346640
4100082
50651317
74935025
41348983
88433569
20075951
82299331
95996444
55606051
1905114
29874791
43885046
29937282
88367680
70714835
95676575
64512459
22974633
80712425
45186666
55426082
82824907
35057997
17432064
71287780
70082588
20392444
88341837
56773414
12377277
26800481
93251499
81685794
42981606
65080394
64955073
95292417
9881192
55795893
40484267
85924767
69119565
66477924
47103425
79747182
97687474
48967401
64764276
93301721
71967809
24838747
31793612
30985939
75762405
77895599
44829703
56370583
88741200
43928437
28428438
22809683
11150487
11749724
76450155
2410374
91361695
16299751
8103925
76531467
97610610
15351751
18339826
55556811
847172
26552268
91606516
15968542
79281813
72049755
98045811
88632456
30869621
20170970
70944541
29247251
68676067
12664821
88870399
84175817
71420222
58954465
67912591
72444701
12353611
31505628
97440408
63627770
16895434
30482680
80965494
99515085
64226639
74389933
27457762
80678326
54259192
47417904
2329878
81771803
26427937
37469964
55995710
21007921
94822543
10890220
30875050
53670656
18559244
87265113
56644093
38113436
20247558
97885315
5279325
88807784
45974093
67275222
87327962
6084130
2806143
66390792
95004809
28024901
43880195
45496461
85565028
97134801
55895284
9650121
43082295
41203605
67941078
45022190
64005014
14653125
50159695
24814788
2770211
71619995
24665987
84936660
67924575
54877793
12443578
23231267
58914015
22539319
38274617
56451190
29497198
59162221
90773091
31432871
15571687
80468240
41349246
49083790
37818437
77142344
95200779
91338683
45764630
58373873
26303353
15127611
87613857
53795025
67871019
67500356
53608836
50699600
40600633
20739211
68971402
58301159
10422718
54950702
26217184
82643716
60862164
41340377
52577998
6316014
23580113
4083627
37261544
16003850
78453405
1484044
68979546
78347948
91172260
69283445
46277609
80292882
29888650
86887896
9624756
30682156
44585893
97553760
75163746
39969515
30746605
61762289
63050461
75707307
1405140
59464036
14646037
27604732
42092966
37357291
70409671
90285305
77235828
60620852
80722508
85433375
34862244
14722626
86808140
95986260
19668275
38726312
63597972
69351442
35725718
45881177
41249009
37305307
88613229
99342616
92391773
55850564
4822961
96345347
23645978
21924785
32737294
70328439
81762051
52727406
12805617
39489010
78457047
60570213
6710361
90727090
99643430
9983022
49868156
57645883
47205869
42855287
69415337
87644858
37921982
55776013
81491661
83395841
70757407
72511911
47582603
47723158
95700488
60886791
1488534
83333406
36541325
87022606
8613689
43643936
17853081
50214804
33268585
14670501
42418920
19249086
87201912
46968789
84631508
59379453
94683516
36345145
17195094
23969670
70349660
30682587
36817653
9286409
42008449
73433886
70576834
40779875
69236386
82922430
1200295
29726606
69131394
74607861
6080431
68905082
77760151
78539169
91697743
87508484
30384826
53811562
76366189
91384336
27731036
90514561
38870855
42331829
57791215
49714725
47339120
20649110
77351420
26941016
51040108
91282445
86491500
70715328
34472907
52296697
4125561
88158782
70918814
89060479
15134928
36760006
12726499
27499182
80726171
55438328
43624226
32619918
24065016
35621468
71127805
84289637
24361199
12673387
42855761
43771147
38545156
66444374
93283904
81983561
46990997
82598650
5403942
63762414
7927212
73379315
90961683
64046271
85771902
37940034
55141921
92119336
68825305
69039980
1650795
38794858
18256060
76570360
63368243
58322247
97149031
80841453
70691927
30778362
16615050
88597907
99792448
93803244
28206857
23217636
84406223
35327280
34338915
61412756
76332667
85560768
3239528
71719204
34418465
1779602
61463543
11865800
21861815
49035295
55503832
76227375
93900299
54135172
52156671
80522737
52045301
95350580
97052067
84306378
1761793
49549107
89819149
83702414
28645202
70072823
29272568
19261039
73494057
58504865
68084143
45097923
32842591
90898684
97423879
15321077
73776409
73053594
48021353
23966398
30825376
84505471
60681800
74223363
3205626
37151239
26770333
61923061
53463548
84146230
97565709
18931985
38818044
98987868
63725587
97174874
85522290
90063473
9196322
36229605
33629881
70440173
76784989
41795219
25332826
70219885
59613938
27650837
29823490
30589543
72420441
86081852
60678961
85570060
7274821
15520907
43057897
7321954
21075111
8406909
88216915
36051239
8604915
41228737
58100992
31113518
4775195
63870637
81418989
98927481
92312350
72573343
15729162
61245627
9642275
5464238
61084717
21658859
65847109
84593551
73790989
38683350
61298419
20787817
29057485
49660517
76451367
16195795
91438433
32256068
22326118
40972763
18445251
94752966
8760920
90529474
16408986
74560782
21774767
20082575
19264477
8508365
93334391
67679477
56008556
30838137
5262526
55244764
37543978
35169721
14735161
1404726
66144728
50349572
37831127
54273967
21954387
56144316
69873205
13422928
62002778
48299534
28357528
27635895
80021055
6462674
28056453
52492364
32903569
22359734
34472108
17228753
19165568
99325747
89767141
45479522
86046634
20063852
12011975
67943840
69135643
62253906
21043096
11498602
70019482
66886914
64867976
33767327
7055953
1119249
49638442
33090138
36130667
5189095
81584490
14086352
84982344
17890479
31744755
53625408
2025703
96089561
77439752
92772428
798320
91159913
53877000
19450238
68185105
70645995
89859728
23579949
1455014
62138205
32433244
90532295
20671821
24106965
54487913
43982899
61830961
98613476
94234551
6430249
53111886
80598012
97947416
86423284
69154073
87036839
35718013
86894792
80636475
30538181
89456822
90193089
6386787
16164163
58298117
95036461
46644758
52141119
54647152
9532277
63933272
34174830
52848353
82917290
72626201
49777960
70230002
76405411
60180039
88511767
38961236
83010384
17285532
84855833
62712060
36873552
30023985
51543970
57920601
88532378
95856896
57123085
47266165
78064116
64473940
18112731
50102697
6916242
98211912
3812125
31730642
5942642
23186137
45603266
22183550
42076347
5450207
21493693
27012441
76121123
11810897
3828373
32338104
40432048
16887371
73107096
12797302
72871806
95621965
19324690
4956966
40277251
39188625
82715275
31190914
21267807
68885824
24058399
37597072
85184108
4517886
16423653
58765648
21430651
53881944
36088201
85432519
65880892
38575811
50878031
38178353
57585236
55621331
3396018
8480175
67491714
92334114
23451540
18992759
76501944
34295409
1261212
16173463
59611596
64018864
35201108
42226389
71150003
19285239
5344181
14971375
40073103
9204420
631446
89530084
44440953
14074119
29462279
20234239
10690499
95428342
27682184
49817078
71285051
4301898
22794110
56194889
27472572
66115430
58772539
33132076
2742399
14338509
75855466
28293844
67180086
9898047
55145293
57770040
84581186
97190105
64072892
18945848
29759883
94236711
69195430
99259176
74237750
21563093
42986510
98181028
58768756
30714984
91759023
84887738
89061071
10485422
25215672
53763348
2883141
54447878
2021082
93175467
5228971
67263774
18369335
16969477
60108735
65079143
74818133
47027576
43927669
51001221
28521297
59617503
62715875
82989501
88725314
4072671
39724492
30841984
51427771
55968179
52336030
69689691
84154702
12326503
66161599
77852242
92933717
5352320
55159377
29108112
42692840
98562597
98553713
66018501
2489932
76747974
14617253
2138430
59689304
81602820
64668586
72122236
51611564
52483746
56736933
23088332
11735937
70560521
36242101
92454530
53408066
78520680
88513247
20678434
84441390
7928248
98142209
42351363
21492953
280764
79325262
23578502
85477788
58900384
16288081
69731698
42505450
78448770
78895049
99795161
86289474
68798707
46577876
75833753
26477535
36517679
76342604
43794988
68841798
18500384
81720597
92629881
51385906
71609329
59226497
39665256
44648399
84098756
21655520
63073601
25053482
66646428
45092947
83857953
58373207
27783067
56795102
43977260
48817105
83839350
63228272
88208179
22033821
49816459
4304667
93939971
99142176
43860766
21331657
45981958
67030147
8615708
6958338
65458220
11599711
94521392
39021499
43797074
43176043
20747796
26392164
44305877
75966689
57359118
91915410
14307899
60852703
81391962
5279512
38311452
98076212
29367372
4542654
7201205
2088145
91845125
53001498
42895627
26473841
30101551
25709680
20664955
42844406
98052649
39483339
43722227
47329981
98475895
35127691
33515956
78604854
50071543
8902841
12823428
30846700
73080248
50304807
63749039
70918576
54203808
16654347
38017283
1371209
94897061
61282996
3264310
19984899
88245811
49493368
89909732
580255
73448337
24535984
34942549
89985515
94954176
7493789
49160959
92782981
11403133
69896907
18256020
15797218
7598908
49724969
28172146
74481891
70664747
91045257
42979666
93143736
99144383
70925283
14561442
98834996
62328401
28057048
34213812
64888252
86527703
49088761
14570038
70780234
21667911
52366785
62378543
27737796
60210864
72885567
67555001
81929334
50426234
41821767
49386141
46039269
18911665
55222473
62142224
33961163
5272737
29649815
46654833
94742366
36074505
62221244
60645921
36155417
87569618
77279830
25260941
92717616
68239213
4223037
56743359
83027310
43905520
44521541
41014536
21886966
67705906
50448125
68762315
73369291
99778571
57251897
700668
77207445
63827914
39986106
66034724
5785564
49433505
67568558
27001384
310728
81856764
37168656
99484635
66186880
92522106
90309375
23298758
64043665
72830161
92223468
9904056
89077140
20086088
81454551
8562954
65981551
95393163
71289579
84246196
28520027
62578414
12578293
5146434
74558883
56295017
7080711
9243535
29712372
33493788
62333348
29869335
66352955
44622292
41536457
50145170
66620375
83194419
11094930
99378455
77924167
67692703
12434573
27327936
39050308
48524991
35585219
47697597
7474073
39368649
43371327
15112751
12544330
81751200
66736677
67045950
38926375
75205692
40013040
64969646
2904344
96571002
51540515
1950376
52549017
55906101
91985177
93654469
91904401
34135197
3275216
85094390
21426917
9491506
7909154
12180130
54345986
72600342
30608528
68528345
58202413
71318688
84910777
19444624
12507570
16740177
46416511
19975774
90890996
63170669
39487683
72649983
97830597
39561796
27375133
91267769
69129351
43477383
7489876
70909411
62654856
35125169
58692181
79259165
68221597
7250181
34330350
28856463
7093291
20208725
92646608
29821326
87695823
60723941
61148978
94632315
37171326
92564204
28591094
89843810
40322679
63485659
37837693
32684376
55632194
50372928
34837892
4763355
65235023
83078032
29974149
24209909
91210837
98604611
55453252
89359684
41176645
82861005
90788555
72837930
78011791
51248918
83904570
48091331
12778436
96927391
85769557
36881297
38616346
96548581
36072660
26242587
39572922
74812515
30380379
70099942
88298585
23679776
44345162
69828784
74789146
71861447
84297774
54469371
57389694
56487636
33444608
89317846
98129243
85896224
63512778
71314782
44094826
65611282
73425816
40420251
60127462
90782544
91398949
93872834
40426239
5125118
65802372
83858752
74523871
64890624
6529186
701345
7199277
83726079
90973107
30660115
50424541
28548183
45902711
82283978
18801616
83501129
51482687
22656093
54879142
65484177
75058784
43285930
60806551
67792089
93852326
95086645
45979426
3010821
16514839
78777520
76238100
7082016
69926834
3514270
82765430
5590944
42522887
95885085
75880573
49313769
61110746
57029886
83298350
45996666
12477468
35248606
81604789
56388619
97735725
87677608
42051024
10366971
56284045
39315985
97726552
36326612
36529410
66580713
39968328
59550957
81795544
89794646
47239842
23550527
38376411
57449048
12941388
35117857
75156522
11889357
1609414
24100985
48314836
19641294
3472178
6005544
97873699
47169249
52608186
96376781
6474563
19400381
86526701
61865894
35371412
78187589
31020692
26259562
54872290
81143060
33485707
82496005
43711666
90839735
23514231
11012752
70670474
87271088
91063637
71669398
1192610
25959212
59264577
96914466
35370706
65124934
65927387
6459586
88866103
70126593
86662019
63958928
71105845
41330133
39497335
47385775
5028742
75973965
49955358
64760518
38048987
64620877
72137587
59055162
38472600
80812435
88675591
28317773
65427162
1672561
97035912
18205925
99672362
65228778
66387377
24347543
61668342
6359611
39677366
97979102
70329367
72030016
39463329
19839159
57999493
10724480
60003851
64252921
8822211
20412888
99791577
34556541
70995552
73473381
29597010
41810028
85708159
24295081
85492903
14964638
90049818
2289998
34851962
66646303
94653651
51974966
65460015
89646366
40033931
454334
74363610
34193537
23458208
40920881
95095719
98316303
57055412
84273122
92161200
2661740
78050486
6293173
16406925
95584424
58762335
46671699
49493063
50463163
47667074
95411645
33607814
80565662
52708804
7180273
42584351
19910942
30809405
58597691
18673658
92906478
8195026
6064858
8842136
61057795
16141017
70027818
35665047
12496057
8440207
11566752
84729260
60297963
67214763
58620797
69031203
80764366
28910056
19223294
79528299
28816923
89901813
6959370
77729804
9263567
75725384
88608148
16497942
26999296
61279602
67288809
79509410
7013226
5977992
63541297
88926730
49566883
32016709
65772650
22003957
64480937
7108525
78446711
94846722
96274413
51403947
72338732
4099752
82478333
60914191
37988136
6218597
77479831
86921972
71002104
58866948
35276469
7250588
23962380
28962651
97560464
33313025
73710597
49599993
81363438
42574831
14013102
7708399
60253566
86759174
80137445
63854384
71012403
39295582
27469428
73901344
31589400
42910964
34355348
62943571
39458061
39801949
54602069
95132583
76109340
21126197
21241025
35142998
74908874
30639943
88883545
29866336
38805521
13986198
31531046
83755643
66030711
91679843
85539529
13436652
17049889
29690769
97377427
88313356
22591315
44341911
73507982
41156110
49919475
66283858
58247048
44901652
2661113
27690546
7798636
5131791
67761814
78003370
97060168
88955100
13764019
66967753
83352481
79320304
87998003
84197962
8847250
81007932
7578071
55648742
9457628
28613296
92459158
53167313
50795683
27137062
14826482
68727736
9344464
89743
55609544
70509739
56621106
98618284
27102011
59300432
39356489
54291081
75717226
6831069
40268135
51248597
34368407
77667888
23395258
51002202
80126130
11624906
63028694
91670016
94641753
46886534
15932280
23554442
12153694
10423794
31555816
93098979
68702932
60869370
10814005
51963407
74590175
40485949
86438502
50214365
39518735
90569546
12368345
36835461
16251963
18925285
51290328
6297611
81065952
55169259
90795847
4483565
73935261
19642457
39488059
82025699
11345051
87046067
80231083
33772144
85820092
79107679
30320413
80565643
7291453
45917943
47454852
74095451
79670273
55730994
93723274
83188227
30708037
67820446
50651250
43272701
37504587
70337699
59553609
20538090
77732689
78946919
37076545
68180107
13301319
73568072
50862929
81469138
40786213
90231496
76861533
57644445
55323692
60878144
66818454
99103436
90547425
38349998
86430701
64186201
5563819
98744055
29302448
48099678
79310882
17842317
53622321
48049492
82073192
76087331
41162609
83959220
65922945
54031800
42164654
99247247
84800032
57742011
30176039
98919354
13181402
48193609
86318867
84602653
40491317
56367295
39166274
82101891
41784891
69170191
67682785
48309937
14837483
57486690
88237334
4125718
39447938
40371129
24480547
43530190
41609702
24865253
11022449
40834812
64446840
46855162
7116948
25539168
40491469
98045540
14751685
45618109
75736897
74717220
23823224
23208378
69382137
71347959
42460026
91394070
71513873
39956365
68803764
17114620
48630133
5643724
43074435
69883643
25609657
58333543
87493205
65579105
24564434
6192748
41562973
54157235
97952467
88971151
91810087
45497470
74407711
33304741
69735810
30006158
51821480
39457819
55300747
95808283
58654114
58103406
84914149
99650260
48562623
41584975
12485459
93479486
17203565
8418197
42107550
15099170
59823916
91336463
8546168
53663765
82440360
83886910
30068899
46903892
12411191
83562492
9889641
74958584
27586297
91351681
85800436
8872017
71985756
70656521
7281046
89083704
86362216
63847776
30530125
4805927
62904999
10509901
86748915
88056423
74173165
37351853
34433028
73958230
72007168
44318206
73104802
50940294
6697825
55439797
64575600
95042677
5534945
78213305
94782175
88767919
82296948
64124246
14446789
89377829
43125671
83453644
30110097
45945424
36093053
78225251
62489185
76363261
50728013
73475793
67305192
51192667
36618684
67754144
92103505
57743953
44706516
41200779
24270843
20940697
70604169
40618722
96137602
46961010
24087693
34671170
36558214
16458893
67382833
32151788
72999657
82734662
40936267
84347355
54563971
26727767
16804352
47406910
13388885
99107956
43143790
84649010
34436362
44279827
67086189
66447169
38617409
20271682
24458524
78235966
28282215
10479429
84178418
31247797
20482825
54194945
57458310
1686959
35996590
16888389
43189450
3451950
44361002
76251689
48688449
28850245
85765626
39745299
69923543
88250135
2572960
44139500
36624871
25386190
56854117
60338512
84377294
72197224
96852894
89289751
70101991
75721093
72777102
23466570
6345580
59357085
23207586
91083280
41898615
88982244
18845936
38858295
80601131
19169661
48011084
60249791
6153262
84518883
16566957
417738
25227147
88524631
99675582
50909477
70290405
71198396
29883065
48462402
11392950
12360062
20643011
51185923
25574011
16182415
66071365
33667667
8643927
74404602
6022503
56445894
78068260
51265859
68381385
62321836
98654191
80031654
9154734
7292837
34794678
83898448
66288349
99018656
54377845
84884689
21639677
56635447
11933685
41142879
75856896
6701502
17555135
24848033
66991300
13067746
57386015
263366
77859702
90488010
78888313
57556536
41098646
75887606
48258671
93804281
87859134
49980540
82290305
86182605
2265938
15324250
64971729
54898649
72759621
1823873
91427878
21361981
6882666
92907091
16731007
83129917
17396114
96704386
34976887
77876084
95275997
82054842
35181429
68225125
2760328
32879930
28224536
53388300
96843247
79884322
35042706
9415781
43439741
28554358
10920504
90076240
32392051
46129774
89501304
66537250
62824023
71781095
14223466
77527382
76222792
68879467
41340153
57368336
52335005
56812487
16686672
80948429
21509819
31270847
8295912
99628120
12678983
93299273
12795440
60329943
79845459
14489146
28474477
15558832
77771837
93888117
21057121
87618855
56179243
52481657
96338859
84513282
39150162
21982794
75046770
26705936
69574726
20634111
31588078
29927019
57379854
57096418
44988502
93556654
85709046
58865870
76329754
29216985
66656437
63960029
61049849
20019838
97809984
69035181
1545306
76938096
75296608
11540481
59007812
68250374
57423063
91862783
40704654
52246926
31299530
7301298
51055101
64685015
1181854
13989719
86318955
96807015
41315465
82137462
10048174
13442423
93938184
83697903
87385072
87402269
38707189
58035834
90030148
65057044
31502
54533335
40350926
45470753
90418693
48623733
31391700
59139971
35525630
25146570
13835762
56753531
20408110
23064004
702770
57869613
77371369
47684651
23073663
77550841
79804758
40598625
95311275
42927907
33280023
28053197
7163447
84408529
48450737
96878386
5474320
82217474
74276506
10644260
93402318
54939153
24254742
27769363
86573318
81966316
78607109
76397389
63382859
10414267
94819289
32663855
82455080
31750082
2291234
29918739
80334947
69448497
69997481
60203765
65834779
46776115
84034328
54372727
56260504
80197106
85844130
83548217
16854621
43554164
47890681
99468037
85025786
59746663
18216090
14812061
93909696
26854970
31857530
27325170
55713658
96604411
40297254
56173291
79179965
12587762
74288932
72128092
38333702
54833273
86042061
84449343
52846495
18416791
56710541
88825637
77447475
23513893
75773970
72079792
61701989
99512453
55370372
7649578
96156747
57959278
31562632
12741610
5337090
20531426
99857842
40492318
42201373
81339419
29506875
15876693
40380015
25690090
84344845
79268682
20721235
86172045
98372894
34000798
47175975
41773480
96847937
58313828
27604032
44774476
67779923
53303724
66420918
74225531
69131202
40707390
85794901
73239818
63079073
86155173
53472796
27107062
73712608
28584517
55319187
4686137
90077847
14800788
26604156
49469773
82133429
63384356
97817483
55535365
47758008
1705547
50341816
78497917
70156397
22691069
38631980
77575487
69687201
85076403
66946820
44123770
39181724
87139598
95165463
93163486
30407820
47657638
67632127
14311444
97073098
12909373
92975289
7491519
63633286
2143191
45790975
25960375
63096435
5333261
24272487
74194187
75072504
75853988
8967298
65386230
19602865
12937213
22213677
13765775
94134813
50316748
3014726
21538955
95719232
69843491
35759999
85456258
37567246
36644280
42655126
38598628
80445785
80543547
98598940
79878051
10376653
27024295
33694464
26658914
30868302
90352187
35961559
37780404
60442393
40098817
29891202
7517689
78714638
96477020
26658136
20931756
41530174
57460224
3935066
84465938
94023674
23326987
21132965
66643108
16360098
24087996
75838240
24012624
53899492
6898453
2580506
82263194
51246816
73447517
16228353
42540070
17565158
27728147
64981621
16862482
53597628
85652101
31528227
64705957
73113011
89983771
79858632
15491527
63011925
75343788
1151591
45513617
88738114
66876018
15651465
45039636
33280569
16472422
43038040
90230904
15992444
15525280
42968799
45959797
12699603
60016066
9315599
52057177
42355438
91970624
38715347
55711081
88606523
99461278
67227130
71399111
94101525
74951676
20947529
52169557
17352894
19776097
72139846
49973550
16662213
94002377
98493323
39120419
79377970
76233060
49254373
63484712
48113204
66455053
35151620
49000714
32514739
13373138
76660731
8012042
19922554
35007804
70944714
46221333
76672613
76617505
13061718
53282932
52658433
55049261
22946089
82881067
45393155
16098144
90212238
36303495
76786571
85403184
94085749
98777000
28550898
56330209
31047328
30018879
82281725
76186205
46316431
42218432
3593228
7401298
49758355
85828502
23316416
51951709
84141220
19565702
59557312
69340347
6174868
89093039
97376255
43898917
2250256
39766029
94716222
40769036
84315837
51832538
6451203
69412708
15047225
94792717
80747954
33819912
86687284
76338840
5078991
56855527
46519760
92290282
42131587
48196972
71131318
37955016
61138139
33059710
60858105
17322780
11645098
50098783
23834520
74945254
86384157
29263412
7925015
15564071
71948487
95345486
62913002
19131282
90447076
87195827
4154291
39422076
70297681
60736924
19176492
954186
86940508
40202389
22395412
86293847
85787686
50045537
32476903
677039
31118473
22129818
62579316
92181801
30260233
41930854
54514641
88666966
22216151
16241853
92768560
9705969
83798921
10802441
94245920
3295643
42446792
89482661
12794518
6906677
79972450
56971997
6992157
76790385
53311145
38943080
54831585
86979976
76053034
8818242
30739751
65164984
3187147
54066986
72056767
1769480
72567273
6782786
72993364
58088119
78512652
12819800
50664125
61029015
33819012
62080680
18104930
95351199
72176953
57030755
34787893
26166882
45498323
25912710
87350663
4411
53060829
3493479
69915782
73653236
29619488
93780345
82231488
472429
68322432
73538023
18017877
34109971
24867626
56031146
54006894
22011905
18313277
87540797
61522059
1123230
68727408
99356380
36750434
96942684
62891322
90324302
90116853
59470165
83122950
81518618
29996387
58594792
43096723
84583463
4755690
81361212
74792111
31874529
59006584
95398705
67348953
31801883
35462774
72745084
59670302
74290731
81082393
98100598
70845806
40927099
3080273
13615884
68521125
73654970
95263558
54806752
38620107
50602264
23645726
78167223
89590360
28106510
24553838
50619803
61508248
42512781
13268500
74338944
59663637
53465312
36943027
24120406
83284280
18065974
75787852
34071149
57391443
66966193
44490841
85384345
67987754
83316622
20419042
84316859
5658224
53475649
4914986
95093438
84271382
89213735
9571394
13759044
9873618
48529822
23531100
24172968
47963774
47494560
27389770
45638456
68667345
24592984
68286162
64313178
59289278
5868469
53423643
44498610
65152246
81786545
53361900
25107856
55809241
7867327
18135543
98622603
54104740
44238804
40548798
33517646
7893553
53191888
95255771
97699354
97269020
47378044
22417383
87752090
22130455
56172808
50944146
6613056
28230784
70252123
18689605
12064691
25451487
23352082
47882708
93524758
22243910
87821927
30772448
45503400
9427385
21960795
49252494
29026150
5196368
84550605
55497000
74635726
12385832
34657277
58803560
2417258
21006710
50968551
3053304
72206566
22443284
40309121
89579878
27235021
8417580
94814636
87661579
61316179
72382640
51550628
53991946
85731904
6601587
76899367
60040280
67076427
58744711
24979551
75535401
72811660
29841004
5790137
93914105
25401462
44938849
10363513
85748052
49365291
62519268
17985940
12534075
47752453
98985480
69105098
79165490
76750264
14611004
26438797
63313239
38868506
93069921
65066748
80668607
44603478
59265107
77295617
28557837
89043979
23885844
84271395
83625733
28878200
56105834
73886505
90946721
47531651
30485115
42866813
68847988
990278
74565799
79141070
58990538
87412806
40368324
43489062
86453890
1837096
61609070
253687
36899911
71431340
16390235
41097809
99481737
76818971
83850435
69144818
95586455
15835764
21146021
3105469
92492985
72703016
28418729
46751758
62883121
47911679
46864294
28243419
15023902
24555824
4648534
65779353
34205421
50838571
18002745
10061694
52910504
44648075
24195809
38453990
48106532
3028903
5813651
60904382
84768922
65408706
24761409
2732609
41964523
98677317
55019641
19423429
13281157
31066249
46653134
83870055
53770444
58927280
32404055
61856475
81732996
83610691
42863696
56560281
52869956
53759286
73940865
42859861
44105708
59325845
69895640
24742979
79179002
55978109
41185409
52546260
55474431
36620207
51181296
42948637
16802215
20736954
52627935
93294670
73337788
41884643
10163759
12290328
22537824
36074095
81146224
73801100
76107100
77352475
27007048
81211137
14436936
24841167
6583287
34169641
72386432
21738091
52165778
13137347
77900004
31179392
1479960
57275203
80086493
83743692
10531253
42859370
24874242
32173013
91253517
48735705
63432187
99424164
47014006
98914101
80759474
57527757
62760898
21577473
45445879
81827700
32008788
28537441
98260239
73224432
11026540
22241648
41565653
84147311
7616249
32042059
11531874
46058189
56859309
56131944
37177291
47910124
39887326
50331899
72105556
25929244
87970628
71342642
59734101
44323445
3603752
57189372
24025496
29546148
51851050
997948
15455012
12148073
35998447
52845444
6976707
25006776
73122603
97530471
49775055
44657712
93019918
63318534
91331857
32119143
23432436
79947754
17307057
58714801
49198607
13833013
86621786
99210734
63128242
46905903
88832473
79032348
47387150
98665193
27463417
84448658
78092003
27869774
62325386
26957903
62465395
56211508
11109118
22954705
30113968
88655376
15379527
44116138
39650152
38229953
81140413
15318201
4071831
17951661
82350014
33384455
2353747
99795005
14546402
72830740
81015819
70407147
12330548
3897372
42649736
31626628
23639709
52394241
81190416
94271130
2090358
13548964
98928668
20601993
88473619
22162415
90929708
87122833
25430431
18822139
35211833
4004159
56518046
16410996
91478928
8485419
47733624
2109242
500188
35594897
14293208
25677294
34918463
9475437
31367719
23181001
48123482
49906245
1959943
16594583
68066406
53205204
28271216
51300969
21532861
35913195
83897739
49580703
46180440
62498527
19455758
44707384
55660086
12481381
35387621
46846950
79014080
3893712
35746009
90553157
37777105
92937337
51979343
64347167
23193491
6268908
24716714
17269830
79510601
32571804
86282826
15557098
48786793
14933246
73175335
78581509
81380406
58147273
25047988
38699069
94478577
76846934
10076255
44728583
94806034
39508915
15890941
58710729
86691608
38122860
36374906
45063393
23368241
36234305
28981676
43685368
13100804
28593391
94114826
2300266
69334818
41947470
60473496
75042019
48818009
13543387
51054078
37939802
46124369
69290343
39401417
16235693
43466393
37687872
69756329
67708351
66596512
26562824
93712040
99809670
52832276
40858466
98895157
27193654
54406062
90448876
45130065
91490923
30084272
96242891
83296453
87392847
92192667
97740156
21898289
86067299
13377486
88648543
61138392
57591917
61256145
58000904
68387577
21306514
27611224
57143702
65502378
2653662
81357386
39951532
11363356
48171678
67774837
45860855
60296318
99069468
86518427
78127583
72858983
90119563
23238179
45773894
14032612
79934647
67713579
93515999
21153558
74692933
3028955
83935739
68465937
98089064
39552757
94262414
74169631
37031096
38666173
73247083
98921444
2836168
88809260
94892335
20481794
1535886
51881825
15646174
88031176
45543355
43310851
60548395
52160874
16044825
30167450
87301864
17551170
79219740
88214683
58254175
22606484
99734488
84366756
81424357
30840235
6726291
72042435
22607542
89882919
77603732
29959619
53641581
36096299
34435883
33178423
88956831
1741764
72953661
72409750
47579862
39628104
85694875
29478086
98294062
67016012
99376063
69841442
47236765
8891846
13147411
3419037
44897093
54172944
113822
79306106
93974343
14638084
79342405
40159430
52369862
39733713
15536709
85492298
31114646
48841211
9608941
93902880
92516896
38194842
86083312
36335114
91313023
7108197
13922050
4599581
39919744
54246060
48180478
24388061
30843128
100289
61002354
30078197
79769486
79156084
97702068
58368382
77017394
31044459
98290457
61972412
47183955
16264295
87704454
19143411
97956887
54698413
84389347
26048388
33761732
61082079
3265088
28374892
55316130
1510427
91515773
77962556
94682680
48916170
48921535
71357665
47630750
26333707
94580979
87272697
75609174
21284463
11827090
63157817
18410989
41793577
13198465
34438111
25538051
83099933
72123622
69189210
45412265
67671846
88502368
28849957
56663410
4782633
89494797
43294395
3501836
63068316
85782183
3945345
33724499
13869388
74868642
56275109
71001050
56605807
8122191
66312088
83866171
51228847
88513155
12522479
33516418
77552829
18320734
70880537
33489842
281810
36629949
51836802
17068884
82189403
32275003
54799209
91478945
56076982
98364590
68338228
91072418
71722152
49320467
61162706
81536785
36795290
44439302
68072830
30191321
44601670
92597719
87180721
31609950
69301705
11109418
92412182
37160965
27023941
26832003
1839374
19704250
54548942
91823871
77735311
91727549
40575131
62561147
74838686
36245203
30452519
72092025
24540831
87331436
36819958
38919777
14549388
84389192
32461216
2906908
29090468
93884865
6121024
67251067
3736118
88899819
92312008
50711094
23369389
65252547
79950109
56047522
38824255
71425614
29786217
17795760
30259537
51624661
51059642
43427875
21549000
33135818
81784166
21370478
84205591
57600512
87660785
1974715
53958809
48301308
90216205
51174453
49292224
18254221
11213101
25069088
39620285
25334549
75246761
44157422
47418452
8689791
88784708
93889045
89863165
50965487
56413658
13680289
67987280
21786223
93660797
4916114
94905956
61258899
27832773
38814520
1305637
38256324
87296739
73871831
64558860
85800041
91845742
53917275
75481290
70105544
29084835
45291944
41843581
71428640
73712052
63666927
99021105
53125012
73734503
15662946
14299825
47154041
7653804
13585777
31004230
73778374
33506565
29652020
83049230
56959597
71908204
70023267
84803883
94746491
68386540
79719773
6274447
51205650
69681798
42319931
25688548
58964479
64850377
5464639
78912357
27787039
12825185
94929396
62521025
3671535
73130134
88929413
36624204
70976879
63508091
68020444
18855435
10199829
95244315
9300950
94899959
39081620
3136385
1667785
30186523
7830194
41060542
37377194
96643896
2453716
22835210
1053187
94397179
77764925
47570035
9694376
263038
21060823
41442880
10668725
47061794
65723107
15027292
3266691
39505801
19606307
10497416
90250128
3531682
24408349
7043401
93955265
52861460
70815681
51650504
91762591
79760642
37027848
67451676
45420651
87009933
99843262
73937982
77267021
94695371
5339628
69362654
32320962
90336605
3710160
3289952
66859216
25477221
36228736
53310002
35705575
41740688
71673290
97676674
66579944
1179747
71030478
24690099
12915465
23368307
42829316
44312659
48934238
58293798
5797274
86180103
80115531
45196794
34631952
2535956
88133535
5206643
12027822
46130379
61022276
74509431
22283449
74674943
53256482
88353326
48990586
25553327
9171640
64025194
48190954
18498520
25741251
39904608
92082080
71162040
36835264
20060728
94468148
80360507
53688858
54219270
75152776
22670511
22002907
78854325
70587361
96580328
6121885
66579560
45132233
8352477
4459258
29665423
66018820
80404692
61522779
48425953
23956389
14530630
61157248
18376484
13286834
86156151
61667334
98668908
72092745
20746548
15971062
3045983
93301798
61736376
51423437
15587298
85129148
8121119
77211478
75462248
25424501
27616437
82338050
1015603
68129072
34592216
6700476
70178105
18299465
51316746
66162182
29604946
5735985
19001167
66716664
9438922
9259932
6387713
62011705
11693894
68014999
54933955
87647540
95794479
72620473
30138546
31399555
83106620
86320101
79456257
49944800
24549344
24022669
37923136
67789018
7318184
70327983
81803423
38959539
65317461
7971188
40501220
51568253
38122417
33357993
72684080
40361258
13394915
11398339
22176726
6608677
72046222
65868168
11241848
66978188
41551640
58260703
14997757
79285602
75559831
32597634
68163285
59421718
14428241
53544021
96033605
74397889
16605444
66923175
35462955
44071530
9049518
33966397
41823169
8442247
21804812
79610089
93882029
57517960
28226543
23665196
84833774
7884866
15526021
76579991
57260207
78663891
94711750
15469382
67657282
31314977
81589149
32939657
31784630
36407625
43426166
92746355
28247472
18576272
33688410
12872675
21249614
27288734
23684163
96360859
92188610
50169769
96363939
67779333
37534582
57915401
63438731
34467704
26697687
20082998
20220281
12343395
86708013
56497535
92292464
96624440
6984222
59655496
74719068
83625567
83297905
21270200
42593818
55026482
9269604
43848797
8463370
26187830
70035375
91431071
1029596
4843056
52149262
93039326
87032062
66322820
85913858
69655330
70467872
2964232
87914771
19968303
28548385
23034782
91104788
41366239
99550611
32937614
55157209
74991266
36675005
12281953
48825735
51871476
48996721
26064575
38827680
42759293
35774043
56853262
86246217
35998100
77060002
60241745
95382967
8958277
77652275
14648910
23801978
4499064
68418097
89163695
33799175
53735684
14563663
41955378
29029467
65602666
53248844
81126449
1094049
52906748
81964335
43096033
67081488
7970241
90985297
11257830
9910344
87804762
81921061
63426032
32057128
14552762
36391352
86846619
17084163
83246170
60336999
76747886
62103854
25066770
86969410
17809585
25429784
77654354
27283003
22579935
45640027
35005885
60482561
15618237
58239894
43651857
14109762
99741072
15137576
69087017
29151287
91175970
84886742
4577766
94071754
66295516
80855341
14078201
51775244
29958811
24216502
32185699
82464814
44223540
94790575
48212796
75069041
88593860
55711527
95367757
84787185
43604276
6750815
99779227
71149356
61377226
63372773
85025101
47534071
28927388
88030355
68750865
96899233
84951450
99579632
33622006
34268068
88131288
20457939
51744807
13890917
86360600
46664686
13670640
57375563
73723572
73936052
45497274
31778192
58820762
50263226
72273456
15052199
2127351
48068868
59089535
21309171
69590193
27605808
86344378
86182513
57300495
21897895
5311342
2568212
29772213
91471344
18421639
56522778
6000836
99029315
74671074
67473559
38658301
18677356
42103865
72727830
98879292
9876519
13566025
25378855
55606913
47454742
26063553
85414185
60164194
1095595
30853153
65583183
74527376
54569741
39230050
90611610
21783092
77369333
8451443
98634081
96088686
58553757
1309118
4816728
58028510
48987979
4168066
9697727
57295163
4087353
80212554
91036661
688474
43457108
92600563
89105847
34388229
88308476
98111633
9704689
81273573
47080845
83256245
34328769
75528523
81615602
62147144
86292209
63830672
20424728
89437400
45326154
3623938
13392807
97427785
97280191
77590743
30811232
3134254
93152609
13481221
35994224
30959063
1298253
76768674
86213840
24940867
69722426
20411776
74383690
40549109
58122363
73386532
53943966
57687732
68330705
58347722
18971394
95888360
51372049
25349381
82525279
47801422
42934151
61845996
82613912
36243542
68617107
60003576
48113408
30631929
15336284
77977559
81445408
17652634
23720899
69076147
47446799
94015369
87326822
11955817
92882255
2356523
36817879
77449620
28847996
11191195
26009695
52494544
13482863
47026155
82359936
91718190
84007110
92997926
89177273
67509181
39984242
41344699
61294769
67581322
52262635
64328300
25959742
58818461
27969814
99220228
40625386
10922905
81609102
87409570
27127450
35710583
54976485
11915918
47229719
96219767
46268904
40046443
11264357
69540279
32903686
30378250
47284027
56307548
29736737
35621302
30141257
9906611
32629094
39833727
60982915
11253154
21845845
29114416
29815398
26691962
12376576
13936013
48690166
3774885
32132189
27047766
89342339
96169723
44239976
1091869
40907733
38667139
84458858
56933512
56076009
19517465
59741512
49874082
49190634
91105371
19258218
27086177
97683195
10197921
76599751
30942340
30649192
81131375
5144646
88884284
74304609
83396499
30962723
18252353
77448260
82432596
10850997
50668491
2588697
29325643
27181017
33066381
53818977
79800986
13034950
92800129
26240025
47938808
43582487
81203969
33974916
58979122
26162149
95475747
91779224
1120376
49336796
96724370
51643223
37915242
83359592
82607409
8833028
28683241
64623285
80794652
75087842
82906728
79927321
70196270
66533371
15955363
90215934
12895203
14808995
34164526
87691889
20139465
77822733
71683116
78330903
10341765
44184966
97591571
47499626
89264507
6422691
84456745
24340248
13915872
29477189
14153841
89859132
5874712
54808619
38186467
79045574
68453836
86610985
96684857
13059363
83856302
29872058
39333595
3505470
14778279
57644480
33448247
44033744
57557380
30865329
23225044
53759167
47528014
52755815
6266195
52104111
63039947
14255116
25194203
32221453
25223562
45031386
82259900
11382250
26975756
52146410
34631242
5243132
51775960
63628619
92361985
16871473
64776403
42301140
20846200
30057719
49112095
73059912
25667641
56747042
62156487
78968851
208376
55955191
4482434
95754248
6139667
60902364
56287986
15272331
52639933
83557175
98669104
19913704
64867143
68852325
10659090
73018897
12132636
67983955
44032814
23117778
22931970
9762344
59613768
71569375
59760137
83108816
41162167
8005638
73732904
34234423
12850313
65637213
83365760
48334984
70288661
96258976
40372940
45564325
74775104
98688252
48999050
8422106
65529698
42303051
79017066
65419662
41496884
78269575
39229973
78649785
62937787
35058743
54692015
87816314
56131920
39297062
20797666
71262675
6158771
88154902
15953747
43585368
64660422
79500561
21999665
94588907
64979403
50689947
52356714
84296059
69946171
25119474
89135456
98222672
92377782
65876093
19843470
46780406
22965931
26795529
88704606
41121297
72103123
77587471
39178872
82883498
15246787
61692633
76896214
54442080
71836583
26813608
67618154
65986304
82879322
34260442
77876593
86058052
87952007
94963861
30427552
74952555
92483703
7165478
65482068
73655458
24468781
2313743
30138914
97495971
36693349
31729121
85672478
3789871
82488372
20495793
94284108
46792321
46758952
20800614
7749944
71788210
11111478
60011118
62045577
48521849
61418036
42516291
86899628
99403698
33153389
44768171
38964158
33288478
45181809
97479194
13707825
69266233
98455437
53294780
20049665
32066569
31141149
20118015
91594701
72334272
32238369
94462989
42764154
91810194
38636732
99219306
98624487
25927914
9512797
23475442
18406012
44378212
97601554
35502071
67009294
3017222
76312121
90878184
3537652
330473
74112471
41390272
11341295
4895484
73004629
29219033
44604264
25442942
48307303
69653851
22115002
30884578
97310
20137766
17922447
25264023
65513064
20903612
12463137
32843491
43584160
16702913
71688410
1884294
19962115
49443730
40494495
94801984
97612936
98489655
43126439
30914838
46131051
69671594
98024498
92475599
24994220
44053861
57124538
27506815
69205828
98600033
41956080
46393857
13119567
65205160
21249438
2557440
22319473
43157273
4393047
80953852
18467415
53986004
87753294
82657144
12876815
98996118
82203156
12400143
52671200
979036
3162279
16534267
53563048
331166
25222746
98938040
23834343
10263193
81921620
18256623
54413935
40930576
95949963
62658098
14817726
24988418
93155315
29338363
25570398
14966121
77162909
14849882
69058747
34864460
43447924
43242384
93558764
38659757
45601856
67172930
6874305
59928135
7073946
81144349
94596164
45571886
78736023
24846253
89090369
14492584
94103509
69910579
16644213
99623135
52900112
63088385
6386906
80656060
2669047
65916099
83512261
25180017
78240435
65000528
3862098
45704322
67193978
31377352
68987682
17519657
30762933
92601127
68324089
90067860
88312902
72633188
61703816
59704230
69162602
278246
29936088
35921783
4023764
85818865
42998460
95795444
11132417
51795792
34868699
62068883
95133812
26385158
46315563
68250050
89497574
14777041
86969097
68885812
90470295
79256872
52283028
45847085
64525700
97965350
4427902
72549992
55582804
69967820
4946808
20501015
26661267
36233350
84631466
12944311
29999466
37623038
11683255
16497166
37752089
30401901
47980763
48702427
6129102
83404095
57479169
7439173
33073759
21882666
6533614
73882014
58975532
36015689
38504328
59944978
7000236
60719975
55080665
8016162
72078534
4182923
15055528
18944060
4272472
74429656
44863690
89794374
65296810
69482312
56157122
11187248
96270605
98950450
79875553
61824530
56550693
57745330
64565228
79188389
40382561
42937382
33710946
79486381
2542658
92521111
91799103
6638389
73193473
29880276
77096817
99723732
96610890
39182436
14083928
73384177
47691898
27371818
77220884
2841224
82269023
16380909
85085860
59291589
3107874
8813415
52320867
61805055
6598627
1911996
94216181
51165831
47405840
86539990
77386333
47041261
41389034
5905151
33609049
22438935
22336154
28560592
10027800
11783727
56839052
9896573
52620739
41183222
19393202
97575810
34128502
61648259
55496090
93737062
24070828
99369229
26111694
96265297
89740773
67903820
81267163
94932376
47810298
3489254
37453145
47212540
47438919
44316575
51044252
62765107
6789793
55705259
7254583
69395363
81851253
57806595
23924747
25512767
48425860
98532537
3686815
53550049
25462800
88528265
64356612
65255077
14044322
20136997
27597145
49952198
84758753
78358351
95479317
23083973
47733534
67947786
72016456
34005420
69625357
34597634
5036520
39455333
72075020
58702150
42805213
92950650
21165795
86788087
71155897
92290610
83756283
207140
39492401
9548716
94521016
84494579
43919428
48451259
4109391
63618657
94267811
51315390
31992052
51050790
9173807
25479757
98897783
37271788
82783596
3211438
31442132
83833612
37233996
55219528
80346287
61965673
32860625
42472492
33217454
2093282
70693592
59622986
45776835
79650294
7230780
67964398
58224753
38476622
56420268
46003288
93060183
60678776
3225588
97400505
27530071
63342642
90744786
28403055
91153961
11665450
85519009
25458988
37715307
15147814
57906025
7172439
30874317
27682975
80955337
83569831
47231663
64517565
25760599
33233537
37410264
9154704
10034565
71504146
97392587
88297320
43635619
66342450
40531977
13825179
72910149
29807366
39735802
59435861
41217664
8927502
99466968
58015998
9925392
29887405
99253428
35522099
56559734
73363777
60115240
62946758
62609655
98236701
65752149
4026321
67548115
72168626
56511273
96207851
67332663
90064882
78387394
86176443
64505112
98926332
82125536
2634300
79997680
80066739
57806830
42391508
37141234
87923155
30850059
96395893
63845967
63871120
56827215
94583213
5044764
68153784
61568239
20526753
72653118
66327065
94384862
1031335
30047548
37756222
64209976
16002160
40751196
86490132
86330253
68154306
26109335
53759168
43302720
58444929
68886768
2801527
34825944
54317969
85246259
64678128
48158737
27008033
23039289
8464970
75636160
51802088
32731094
22082790
17282991
73418132
89638001
77863156
86196114
77598047
54375715
63062194
9748369
11177417
66872660
67380622
95213449
9584742
48396807
99396342
73002374
86164100
96275969
14045879
78605283
8658029
48234624
1535875
14984620
79300231
8027584
18341560
73276013
98163777
35742501
31473348
37360258
64986994
3463560
6290042
94778012
60564612
64050271
63975077
31359056
23598681
37089146
65386123
41406458
88653203
82714175
17975234
60195364
74922183
46223612
60535856
66139287
82734127
94867063
70165268
94158506
16476957
14594841
92892346
60113403
20011881
42260112
50073044
34746698
93096974
10470783
22154664
38052830
6214634
44795587
34434754
75367767
10346976
52733655
48454474
3364373
49742375
71871670
82761682
42880790
96439624
40277237
82687070
76124788
35129334
40352360
17154089
5389982
91532550
68442486
81265333
91573823
41045068
30145672
69025133
89429270
61272555
51922786
99524388
34509644
47351861
16084662
96657107
71102649
31376202
64076790
60499919
89109256
67428963
55862692
66742885
93878763
37280691
57694404
32148504
93569079
44691901
78602231
23413989
45988459
56403660
87177812
77615534
34341971
99194497
56087753
54477850
41897084
55592680
61364053
64782418
38788273
14433959
59137939
23668385
66376442
75308821
61688420
55230492
88765215
73459721
19579946
28237705
75248266
1596958
23330841
79283683
3685180
80332521
51540542
78091405
2801405
80132141
7514941
85301108
40496979
60821068
3814881
50124849
2461653
21090353
38666140
16367856
55863682
67985097
9462107
11823834
76095599
82894381
79411540
96284477
94520216
79890626
62633279
65451645
27622058
2385223
99069630
33265832
20182316
25204814
6640962
20077025
96046347
66997712
37137730
878880
73845009
48502938
80699126
13579310
50194767
94987561
62033663
40325377
24564132
61838429
31022212
24875900
17693750
67294389
22165356
46419099
99449233
21429629
11002814
53257756
15989933
68020698
63923251
31754682
94224649
41770941
40262182
26394427
45537831
28494478
95525176
81790122
27102206
4718152
66615345
86600537
92711065
13222572
32622655
710875
72867298
94647072
77322733
60661500
27859290
90354880
77444075
63812342
30793780
45701720
1442945
3167052
208638
42265314
25387665
74906654
70315027
63464097
98588972
178712
38321108
92372419
55047554
20370221
63094509
34264079
96566810
31479841
27503884
40620890
8061194
83880102
26055134
16303538
15102567
12714625
17638503
26904124
64922049
46956991
32134397
16126488
52459656
542605
75053287
55325252
84337659
76199376
67605058
68055726
3232991
85839633
27787009
69401214
59624517
17034752
20930758
7501286
99632990
10049919
1971606
2490166
5641309
26967137
20168299
9904627
29875467
54590584
30806771
42194741
38207593
45601172
7791711
71261527
51152846
9498919
1121779
10230763
8908694
3907370
84681182
41913448
93421336
51092330
1092788
12506706
7897435
32800531
82156768
49248598
96135589
88521121
28781877
95620551
44654425
11555174
2830953
93693891
70985335
39568728
19095796
77185196
90088244
59612900
64276655
76131603
46934542
97539520
58554614
56537337
64132728
53823924
94983922
84611280
58756943
13108412
67691309
61993806
72710781
79334604
81391209
46246124
89844041
32144683
49147835
23047634
40169367
50083550
55805570
99007187
43427771
81525650
53176392
16705406
62624962
76561858
92914886
61867551
10817804
66107057
99868769
30835656
11871803
57226931
13379933
36005722
61289939
86265816
66355375
39324548
75886788
34237969
98979482
43576524
21228947
35382033
64015012
67932182
37070216
87990837
90791102
61671135
25866483
14184269
98020772
11381447
20249381
59859823
18547765
56504192
27477162
68412164
57921545
88791700
95130859
73786109
63373846
82630969
64954560
60868420
72868281
32556961
16426812
92622990
84395874
11893368
62478182
2607986
61474084
8900059
24522090
26723793
62215063
35608722
63137295
39895830
57810296
91809264
63826171
56896321
6228507
87958117
16923621
24166123
62227025
5395224
47267590
40525267
5082275
24582756
16189504
5174249
47405700
63958528
48596824
55093574
9589539
14972678
37370655
85647694
61087177
85900575
78784143
68162226
4892290
86297186
11361208
10182250
36974788
19394889
78955685
95898489
16926480
89122554
78990693
20104243
75466458
64654018
20113108
28508
41840695
355723
62338109
47696631
75854853
67799262
16470995
19986490
91675876
55313731
10744514
95868824
96906153
86862968
19269541
82481006
38313496
19539462
27813133
54481503
43812452
95385268
96848952
1350764
14255032
6325319
75548887
32961238
62636496
41636266
91606915
86420340
65171535
90629879
94380383
90562023
50498028
34493835
27626375
84243030
78877431
99282053
36644388
2936700
76115665
98978585
71924907
41241190
62949456
717747
90582658
10647639
46591288
21600783
62527175
48731030
56710496
38255585
17406540
37363924
72704946
11497123
53742643
65999087
82126056
57101170
86059492
73697562
91994375
87127726
81882386
25086476
62130645
14375138
98767262
88108247
32761544
45823064
72434254
11460401
45899563
34569069
69437980
36744624
73221085
81573538
94924121
63898988
46938869
25981738
72327939
86415282
58579977
12493034
95888063
5143169
35025827
21281284
98367874
11077275
34317831
52685068
88216689
10760411
51285821
38007032
91375605
28820972
23957128
21101093
34604577
36551058
90547828
69822972
27402370
9909305
44424332
76334350
78606111
84428342
22395008
59632766
81896235
80123895
83268374
14233601
3389749
15945576
5213235
28538106
90421718
96932883
60345232
13791584
53842856
50938693
50921631
80744135
45323182
72067740
30727053
90348980
61520878
47155669
74521941
14199780
74671887
86012790
79595483
3988000
33022954
65794105
99873131
38797016
3326950
18776339
12177633
32198145
7993524
22437450
15868937
24601355
12398208
86382026
59552153
39208239
27180368
47949002
80281817
84000035
3623698
55756946
56229394
12886917
92636959
22150663
81747885
79434827
21456185
72887143
46141899
98186623
51440518
66926582
95223453
25744579
43951748
12599557
66915520
45324954
11064590
57376444
70343054
96538973
15059038
72040251
49846855
3901026
87690424
34783744
82422513
47774914
88985891
49326592
54913356
75012381
91957845
30552523
85912181
87507961
74620312
36514435
92517750
52906268
40635508
10555992
64920389
93820634
17213604
7036210
21757023
345877
16106971
13104432
10824831
80055155
89541712
70616672
81455533
9658764
55198400
38811770
36132847
1826245
64769534
20887501
35113119
16545512
32521896
15255450
91446028
76283678
15639458
76939455
88910211
81712298
89174112
36342351
32955682
70859063
27060205
81002895
62719915
68586279
94569110
5278870
89384791
10731744
8184549
31348066
82497157
84498495
32161135
22960582
89024390
25821191
99188143
53308943
39526382
39351956
52105500
16588309
58908102
60760257
56770010
98256511
48412794
85294303
27417377
45865329
95505130
90831740
20241097
49821641
71648891
19171478
90994071
47119909
50745339
67039068
11427766
32196971
34942454
89050593
39391952
77200279
32394418
12378137
51559768
16917644
19980025
2957062
59291912
30626762
70131745
10064039
76727558
12572211
35573406
53786057
53655437
85709628
88211036
87654836
77926492
85158040
78927960
18043478
53818757
50676052
97218951
94914061
29411723
91909331
8443119
97487038
66758378
65717379
36235868
97295994
40002422
2502992
14911760
57720929
30081736
45497816
95758409
26088963
15121663
7800145
47583650
66681976
11891250
27794548
79415617
71116149
48142036
76186065
21488741
39844850
29445952
30635699
61736478
48461503
45355071
60948616
58902153
72356922
5707705
67979974
1903145
82374630
84501101
90960631
90843789
94763283
10770448
52750265
10703936
29270837
2302671
43450538
19514301
9326230
89512494
45589264
66058987
11145232
88671704
68757375
43488202
64381469
84256899
30645565
48543654
8684897
90809534
31887281
21575619
3314412
55448693
87232362
96553638
8720080
10341083
20987634
77330685
90829441
87358050
97660065
28297767
50980493
35883267
69427676
16460867
64367042
5880853
64572543
39660259
85233091
66593517
12199763
39791848
61556117
28900994
77031100
37114123
28272211
84678347
74003164
16932072
79603812
58995637
69442225
1491513
86582043
76558422
8644816
11723943
69883986
36104062
66084236
18330979
83876123
49555648
96118883
41753598
63018586
92728941
24171867
97811777
96441025
48636983
87113765
94687967
74110626
89084459
3553257
87516516
68593054
57536675
35923425
47806812
82818516
12082162
1187543
93795587
49582707
58003295
76887739
19983187
66040834
67842966
91469444
29995129
82011604
81983570
31610444
64888795
53149350
10164124
92049616
53059193
67304875
90493006
95828154
58442396
37066659
76872897
78180080
71462555
62154718
5604817
41150537
40140369
33265844
40014214
18750994
40337209
38879793
54232550
83741454
38167026
64761253
32961879
26320852
51753905
5515336
84824847
66118751
62930431
92121750
68318318
88603263
97922914
44490066
58948823
8262981
75745753
90300091
48944071
95510744
50508633
69719511
82843174
32090343
34071794
26968753
38253003
8445033
42250021
5334154
22766831
62985693
93856891
68128402
56340430
31529215
83721502
86718244
7642155
98066905
16698649
70579049
77258507
44968254
55481995
13312480
38014858
76857534
92146218
95600101
84241543
59861879
27160799
87208262
95707903
57814508
79805434
35827254
9967402
99394036
90397863
24584059
5568769
21414290
12644420
19332579
67407194
63653224
10184596
16195549
6832256
1636879
27397300
27736920
69162464
38538840
13495743
85691453
60488578
51888554
40399835
35067599
62896604
92116154
65911041
49023122
55257814
61681690
36421140
84751514
93614908
88778517
81471713
77976178
45170297
4889898
44742604
10175332
98161739
20929282
19212348
95102844
93500276
58653083
58763034
13755214
87343716
6480052
86868166
57862725
79557448
68107457
90075127
67446683
52193643
18735740
75229495
5101846
14607519
96515450
26967733
54526334
5004729
32635763
8530421
75459390
74872541
15494135
18391022
17242782
56666533
73921374
5570410
71479153
1275871
14427121
15742680
47527674
48717847
85083927
10483925
37077193
20299169
2815619
66014460
71240120
82392031
18290160
140122
15452133
89441664
79082916
42085690
82583139
27216018
9126343
21765675
77753953
98326065
89368149
3250064
78347758
10982016
18097471
39595223
49937424
27885333
83782708
46704985
86942894
44761561
45060541
40443798
44613626
62830924
5432972
30297574
31846620
70037176
80538287
87430159
15026500
48421806
10855311
30769425
23558308
28332973
7901011
58378551
46542534
55249481
61664252
13665657
35844886
50684259
6563771
13921060
2096207
70664546
26464930
46677601
3734
44940981
82504089
60350975
52514439
48279472
72512736
64955907
86878332
85078885
69194731
19661408
85067096
46931594
15136858
48773349
70016965
98395782
88603023
9765377
81639705
4666798
82621290
44634037
26413606
59564854
13281046
2472907
43429930
66941670
6673807
74296992
93651397
84077400
77528205
23683352
45629197
77290113
45468277
8683010
53559465
52986643
79157111
11391343
86340811
16356737
64432033
80685739
8785447
77218568
56250031
61951417
30789308
30341291
31541929
73971003
42689649
9099454
86842651
41944442
40292128
41780512
50723299
55136062
17100709
24280272
10429471
56102218
92581063
67221994
32644798
24782142
66710340
73705519
97684510
55696633
7664114
92226135
3508974
67588257
19008539
32223317
23622145
4559147
28237019
61643841
71047766
16668180
29896830
55462721
66727438
53638964
64543792
8137801
23963322
82644896
85598145
30161711
46651958
51581686
4919974
81794060
6097489
61871919
54941759
30319875
69205906
34353252
47515857
20885479
99180654
59360595
14174965
87842374
72859033
34897388
24538531
79120628
52209737
39658381
81994460
14432438
21771317
66356460
83076520
66398648
81922224
36643760
33248312
7152538
60039444
34349036
82609059
90058232
23243736
56229647
68094414
98320480
39682143
21687992
38094420
98433418
49020029
40114121
13460274
36240068
41571462
66072042
99831888
37858813
20903830
80157670
16045256
66079849
98713385
99371578
27153855
25219951
16176425
7951466
37491390
30472578
72091969
23357899
20501613
55627639
27602141
5163386
99369132
12233037
52336736
5197956
49764348
95658648
23284687
66779698
44193314
12963368
4882372
65600871
75511405
64206155
70803354
82651451
47869039
23569186
93725327
79278904
19975352
85433832
62774470
1172334
26583042
28543805
37988344
3691126
25846142
43118044
42871288
6178074
94805121
60236654
77965480
73617276
86213608
61452976
54932027
60077180
42169430
70330099
16829305
98468021
47847466
48577191
3496497
50908868
36832950
31680779
68281579
29128160
28199409
50014495
38546709
67999218
37934370
94795287
15572604
73026814
9651573
49943616
76210869
43254216
80895543
92253192
15087184
17827741
30908928
18667705
73244011
73201755
35327074
30560297
69951271
7039562
81688820
64932082
9741601
85379536
4581596
3641965
24663236
15909368
19191918
61327926
47966994
16977532
20834314
32295278
28835321
29024490
40348014
32704601
2930656
13579906
10360702
88180906
42506358
89566557
63753695
38845410
75548199
3366478
42167761
11475785
45933352
20330091
48359871
12719630
13066036
2079223
34540685
23743079
40767555
75599693
46708843
51623371
76836574
53238360
80556601
38774838
93896085
70305580
80143163
36739238
96861863
63351389
16591018
32739694
8849522
44674426
54845700
45687869
78616580
80522470
55487744
15277721
71457266
70668078
63549567
6722527
78456117
32916128
69074660
66159040
77121215
62456834
93619419
61661246
44231153
95601543
74524610
29533735
17415359
57985124
83466963
69375460
2114050
15323090
17359304
21759999
66367633
54367608
97105172
11929641
20919892
81757177
24860796
64711568
19011088
87864484
47582200
81913745
99226877
45023028
17736383
13246924
98913094
3700280
19169641
12156127
66467225
51077789
37893902
7385362
54266997
23588735
46402270
79427227
46955025
734454
3751731
67267679
86426904
33465069
57996256
55945201
38797044
59264087
99679041
87077561
51470111
1338824
20526832
63710923
42323593
18078072
21428982
2789281
7606841
76747624
92591482
49654480
70385499
39231042
65068558
91375355
27262877
57713321
34057780
50419136
38199797
85103586
72496052
56488361
37703072
46713556
49146104
30134243
64470720
9541309
67616000
47923106
82086660
78781646
65314978
35711769
47522550
15433888
74318907
58027614
88783704
73831819
57348223
49783597
40823375
84197497
57307108
69194875
10020606
45012250
6248566
40101824
85032144
26307579
27732825
69705472
71060167
96897267
39609790
21436554
32593007
82107220
8440649
18113697
35054710
4108312
79432289
47892537
23241836
31773789
93938591
10030408
96038702
15380940
20263059
47372127
10349859
95470653
42394810
12853724
285331
17343702
1495591
18542335
24479953
59381939
62007346
54267806
59203894
69793817
98358327
31050510
41397359
23676400
49973835
38688780
70596655
1826686
55638694
4414254
58679896
35491171
62581656
32867851
46310282
34419934
65079382
52373354
50699594
8209986
66774015
2396089
44315169
96156800
80803316
14736649
99734049
56768305
4907859
12034279
53077633
18738617
62162204
77399357
32228741
9109153
3900079
32839300
93624595
30613323
53528372
23989530
85568169
16177272
78583144
56646502
88236692
76517931
77817593
21250328
60391961
22286570
47382002
55559813
99375973
82294916
17334427
45684020
32768870
72570749
78736575
17019019
63513501
26308363
43587292
35691059
90364871
24051208
14243696
55916650
23346583
32839540
43508261
80492862
24575942
1597354
34833629
46136160
64130903
43373929
31345484
84073206
23840638
145825
76049417
27626183
69475882
40519802
18567634
96231042
52123319
15475240
8133591
44186763
22025312
6734823
9932603
8742413
2649608
28012115
34082928
20137646
23961543
6055404
82946436
32884382
44460894
50750688
27569761
73423625
85546128
87143253
36680612
23424863
98498841
96122768
94238428
97231870
23212248
43113063
84429356
30901758
10317839
7815640
62959591
86439254
24918514
6826064
56563910
8635224
82418301
53627576
11778170
19647955
30015543
47453921
89263612
96305090
56239591
95468302
25199601
91210873
78637379
13674260
32160748
28635637
11790425
86757690
24790602
23202
10876126
53445106
59448052
64422643
46049129
9313260
47671248
45519124
3864295
28042737
68447555
64818386
33361903
38784299
24210581
12006043
98947068
12951022
31084307
88377758
83654685
99961437
54398296
61955267
86772875
74824700
26498546
26846622
29977503
75130327
19662930
59050431
63058179
74464964
69742967
24389636
15006482
63723653
68859925
89862560
20259607
95482045
73806822
6148747
73037449
1753450
24607210
76986250
84188846
65547076
17076229
92636639
38276581
20324950
56601637
51770625
11147842
57219332
66539412
22642947
43911890
50172216
10894662
80798140
45526177
6925361
5559687
79801615
52069942
3398507
59180888
58915516
92169150
62924635
93549720
23462664
20766863
66161809
12778942
28043610
55841698
67378391
27230830
85173999
96574964
96403201
94063810
46915752
34099163
35058754
52188742
87108216
6325229
11031433
93037050
70444032
27837060
71206010
52543746
95851116
56818984
35532615
82714364
60069978
73350235
9789202
81373483
51011379
32180202
45262161
97165089
17588882
64730174
71695726
48989387
69276498
71388286
90079080
623785
25887544
62980941
66440760
81119051
19911461
48271332
98952723
2128650
53666046
86776142
14524794
16001980
12928300
74909868
7452240
72350094
99037320
85769885
7133307
57503373
43824665
10616449
33471163
30362619
47070657
99834392
65556922
8711256
41636200
81725280
62907281
2163199
94789029
31759048
66826798
81890392
91425698
30989870
17123417
46231114
35203791
67022073
5043228
56955228
14082208
41214026
71689640
8422167
70826693
57243720
84439811
82886644
26174723
43794892
61378902
91402335
3440035
88842527
57762631
81989352
96490491
58289201
28756483
32373900
93711913
95333973
24005859
84623363
60359188
32351198
71696147
65322693
41670112
27312333
36717121
1678575
97309343
87906997
11160859
41864807
38872267
63642060
86187257
85465174
69350108
83236680
55596067
24279388
86278742
60570661
13995506
9676133
8631367
12397567
74666655
34299228
63837387
76952282
3998158
44785284
9923039
15345947
85281614
51719508
83859636
91186253
54415866
16572699
53986196
90912851
25242749
51919990
59397872
48105361
90615870
21841628
83223486
24282833
66943612
14988492
72773394
16455090
13788452
72609939
66911750
24534018
56794219
9610459
6879659
94641944
59864681
24563559
95333414
37341705
93379309
18610808
55326001
25563574
59308400
30378034
5206191
36049212
87570039
64887534
67004943
59114399
59885634
98188705
94534861
84109644
77519135
45759831
47056311
60998610
1458376
54802698
18154997
56772398
68150734
18259739
16937342
10946099
19850060
16701117
38165433
82662730
48452608
84415510
97518598
59861957
92558358
61834594
53383429
35988929
29686973
67723559
48786440
5807352
41859392
46579450
70378143
55519510
260887
75229669
13115246
61964118
29205161
61367958
32550474
46530662
60390238
17204729
62831694
41504038
27747335
6326903
61318667
23109199
7407531
9273691
73192544
23691683
30606545
6833497
20612411
5403212
83783216
32891674
68476464
6503024
48425721
20496914
37094036
67422291
78399194
55959860
14431913
88745786
33551031
45656818
33332695
88372520
49552944
87864881
99756604
60608239
27405087
6696227
90243859
44701623
33985023
7874965
5372694
32353564
23475364
26395491
17512854
43528972
49581432
15949750
7293520
52760716
53134557
46471967
55531001
43585940
17961912
63371337
39868331
6634384
86145436
98844606
2127120
71188986
56844491
61883908
31862159
32685366
91394922
35529889
33766706
26224817
62375264
36137085
98916867
50749569
17657474
36301139
22415097
3298594
43464889
19045700
83435313
69352144
76065101
19145042
56542338
7962864
71752605
3012079
25425373
48442419
41337981
5773626
28766353
728531
51508338
26678382
61989832
62975546
24428613
30520012
47759759
13870024
93499963
87398186
6281589
89950625
69690073
19277765
86200902
39686252
1854560
80361215
12870106
74869546
50625693
58917839
31929863
96518797
49613098
45837886
83248800
48551357
93036326
17058740
84081977
80583307
38998635
251596
30374442
28806347
76739617
67192260
88469977
51433854
39037329
8764283
49162328
74700152
17858780
24095948
24156697
10273537
42963359
63491987
81338224
95280023
62458717
25939793
56772396
20658276
68704184
98445760
61293704
60095886
52530954
34604320
87394293
19115179
4507236
51995754
57792764
80777737
61921303
11535952
15825253
17950409
95313843
61924558
27148073
72575783
85897327
33928521
92492274
30092447
58118097
44581144
85642087
64862792
25057242
9436793
42012064
99077961
17162452
25851642
65143334
87253838
3890522
82517681
70072847
71663052
58637169
83109055
6167644
17588520
94305290
59194871
75438794
81927108
33189498
82219825
70517560
52829361
47689027
69307179
5057882
97127745
41801995
74478887
57237148
37386732
43915335
35531740
79533401
96748209
4813179
74900676
77452154
25497516
65949668
85346336
62224635
98462916
63433680
68451493
70478779
72752931
34938095
78825347
32189010
74032740
36064286
85474281
67611920
12310391
89698833
41590749
52120833
90577492
86292234
17191606
89233450
13735579
86448615
56861408
37073976
31142396
72659059
1781307
98794749
16269702
81348094
46960740
78189263
59819845
64129063
86418233
54373930
54377129
29573129
77331018
39383088
67116936
39119846
92689097
97872346
90092967
75832586
68890718
10879906
38574437
48750313
49674668
5343654
79506846
38481945
24076143
86552941
18156424
55649044
16641772
42934376
78809390
68784316
67844116
12123538
14486895
9959333
52242764
76864692
74560094
9526013
33383437
35482059
15150820
65155099
2352631
4389346
39033845
90583486
54174130
1000328
63663098
46930979
9151609
46015847
52264734
7239444
46125295
30712317
58621813
3930024
47123676
75540288
78501859
83726087
1387506
13109980
49110286
57199171
92910760
97756852
80099900
37731188
74378821
30339435
93287382
92076132
69277165
48147872
52087895
58701060
83597964
41935777
10131250
45407792
59430864
88898810
30102850
70510186
54550499
81715458
42106063
1529879
7468470
4196615
22750380
5545257
51438177
95084152
21545151
56302153
46059530
66205788
4392515
63501107
41993139
28718002
49663860
53096771
37417542
25440761
7175379
99565740
60499412
25426819
2823469
15627425
47785720
27619478
96957805
2777402
99752834
65457887
54942370
34151552
56223594
15268802
48156730
28007009
90626704
99013910
39828968
69385583
63304597
76504575
2689087
5808078
96643580
59199923
27303304
63194850
60030744
40801964
23005393
82506589
66271260
85483950
77415905
81789681
17223210
42354548
42228646
78449710
83798969
55786465
4529036
47495350
92473562
49528649
62846877
16054892
52289013
38883201
28604207
63999028
18446438
71741802
49463080
8761644
70542284
29060334
25722958
32660789
83839880
10349861
53162139
55501133
5626088
61411650
30567131
79238226
86125003
28449047
795315
35899072
48194613
47386700
49042118
23224044
83507016
77206056
51249389
59725897
30624835
23256123
71209914
86289374
18443510
76477645
30058594
41100531
46708956
1660666
40712190
63307842
98017628
22395574
71270349
94194282
42444065
64138810
27678783
88246040
79514864
66778898
34103605
98295528
68637046
78034408
15704025
27885971
50378623
53764964
24220519
49796627
29619796
1525256
22421027
64037998
24262707
35597491
1182028
24985688
556918
16018610
93912483
16493654
75526258
46070245
36267579
26540999
60788451
11703730
27364298
7989785
1101867
68519766
27148889
57449496
67688510
89979035
34935220
55663380
52965394
11461838
29370734
29980200
17657948
95139308
12456287
23824724
10189209
86891595
27022627
68077144
70003658
95559415
21757107
51082529
39177143
56748436
53010277
48186630
31952644
94695917
61633677
98835134
93836917
61390643
53764000
79412742
98669898
5472973
65451580
56346771
17568332
63825256
91037142
38300517
51709503
47764955
20925904
52736145
11607625
18667152
59070726
92141170
36288122
60394986
67083996
66237354
36358517
41475910
36637843
7348552
2652313
70331139
76485671
28602939
48806670
52206897
13908097
96690201
95033432
81936673
44803140
4913170
25324956
55286464
77157090
27484417
48372155
68160698
46897685
52534050
872319
14076691
3948897
4739216
63269975
85772351
1400382
39330709
63087322
60423732
14309911
65776871
7792049
26587148
85347270
69783176
94845986
95016298
21213011
10310370
15096661
71052517
33167654
77102148
440500
91992376
75778874
13602429
97805317
29738250
81574177
51760132
99760339
7124707
33830754
58982106
19738767
51818393
85627270
52465684
61137132
78090661
12091690
35791874
81795965
64705876
98979986
83610339
24904632
60610316
2659352
6607415
14342608
64586494
77060696
48521300
45102724
38511365
34986168
1526406
13354051
10440010
86269456
27761790
55229395
65663693
40664041
66866376
19885946
33954875
3038749
16182351
65153997
41255196
77666779
97999500
12050700
47472948
32598164
3094648
99710026
93843578
33515095
26281099
77863181
28626043
39626399
38815245
42543478
91703480
15633373
7922654
6064529
71058401
94387184
28795495
65029894
47060829
68842443
89676495
68919543
17200000
54113643
93153899
99227765
30609986
16220546
94210687
17772500
27697797
3031473
21576200
95106903
64445225
24966271
74913667
86567260
74841606
2925136
61895506
66770171
86509624
89141458
87675458
58416918
73440102
20542454
81210187
59911233
49064474
15912275
45982223
13843234
38486887
87223842
82630840
96874567
68829979
80569752
56211619
64978639
78544456
5831557
62808483
34618846
67584113
21505159
23688753
65500604
90575955
42902659
54258863
55337696
86710092
90503094
6051505
91973428
12728603
60476906
61958475
25469078
52399984
7240083
42020043
31706769
37031022
75068725
73081626
82822616
72302086
55967675
85325114
84608564
58592647
37364752
1522472
56888789
12835590
2570921
31809660
76726949
53435856
24901855
20910737
73855177
54204368
28262939
23788286
83922329
70445579
72412646
71365755
60216054
9960081
78757984
70171638
94363057
28905938
39217308
19007168
88290313
89073920
24784578
3301166
53818381
10389197
20856237
64899761
17078448
76808488
14754165
71014186
69757583
87144989
74241303
50102521
98817768
48729984
86707124
90326467
84418401
95910535
48588503
3712932
16633598
12198291
12458369
70695531
44282208
81441871
71407588
64587124
70701343
50278964
59456343
96834587
18539546
82348721
21661264
71767339
16909007
96483247
55379810
1863650
63065897
47199638
89877995
76047489
67592124
70138017
2828293
6668381
30871597
36326212
89854148
50108300
73652776
19366691
68471963
28816360
60206321
43204790
11839177
27580359
43907713
69737520
1511632
33970417
18799505
87078077
57198029
44916854
78878887
9699834
87610262
16137032
78292544
63209827
96685896
66026150
50312307
55222018
46723864
60153667
40457904
14296284
76128668
373897
46025285
96081839
56720642
37320590
63833187
59561066
92848036
68768330
26796259
50915798
37540513
32170327
19345958
868588
26028705
98768154
79690926
56680840
42373709
5243234
86849750
67773723
41571033
5253030
78893431
42846800
35124652
42132689
41916236
17413589
21316509
882773
19696358
10546302
70746488
97583125
43354050
36454883
30715362
13853430
15812676
50037033
8383797
41204567
79321913
68489286
85348963
80754325
68757840
27725001
19530920
29857840
7554706
6983119
93700301
59133582
50390751
94301443
26359591
28438120
507549
55803254
79926770
74834057
27994907
16282947
65112570
55919684
78696356
65759484
66624031
95465247
43154236
38762816
12559399
65569210
76875713
43054961
31393688
16969232
11643848
61095040
53864728
38424974
50239559
5968385
82235013
51545245
34500486
85770448
91800752
14875602
34914716
68671770
43183359
1426634
59755444
63039348
11190445
67742304
97632699
88472386
39325212
62865499
16165772
44414247
51761375
62446671
36623935
70864201
26262412
56073636
99066840
38215138
33880289
54746357
11578385
65188865
8647277
26768987
9965072
6787458
85895873
57680902
94956810
27794110
18758520
55803545
93825294
48080793
97679207
34297257
42788639
56697646
77007840
24369542
82317817
72461971
11849538
23248438
14300434
6961151
66806017
85920246
97988957
96538531
74608146
76441181
23170136
40450757
14697155
45110830
1160453
6646354
76093420
21768845
98234164
38043283
73049846
58387334
41817524
41597551
14677777
95626580
36694525
47035076
63677469
74209506
96053288
11189015
98386762
91231249
80108802
72645734
10032145
21135023
18819618
26182405
49676907
47740664
71932478
91263329
5801385
85799477
66111897
29112664
30221677
19872359
72349245
41749344
85210636
4208229
32095312
54765771
12620048
32423209
93194355
29192286
1191024
90264943
11059750
16068650
13021461
10833066
22372991
33664701
46091805
92109072
15423325
49303806
92281253
61749698
43760956
73440193
60340453
978260
2839686
63846489
55981661
24572134
35604384
62968047
23110769
39868223
48125704
70222701
62395137
83218765
49663881
44874901
67105283
90527651
8353562
57659430
81016508
2135162
3532247
96787683
43763110
22229589
60278089
95676633
17257273
85651841
36012652
39004266
57968537
12488615
31454693
57604711
95041617
65950049
73868818
23354513
85935958
44475375
88758595
1895387
19344432
47122544
42296816
2147713
67625373
49693840
10388033
47216810
79510801
90733746
44238922
42255987
82448581
52446933
73757456
4619599
61928825
95452618
25445108
4572543
60951390
66834587
18399899
63833697
92832148
40702768
76245601
97564592
95671836
58007008
74979161
93250271
78902133
61040896
38472819
70953952
77585276
93231320
26930160
67713800
80664776
39313690
24850912
30522870
58885915
35285041
91563415
43720725
72662938
79990242
54467348
43056488
71915928
99127004
64454162
24351548
97477142
72606344
31058866
75331804
75033004
86556130
4790908
90384254
12967717
62473038
46147925
61215571
59078943
72440278
75571779
60985816
52304244
94647328
59337409
46573417
70616503
55622112
89349436
79697597
34254329
87133484
4017426
7223736
27642594
45512264
38243657
67494578
45500524
67287353
40435700
33787341
86534619
63632903
18670306
36969101
14321156
6041522
30774331
51704740
92226844
97817129
17010312
87499312
66140232
5203642
76850009
15806126
37021880
77652938
67103853
76202732
77361368
53101221
39066601
30161635
71724427
50498724
50543517
41227190
43382982
28627978
62637090
78178372
37597019
45199714
56595308
60746508
5033182
8227033
75284559
84875619
97092305
73650497
98869203
85291340
28217318
75963685
1313599
51872272
96895218
26664620
62214297
80161651
74254295
57312232
43731843
43410641
25381564
59907893
55836136
1044965
2639401
10485970
12860756
20319582
66602653
36347635
90955710
12081279
98489663
3410682
50394183
1734638
54744017
32560279
90119452
37724038
71462730
36160075
41057087
48222102
63137307
31252284
86884987
75205498
77296870
79435559
69314579
45907467
89693987
34720412
84976183
60026386
43567906
50475600
2622380
45022138
70716697
408127
55307045
8465843
31935248
89571207
8440820
53802116
72352996
51434366
80565181
99019150
28770352
69259904
50893551
44729519
1304203
90772321
67746930
97872037
62519407
86746728
11720246
80681363
40506870
26358248
28560352
11074726
39282138
22380267
34935904
3396168
18360006
29768340
57968701
92773980
24945453
39121892
64223040
7691402
45348700
88518592
3488571
47280538
14225599
12671470
15594818
19178538
41720568
51416067
37258701
12018002
70109740
72934588
71340655
16658874
35300584
85531439
88615002
36531121
87517931
27300316
89670226
9432999
91154462
95829257
3692861
86370861
57665413
98092227
91338372
10902442
14807779
4517628
14755724
48257788
48712673
92499300
53620076
19297926
93177779
85301411
65078457
95009773
5977683
7343549
18120460
11961464
56002054
45471930
11839208
17043432
82796127
11514453
16845192
54229741
19125838
82472423
29749367
52270463
10990488
13088406
23772206
2053407
17924414
84765988
97265677
85555252
37220523
37987284
53241891
71231725
67416901
87419815
5420702
58661066
31402197
35881159
16713131
60338557
21399333
21343580
30725497
4226360
50374810
73146653
61281829
84033445
64573958
26607503
87956559
76220203
72596650
39321380
86907239
9023311
42408912
97196470
2058353
44338376
41802274
24673412
37756143
15617603
59150354
24997877
58572013
37558924
60442321
41668970
6251452
75694522
89041125
57204545
15307938
78140107
38772391
52831087
53378447
98899575
33262255
76704135
49952127
23817621
71242982
68550872
65238675
23031257
5235740
55080119
44470068
58175459
82601932
91118200
18419926
45137401
5178815
12052897
93895457
92347159
90090331
51615032
10106640
70690397
8175679
90245273
89937160
98672535
75397037
16087895
23374211
28395940
64243459
43536979
60197927
38447971
5981133
73570012
55168028
70575816
24799448
92283484
13832960
20598063
62999771
28452381
13287765
57479720
86804310
74662180
77507818
30667650
9107518
87942202
66346312
70955606
92781924
66286818
51956336
36052290
21498068
92633438
56143078
47564316
7252670
407546
25309057
26692581
87504150
14308744
87620634
68412691
16250854
50341352
81832658
3654335
85199880
99637687
26189129
22661395
35764715
96590367
2808638
85432067
22093384
47900458
30065972
47818359
94852531
53855847
86655343
16540896
94212880
42186054
97866586
21643739
32236593
50373611
39219263
52823571
22958689
1434035
20146100
87610766
17268083
32778262
35802251
21840850
51277084
84219361
29726602
41070289
48548397
90236784
61939930
16179687
55051275
49098510
7871412
17919362
89821249
19520137
72895367
72013076
53655866
35667289
75252957
67018138
84939075
77223008
3994287
34334945
50272830
9759852
88653582
43316993
72201086
96794752
33681262
46693583
59042659
90938211
81476320
46089080
90562167
44544316
89694521
8942431
27611176
79815545
36926916
809723
18794721
17496219
24240764
6268118
92009137
92565485
26785420
2344956
99113878
17065282
42685538
25152723
51865374
19975142
78378104
28561164
486624
86027999
12948382
32076316
37797345
8847082
42430656
55109865
14296165
81739657
63685054
76256950
90009115
57456114
93324920
97924006
13323034
63642445
13687465
55189688
14546926
875482
88421864
45936792
46154955
1280436
5007437
89484601
78944028
44318228
31465674
52114122
6742935
18183784
86449258
40149775
36821962
81525619
12166849
35854608
98350022
81712009
46028126
91420241
91988026
18392574
87842014
6138229
54978193
57721864
24269861
48519405
7357849
32681520
59866582
65323364
85770154
15092126
45516359
82224648
48995442
35042814
91751152
38097831
60576900
20183080
99823311
23683734
6234474
85563265
24619406
27349663
71643737
72935701
56829123
21564087
48871156
57823111
57765779
26169503
9365122
13007482
18715611
22588250
28947499
63549868
56065745
63363075
97782428
86079037
76359332
3249016
71645312
89568034
61975878
64200528
6860010
56740151
55602861
45256154
47485088
24624136
19652327
89427566
70044268
54558196
16201923
14394805
46958495
45735736
89645828
32093561
28717694
29815225
58767522
20992545
75424448
62226560
13332901
83075612
2375412
65365777
14054140
1787387
58146696
41210052
59544343
84299062
52927741
80428534
44993725
6118702
52649321
22721300
25633365
33443310
40662762
41321693
47846396
48749322
43305566
69047892
5928784
70249907
93197557
68963627
75010622
20502754
92747245
53234365
47653486
80936060
88984980
54728589
73642691
21281125
9879300
49648853
85868792
81311404
93993105
9516980
60270724
99276795
8869722
39578979
3155914
45667944
56470172
16678731
32006259
48240745
28735932
60570600
62735327
10553298
12587980
71207481
79325430
91849920
74843716
94356803
30389572
23947924
11934708
11628202
27303377
74491584
28326130
2702064
78346367
39011452
63999426
4287589
97314081
42012121
48257894
49685581
68389571
84569125
74398109
64166135
46377814
66781202
69585300
55979384
18694100
66116388
36005919
19397878
10065159
55555798
81201450
80633652
15321984
75090644
47497888
39222451
69210047
1472493
91015808
82830389
51046390
12315400
28833191
41331345
12834382
41977934
29626637
82950717
45889906
24513119
58836622
71965343
44433993
25871818
61368730
31989038
87673729
31386174
75106546
68590308
50570863
34731035
44503680
10783844
70539256
99111713
70244332
78779730
29549034
19755688
31129659
46853491
76904331
9895630
30734082
94105181
68822053
61562524
73997136
48043092
45488691
70323381
55148057
53492312
28137718
35443940
42170555
98552338
77911559
52155446
59152288
28419094
12324552
59011816
6450842
74097235
44332692
60437497
28405592
82741218
23154939
29178873
3550240
76695513
33887300
44395510
9289796
26839116
23718231
77026494
22802544
49819790
24406253
21025049
26938363
10892536
16734014
31129975
41276660
55729148
28111276
5679669
12401635
25200042
94492023
61871069
40359168
70302437
68932271
32932097
62145847
74981354
33909192
12543762
82291540
74384244
92615002
47137691
84349955
66085525
74761225
8815249
56493601
87611403
17842327
67269825
36132827
6098654
53232492
87502506
67236160
34961836
35373979
82700939
67800190
42936642
75226400
86565305
21374886
12484814
27448844
63935919
51006477
13929745
3444013
66284339
52932385
91483019
91062475
62327818
36116125
35035167
16404354
94389096
7124675
185542
59157573
32994150
50997377
40174269
57177362
95530532
99638535
7501143
28906391
99963768
51272686
53368151
10829675
9258311
40639706
9096620
38640887
85431196
60362204
48291860
37215575
84298770
37945168
68688807
3665225
3429857
98454965
33790512
48634561
84688621
67221810
45421377
77875614
68772494
95683061
15190061
69742013
81572553
47132445
93829697
67752460
86042727
85662906
42373344
81076087
56022183
74629338
47645837
30946665
65217654
96645975
88066637
23931218
80245678
34205962
60268613
38443644
24754072
32218849
22850992
94862027
37277573
86687163
95770598
70994899
6177249
40340635
55779660
81231079
96525459
74233721
21226263
37517854
2874416
73914743
88451879
36700141
90201740
58284851
34852107
34108955
51010538
79518829
21285650
70524753
3215646
69946587
53094888
24406106
16503311
37183645
67734946
34978059
2957021
70784149
22269035
11979841
86992341
8003297
22750983
38692046
21686520
51502583
64384131
15856788
40999452
38979494
46971224
71609048
32688722
28435021
54429149
80398144
83660850
82880855
49585604
93932650
24201336
41263464
35893414
34141894
21098691
80316545
78586250
10711205
34583582
59080243
74718
71164283
52365850
89694456
84785093
47130379
20143195
54611659
38863569
31488277
31124598
45414861
90499021
84176755
89106677
27185596
93545413
2568384
6274111
70878437
64887732
22507346
28260812
71056187
51377640
92535801
10228535
74342759
58458777
14458623
98932225
41109224
42134573
6945594
85734839
33935463
21602816
23836890
82230158
1909403
55237572
51993661
97300721
41428271
55572551
80577349
44162647
92786978
52019274
7783817
46218389
51759268
31289196
44974157
21226305
41030018
88939335
94504590
69136243
19283179
21402748
57631733
68074149
29336018
92602837
88624623
26749336
87282422
85139335
60571923
4194787
16100682
73762591
6878145
45443956
29369549
61528115
43162069
95955576
28633112
30873902
48946757
16991045
56289346
89020943
12354015
53070874
56784192
80886951
59632334
59684398
1395164
97171144
43193603
35669644
10774725
91399514
85022441
76118770
41419424
94420968
17888872
18010147
6617783
95703203
47901223
85401018
75940772
51016199
63234330
85580971
30973368
98863536
43385204
99147659
93975241
30424693
88384654
7955562
38307032
87076440
87005880
65172368
57642618
31907764
85697979
24021324
34736038
32224920
43187865
12455004
51504179
59245798
39319715
11736509
64733098
27895268
4019426
33718534
51785630
94767269
99478684
68488311
15585448
85915860
39869614
66880492
63694587
8884445
2529972
98834148
6156437
42267627
45074321
33175174
66198918
90935255
4860394
25890730
94391064
37347011
45285705
11709827
89266403
69564492
59487588
6197389
20362339
70123806
71677492
62674132
16138703
86066243
80954050
29378615
52156763
9298986
97438764
92311829
84750280
31996581
27023951
19520333
28986669
31876371
8910901
15082537
63006834
62984393
90471667
54923399
66965662
95685999
57526046
23250097
23269421
69149577
19259348
18244038
2944467
75187490
62921762
81540322
61371686
73067102
96815947
2405818
66588219
40241108
55316843
44251515
11888999
37400375
29551354
94962332
49850272
5567600
59750654
95147188
27106428
51498837
46511359
58167767
30320676
48006790
57636537
6640655
62533534
5165048
43815251
95768565
10980885
56616744
30744642
48741251
29936571
69658561
3358606
66185041
72774900
29680072
28900157
80895985
41843215
48026178
38211010
97199276
51519957
48015441
59909628
79478268
71105552
58538629
90895948
78751167
45092128
16113545
97758076
74403073
59115911
92155601
49736891
78974592
15840639
56325420
63237866
82620737
33539547
79581964
99992142
31579867
88037432
37838365
24215637
43689895
4353104
71041391
82586833
55386917
98486092
37748102
42993844
15305338
4956003
71400750
24103541
74690531
79977585
44611315
35715747
50866778
51423023
86670375
93202073
25159515
40277696
51382103
36073464
65618940
66550485
26311049
53699505
31126795
92365656
80847981
71614545
94871244
74164690
93511850
83391085
89549371
86466067
91636117
33197381
93000761
6470880
98935740
55689854
58257011
94835510
16729543
66856362
27456963
26922233
79467598
82005092
60650484
28149384
13403915
27040899
98708401
7335284
34711369
36229773
6162468
51473396
60997667
21055921
53835128
30686556
86917125
79315312
94895178
8153166
48097129
15534017
15552574
93821444
56199487
61916508
41278133
93900150
78893808
35928060
49602579
42805276
78897355
85619992
94151042
94695961
51828862
14288614
88075551
97327016
87851493
53840317
82210879
2176865
78941528
76493144
27836228
48252106
31807704
76322608
9505366
61577836
58796713
9823738
28528707
43410550
30937559
80309820
39870641
88621626
11254789
20351153
2274461
57100781
20233734
95849371
72165260
9244649
59979801
3458976
5791098
42788004
74457241
15878403
11865663
79445906
71076711
15606805
45821584
15698724
21844945
79674545
42842064
82219660
27752508
51556152
43901672
96988588
57962391
83327004
3031799
13987500
80498786
51621432
80528470
62402497
82940628
96940079
88188228
23956251
95663275
93974819
59153001
46182629
32823552
25872311
22337020
14117055
40335571
91369173
12391952
26569897
78061319
22796078
45856143
43396085
7254938
23796697
32525189
26610693
41943932
50908831
15685735
63239458
28606693
29683238
82724319
1627024
44644914
41215129
17685616
97426677
7945038
75370674
36211899
25649656
75268965
76261795
10898718
34501403
12533657
64894482
29710728
53493410
47398121
98652812
76942939
86757965
3728536
71602442
36870725
69730723
69355937
60443103
26266868
18126688
37902220
28391593
94194202
76244974
57301929
3916820
16660132
38938902
32225244
17640944
25038594
59880591
52924723
79413172
23459206
88693885
50062506
61351145
28502635
92281472
62562549
76844137
33351623
65513371
86358408
10132142
21253133
66064405
32826467
43486238
57688504
53991881
67687852
21445988
82244042
77447117
1455795
89841935
1450010
21056756
17806017
69141841
59244932
62901646
15987443
91764723
96224783
63433869
52601514
18437798
96871796
63362836
99149435
65928340
89490862
11115375
737926
12680626
76127565
43831069
17112676
47938046
15965744
8568052
92036763
32804788
67878793
60315941
91580593
57828476
88823131
80443587
36239091
8653178
3626809
64709852
56001768
28215983
92849930
65697224
54155315
69321960
4211514
41135260
5204453
90627301
79432162
20277792
90958216
51467334
48080014
38202712
67964583
34794476
59416132
50547203
64826395
78439996
62993815
46863737
65681348
830537
7109113
81147743
72099771
39781254
45468045
24033841
15405649
26148436
89258412
81029694
77149638
36539948
14202499
80088181
95039882
27762788
78818064
80586966
131353
97558664
22556253
79711562
38241170
10757346
46810225
46908982
14703833
94215943
3528365
73807944
20664190
41773838
65419091
28806292
89094168
72712540
51282798
98845377
27803007
53096950
76703313
5786656
46780489
49615203
17184068
91067757
38536247
66172038
84948550
16665142
21440492
95448659
64018628
46804665
89923205
17924255
91860194
83146080
20484675
52994353
61977111
37525372
86572712
98698416
98722267
97668985
24592704
85377233
91705831
33216818
84546483
48494914
24638210
97142974
10649964
72287699
60692305
959711
20905159
11018356
3201102
82012301
91687275
36827307
61331835
34121401
21947000
23837891
28642480
38464132
57997902
86959118
31310013
53696657
7996341
41847570
42546860
17691619
71451054
30216973
37893877
49166851
80238765
6832296
948202
95528513
66454896
3714479
76140835
27959340
44351710
54352576
91811480
42641089
58281309
56557653
64946444
26457345
10303076
52540206
80950660
12990696
59877897
6188970
45241375
87065554
88121968
67277806
44826184
72726047
76209128
60810813
22739666
13481339
13041659
60795896
95009775
45557253
79803009
60848727
74904262
11642694
84996623
57793501
79381986
36883937
54665228
70670942
16069171
56497835
96421988
95460973
53605279
21072611
8425244
19031980
85694015
71420636
47716347
73285785
7958883
66702464
15405938
36855087
2057998
53464050
45430709
10944420
74893742
56973798
90452212
28387134
6144095
49252451
60307238
95018780
56951089
59003257
82755694
84773340
28497832
51259039
31231716
23881599
23759743
17043773
15364917
17095002
14294891
20420651
54857821
78504063
38162149
27372499
34877280
9847258
27639364
37006216
63829495
16427095
74620315
83505837
3515865
3254751
43865389
18733436
24629733
95545624
77744220
22041863
636085
17775514
8234677
29279884
9250738
81592096
59197046
22841642
54656996
45925324
16093633
61288650
5378492
38317862
35508726
44799810
85035095
57330588
27878612
68879031
95410240
16695450
64135436
82142550
31337615
99954895
25439478
26691571
40766472
59948404
8961534
53705523
31465638
3568017
6685889
55405019
9518637
512373
68587212
71074400
62676008
66285865
59341064
6886214
18828345
87431496
64782957
95276454
57133279
64603729
36453984
26295399
72008972
23659798
9125918
95386867
29635700
9080430
42188992
36325777
2787735
61724637
81277839
30008795
7745504
75823048
59225478
67644559
62109672
8094954
9244645
86964091
49141121
16015926
47848000
67915296
57597081
5514682
55913947
32716275
90869504
58060362
1915055
24934712
66225311
48166905
37354790
14590999
54077747
19657939
31336592
31034270
11278369
8959611
40141626
36172450
53247014
81250624
80585195
45872334
70998253
7361758
74389971
6643464
19190599
98603720
48105076
48433465
22996027
70283812
57017285
4815850
45234671
68767622
70396757
9866005
18087340
33726316
32584300
70279315
42143948
38830498
44887257
4979068
9454554
58308922
2689628
26239292
93513640
56369972
1521538
57356920
41434131
12333511
2642655
22860364
66414991
73314484
55568730
45068504
72694006
96691175
26934020
98137189
96827623
39000162
67202479
77946902
45308546
72249225
19467761
84628940
7520537
45979529
3744627
88807811
30290271
50619738
58629834
67061077
27438835
87069982
18266425
58666962
52015700
67884551
15009670
49821815
50035127
16006301
64881768
7225592
62028021
93435044
40612101
28308168
48597923
61011328
40342973
34963365
85633863
51588491
54352450
87704699
30233716
16796917
10436810
53495890
68563888
479012
54462440
81579614
46690740
78291975
29558546
97741820
95682122
51128195
85514720
87002099
30039881
29821568
18245702
66509192
64001444
83591756
67086638
71085508
69937832
42092188
71298982
61046739
35330977
71526980
63271785
1531359
10090940
95929757
76047163
75254219
72083764
11186367
1729009
63120596
64836499
56039349
8363545
71880974
19502355
73116757
78040832
68325890
46086225
63561794
85209377
28200814
39535805
17535270
15734213
44263416
9009611
43435996
83659263
70865291
71312979
48748775
4579182
64905031
47742839
49594724
32477251
16855281
4176699
30779820
90491235
71183211
42872823
75289281
49339479
45998870
54885604
96103253
28810472
57262450
59982688
60052918
17882204
40679748
99269023
17530372
96930433
3861149
17602535
70939672
5806985
80922014
66353294
35801049
97460772
20719311
68652038
56865641
95985316
6871124
40199765
39859226
77963863
7679784
33962321
95601300
88596506
40266964
19019982
1853328
71479655
86462216
93301724
74000852
18332112
57380681
23619388
92948626
97688000
22513745
84356922
20145187
44368884
99252522
25506508
4278207
40724331
91481145
35361519
95996303
31175425
66493471
73935344
26335881
96924384
72487344
99047423
13821266
33948737
74925781
3804457
35246607
32563713
16047631
36976679
35836172
54024677
68082839
32157842
30973019
83032694
11130631
37194858
91484916
4740070
1380094
36397362
18572053
82909288
50491600
21781302
21351201
2161180
71526407
6672428
61023679
96607338
54948141
20387305
89413039
98894171
81186911
58835480
37256668
71046041
43140725
39638430
53388915
61865133
52798865
39571704
37058677
73225907
49152232
79708523
9062251
57752135
46885191
47396251
7194486
76382218
24496818
18998476
81838622
40932387
78822407
60274298
94032189
71431564
13356774
67345906
35944328
11765363
821866
62266594
34804551
79899474
73192712
71690236
34700967
53042351
7418091
73779519
7449695
88937667
35918492
67234713
22704584
67581267
70375541
63531920
26757817
31202947
41121430
36868194
89611626
56591112
91828058
94315232
10693081
98226045
3251850
62991849
89218461
12908201
37839024
52565833
85391367
10920449
39394977
90205721
37094393
97214572
69202529
51920863
46498873
72369721
11341944
55657065
14046637
94027530
25760961
56059687
4269578
58410796
4466431
3166246
5390373
30038707
49380325
59908122
71987964
27636989
55760011
46292402
42719858
68404261
89876564
24018328
39817317
87358396
43785125
93856314
81970148
5753647
62007739
29924072
93847240
76110054
71058402
32237567
60774925
50883077
18302160
29507484
16708451
30756444
20888111
34926223
77349284
49627298
38048785
56882809
63616747
81596206
7207862
35745969
86678705
32156331
68715729
64508766
65395420
16755234
91655680
28862386
22968213
78375195
92711427
57679641
51747514
74712606
86761087
23794818
93314130
4603224
63244013
30709795
87386418
75115565
17654540
38551238
30398322
15857689
60532440
42656024
49635173
71642154
46723684
71593014
24206169
62360418
45874212
12791465
85442112
2892936
19196509
34216467
61691401
33106713
97472664
53201066
80113895
92825417
35343503
20755480
33823630
43778414
22826945
92239174
77716589
99905812
24688357
73810922
20267987
99995568
8862221
85413195
37385084
61982469
48262371
86407727
48275158
36036533
48874211
58465285
13131394
43853596
86030294
84960043
35433007
39355746
55242918
26285114
42545831
95456725
42696991
62443901
30609791
42084554
45788599
28769622
69657426
67110603
76801205
22942366
75582429
18706283
22924214
82554134
98754940
70092184
35483720
34246580
41279672
1600545
91828759
69202427
67165516
86761732
64465797
75468959
7737699
17683664
4355662
80058472
57688490
27367721
56193835
58894298
50101646
43949486
46947032
52948351
9548701
82386303
61187883
36096453
73394164
20058459
83956931
88531967
7103051
65358194
82599399
34259884
66716464
92644912
88198998
75268525
13658644
3733233
15021481
59907782
48131474
97917992
33541667
70636620
96252827
72156350
78722124
10133643
95320937
26577291
41453096
7337179
88169571
50387199
4587052
38850645
29959074
58877041
7939663
36382705
73156737
85512463
69280315
30899614
1976698
61525171
47272768
1554686
11931463
29849703
25420607
17393466
18147424
87079866
79071198
33998186
72003630
32248941
86859614
30012141
40741643
90918243
15399221
65227195
15255538
11796177
1179008
37554359
51670058
3071029
13064701
6961375
61325125
42509296
66976580
69552580
82778614
78931600
81575278
85172578
85231135
58399805
41294410
51732997
74638019
29159199
40094197
63705903
11453493
46604765
86374646
27862942
17839187
86533271
93502096
10876880
88732577
42169545
64666366
60727502
40113384
1141818
97525013
35291076
78817657
96393884
69536806
24189950
18544505
60436304
58508685
79440558
37874265
7197027
25644103
12640254
43327736
36768550
47968679
26804033
25503586
80994756
79964572
96942950
73654789
79117391
35096570
17062905
69748619
54479461
96765890
64141669
28334453
68575202
23022554
97526040
6092190
70218838
81685803
77369247
43132947
11880753
2191037
9655724
21074508
40797198
24344444
84308510
69270469
88972437
64636823
22026051
44830926
66116267
96765657
17760706
36926478
67619338
9682568
57566398
85991810
11512600
74545943
10524747
12916185
1313139
55142711
3124162
67526760
23687676
97100880
37165754
2845005
85032818
10260182
68606450
79683460
11012193
95038511
80249645
39421308
98656892
70571475
97989833
32772844
13400392
37183323
92782589
8213701
19823908
80557969
63033594
54311561
84145202
37118732
58354313
96451047
70244834
15099203
88005183
48625047
2873322
16678721
67511511
50960191
11307037
83557460
22860795
78624353
33135246
33795175
50818306
57573824
45325036
65951272
41059537
3923140
74144735
86386179
92131032
14623523
85521257
61985746
4825933
57476675
55225999
68295312
66388755
19233659
50151509
7086256
10520350
29718360
58527747
67641099
77927501
33800807
32758408
67451490
20911049
5260144
56748917
8306656
60639584
66136841
60902628
720197
56033732
74428728
95222916
88341337
58898492
97538199
96152361
55342562
25865671
7032456
39042169
92052929
95027872
37587818
12382901
2499629
27340018
71339488
18194968
82022207
3319629
28331269
17912551
12631476
41030167
81104108
24048981
42906228
348527
56058728
71065174
82208057
76761742
58811398
13197710
97806909
49503837
19170683
9474208
35671433
54976724
43875627
98182077
27332547
5985718
39142528
98549173
7107419
91211110
63871425
66950861
91834151
56581582
98526622
67478630
71626238
13336574
79303657
65913849
72203624
96963251
38765618
83514488
7304176
87177384
59355423
36026208
15308791
4104486
98364150
66510257
59497147
69669817
15436538
86847218
47723191
37544143
48802835
2752747
9212585
37993030
5671567
18390216
26617828
95917509
22174423
54661871
54989148
83991415
85469901
20985386
80649733
64747536
63188200
96032211
82194608
22627423
67036534
72445528
53738877
35309530
22196180
1358999
6157591
67988195
58973675
48460080
37417677
20188854
18820496
29330043
63464513
19275749
86640846
70460313
57356981
33828612
2839998
46927204
99324705
46963165
48990475
87117828
52681255
45769915
93541930
14728073
29165513
60223496
48066924
90637215
21963374
36926014
8118554
34394918
47887241
41520487
87406861
83656115
27462468
86328779
81706476
49837137
43703515
2184673
40494655
22745026
9880564
65198642
81029549
81484432
56713418
21447616
52765478
73729600
58896347
11940057
92441179
71636168
76723695
80727742
94000780
49433272
26050583
2073803
92169215
52258292
30235406
64851237
64625554
75817567
21098963
57662519
85199360
54398166
76073997
95091877
82533864
74450589
10603412
34571942
83811423
34206445
82255595
39432809
5266115
71621541
96382956
52263935
94020968
77286902
30712093
82242841
68704005
34959397
96854327
71258392
80072804
91106457
49742365
46682578
54318709
65006671
98492470
40484003
68967106
17101420
10193727
64764226
23844431
89313798
7404471
88746147
83746117
5128918
39432105
49887710
90169093
52476596
71680774
9144053
65545230
9318531
89307796
66597189
49868069
17239422
86722588
27645541
97285168
98009154
99968380
15733305
49890182
640713
63733416
49700444
14046930
52487214
27799406
18536978
49007478
49127375
90677144
79577274
14845645
72885
9402616
24698165
57620559
38638258
8577528
79749416
48699629
62886958
50353203
94435689
94151269
96135984
18907365
14161213
55370122
10588415
93518060
31594633
69204803
17336541
21061940
13680682
91934418
51618582
255507
98065687
14894439
76269519
46633442
78525729
89544395
50971986
81383129
93821479
41247339
7829823
81323432
36575997
9867470
84863167
12218464
19599332
35418609
38253280
70478975
33990778
60345658
93699985
53759501
41749304
96024037
13660169
33772254
20474563
75707740
20574105
8733910
28670751
7854868
45640094
75367336
70394772
32371704
46885236
87470333
3145032
21209823
12710122
24421096
32879759
67512262
55896272
83516252
19735128
11384023
31731249
58230906
81118259
58399622
48601353
38120347
17873189
88304749
62544912
92003226
73306520
92897634
7112106
98856360
20639174
5479897
18191198
8098998
16856036
42743056
48974406
7313052
29359442
24301976
79302069
49033726
63959432
75442910
84141259
59455627
55919540
83989608
49482145
37354718
3792921
77781920
53288136
45999353
77195090
75132654
11975065
48635634
85517932
10604385
54135585
57739616
84467464
14115427
75972744
40774635
54489703
61487029
56141648
38152212
55423632
39040611
38972902
35737858
99116238
4410376
14556716
56204095
99719335
47091737
8122036
46517555
89739299
90796795
65239244
209041
18285638
50897611
21241819
82671240
73233474
26175443
542143
16546438
1791239
35873593
78320459
22837131
99663563
89508604
95668145
4899612
9969207
65785298
5089457
8596797
32682896
21324028
78534767
49844322
65996385
93893746
84621762
96344302
71478664
30151694
2902931
22540131
46601749
42365483
15285541
98555200
42806460
31455027
28767291
62961773
7936054
40843058
71201180
33413998
23139888
39688651
50845197
2843500
12965440
76065830
96093686
70439848
45890475
26607215
9384310
26681898
86172069
55364485
32399003
11882606
34770121
46370973
72172722
98675639
51560718
73256536
36108464
28580265
49128266
27396550
95503258
43429416
93423367
87443092
45374763
55751877
77232633
44753016
65056401
40383487
175138
21898429
63468728
25070437
50179829
84711115
29678309
97862775
42001959
28643184
81781470
83962426
95395565
55963534
52882395
33764256
52239638
90451325
45735262
81210131
30085235
73292909
11345380
58370050
42033952
89453334
70088551
29387809
62214719
88866782
13135224
98046144
31466158
14191237
26319623
39238892
81908305
45591899
81789951
77979539
78006717
19186754
1646477
8554786
75847590
43451130
29238319
66821547
77043802
21325527
94818246
79601481
46533565
88393847
3996898
85959233
15229011
30489503
95857965
43195144
90175200
21733321
74469180
4249394
47421631
30278027
94043355
50469016
4750758
17424822
16751561
782442
79855016
8084818
22220237
85378750
4151595
6174433
76832448
9561090
8258280
9080997
34663459
89393057
69030687
53397873
35673382
27212401
87249948
91204189
8023424
69093378
33290807
44087542
34585195
38694607
66956385
38542577
99972999
15038004
72516216
16589228
37708475
25936904
35212021
69153653
43571639
44637381
77247525
20841333
24761652
21119256
92391573
12229826
88833358
60111734
1348711
39992416
96198709
77691089
58765798
30282543
53530035
14384215
76690514
38510155
16322291
3366268
2714732
6459344
31432633
26808831
15103707
23860589
96640025
9959191
12736842
22882866
257182
65456727
66948338
41934928
25792624
83450792
16353165
47886203
80546456
19069852
69811714
79468495
4029725
92032279
66717609
33820795
4737601
86964771
90129593
61083379
78396122
31377238
99215592
964130
44781066
30558991
15964916
9924909
50797716
50597908
20706506
89410849
88537228
37299983
46824800
4712012
5139350
98093767
9569905
41412361
42747015
1712639
66845258
99290684
16918081
61226945
75935834
51043088
93317138
8612851
35933725
36077907
22988630
19890389
25594842
76746155
94685158
78715208
34201309
68800241
76347829
45131691
32383202
4049948
91361256
90298411
48163725
164608
48657690
554224
42001239
28451878
83249073
94212336
49053255
86605051
78862183
89340880
4322089
84592479
89411442
76932162
15130865
68469959
54672272
27403918
22398116
29725562
82402291
58894151
21921598
62066720
31515656
72295900
69309874
22713775
47873629
95472369
3193021
9543542
31027301
99779963
48153483
71366864
64212418
91392055
49619687
75882387
55131226
72147798
19003336
12657462
95758285
59892243
35937952
63247439
95141581
40303074
86286177
24610118
30119274
74376118
36372115
59650047
30893357
64293328
35127142
36572418
2350255
77970568
24562045
60921706
49968700
30297297
7891665
93544892
18806974
57053153
69590954
41832647
24268661
14819314
3438567
39643329
5010867
27677333
65261269
47973671
3181151
31501643
21535261
3482625
63659514
15368507
25573915
64243326
98091122
91666996
69374245
92962617
97062242
97002703
35019471
72920023
83499870
1723858
20360555
65759479
55302497
96488291
96541803
19849841
75287328
22121264
38456553
8478179
44700775
23567637
23050294
60246994
79091722
45568989
80740405
37376388
32664027
16908027
96250892
24952898
45650445
54384182
54979102
18067239
38792840
32163402
54776975
43184530
33076962
48362220
35115477
48480139
24117808
75482239
94631142
57529665
52124917
82562200
3432570
41922471
64527816
77309340
69286337
3162991
79131209
3603609
60124812
97214821
15370946
92016950
32158213
87102438
87552249
44137075
29463817
16326303
76282981
18650123
796439
29327838
99501338
78836119
51695634
32129604
99230088
26095689
93936749
10478888
49491345
86948526
30865401
99772790
3505774
59208624
68648568
3903996
54438387
56753060
93613177
31036714
1389690
48393182
94107530
4370470
80218444
84639935
17465272
82613053
10563627
86705312
21417082
57342797
56697962
84752136
67626568
67913510
93496940
44843788
48723101
35101721
36995181
62169462
43640016
75740734
54937361
57371797
69387093
46510909
98154230
64077175
89290586
55637132
88648803
28809582
23091048
37954024
42153870
513295
85367141
81486871
50483328
85284398
42041797
80971925
57577114
67710954
96130712
54779797
93768834
25535056
60725360
98460362
3037303
83926126
9472483
42228843
53208141
84803330
82601664
31125308
2421205
31854281
51341863
80180524
69747398
93086981
61308134
90295372
51141564
16498151
51508624
48943214
58369324
40973245
45483608
10482845
37846139
88308156
48922229
43628951
42169598
35605002
62054894
38336966
21459686
67218433
35816370
24581377
24016085
33324748
15576732
16605087
16463763
17994312
16709074
41653616
78110697
47939558
36025095
40485784
94393262
96812793
65351513
46707345
28429050
98327160
32430807
79302368
3530566
3428955
15644836
66427345
59763255
74602687
63826004
15810317
29039864
93821678
64128506
51175249
78703304
54740003
74173742
32867208
99259562
71322096
91145800
42253712
31958907
4240551
79745188
34523527
69812076
32563761
55906580
90195683
20334699
87888068
42025003
42036742
1704860
79945746
59413498
47812385
21109298
21596580
79323401
43656581
73045574
84438289
86020595
34209512
1524754
68757445
21053514
58300707
66386849
20019681
27101136
5669017
72347932
99337947
24084289
35306742
46011631
40049225
89286054
21859944
77288871
68118900
37387989
52536282
83436789
55610613
81230212
32390313
39869749
18074156
79055018
58265022
44307117
62210309
12930361
30773572
89231001
37711896
21964304
11531084
32794912
3603263
90618353
70455578
63599183
93956476
10934934
69364566
35710411
94078791
22094221
74779021
3287463
42709849
25498243
76760746
32725478
43706336
36024669
96170171
43273067
65854936
4880093
37020954
42360858
4954128
89132516
66974660
58892118
65746595
90156404
43824133
40137107
48087849
83337336
70430331
29283244
97504762
41107735
34874325
73139082
26010199
6261168
82613049
69752923
65397922
32976499
21111612
96866255
27808948
56164081
46231203
72388446
45215122
20185684
86314435
14632590
29657713
86451102
22403227
40830130
35023407
89666298
89429805
64938082
71007397
96910577
71254496
46401694
485568
39134593
88853302
76606073
66124071
61831863
7044539
41178690
30529866
40247651
19291139
57664663
96030989
9943586
6236952
52677148
59587815
76302667
81798029
29173419
30554699
46920174
39904501
65826454
77345727
6284396
35927419
7255226
74430911
75686333
2597218
47636267
80539161
14760238
76725699
91176179
57854731
22886998
74225615
12411116
64067814
72504119
27368276
45150550
28267197
4538906
55443811
73892892
99001316
31111923
26645831
23393106
85246528
68012204
31915437
27111084
4670662
25330190
27351039
75453838
73466490
70451733
37544541
44800181
45385480
68986144
48894341
70569899
47460101
25567948
99930639
34297204
73373108
70612862
67248554
24046256
96927425
22995617
66586303
19841668
45089615
62990805
39739948
93906205
98385617
90931198
62167606
74759827
53155336
19431543
39694521
39179149
67085880
30266460
30275962
32224171
2253724
88543067
26290090
53898038
812958
85959632
86880208
84047921
2166194
34833238
7418398
96138168
94695639
1486185
34528551
46466214
60369688
48671809
50869420
48466846
97960563
7277490
86501372
5646426
51261494
39707248
37847594
935396
51463405
36711754
11553293
80871720
63230641
95053584
41881482
23231034
79770296
4747539
61563823
71356687
3892085
49424012
98929410
53066864
76600364
95582382
48029223
39213713
67159204
21540631
21528841
19422361
11217614
92160976
52626519
48979505
47019629
88161846
69337389
46088751
6651262
77067945
32590265
37052057
11255951
71500035
64122420
32342638
90432268
29166202
36508450
52389596
76839309
79804431
22488032
15697609
78403995
93680408
95600803
14008109
91492157
76439162
1304836
54845993
11853906
47953885
16716740
3608845
69020852
37149468
33738278
81298661
15321568
68525551
78320145
23011209
22592833
87652572
71193554
72233153
6897941
51013163
57696542
94074973
19279655
12350417
40932731
91480466
50779311
62947682
79212205
64590216
69104442
15746037
35346282
86887559
20013874
49923864
77937697
94261005
59007592
35235134
88216582
12249554
71607304
52111906
69092973
10515165
93463866
48336684
88304521
7979618
91863358
52157195
42273145
47284419
14292691
76118319
81551126
90902976
53357917
41564124
23299910
78502320
46603190
33253723
87935871
45119100
73839665
77009481
22412582
73271356
17775340
48870804
73384111
57443614
83495091
34678668
42311940
23392765
7561406
65526850
48897735
12442284
22004046
62180835
15971679
83179905
2328657
67752708
53568182
39991952
27432550
34066476
34807802
88028228
26194532
39366878
46210718
8874980
97557655
67472917
85972475
55033974
20087588
29196745
57536255
32178630
98042757
64593430
5690147
72908803
65652637
40052948
96563473
67006896
59184206
50040091
42160903
98796246
24263226
82783263
15350629
25339110
80451299
46172464
49024208
90301390
12768660
9395612
60940355
99154315
55457503
3757176
7176429
28542196
11253288
68482158
51650728
20975760
58346653
86802218
94415880
47009697
37829872
24136128
14237383
93864455
81856917
80964039
78829522
78126016
62433813
96323222
23962194
87556718
32314347
13281769
19094970
41025224
48571303
19667415
78215382
58896801
16441517
46796225
90050040
1775731
93681154
42849278
74426057
44904389
1759381
50198633
64822727
59582328
480881
70367274
90805276
30822869
62738779
24772604
47165755
25118802
86702526
3753207
89462591
38110105
50070541
55677385
60613390
5170918
19787835
23570859
36764051
16651006
51643986
51691137
82958094
43958010
53366327
11819009
34725684
47554145
63695704
50622734
78888048
34438725
62642168
21045325
54724516
67030037
58082928
92819004
85133828
83317941
86549547
22470080
7295821
41889398
32623377
69633854
26132926
18582300
67503911
99007873
13003493
35642147
79433276
60749927
3719005
1538066
35769166
54217867
5810011
53360543
15986272
31204077
56946109
47288311
28634484
69524157
84866265
79577539
63291553
22680340
66517881
19985239
76058352
83925691
32369589
1845257
95580851
10401489
35658924
17284468
1976776
58398687
61434565
56931389
37827209
33383315
1542882
94736844
30448930
34468962
36768592
42748972
87677756
93585584
28764775
33280813
79443079
46473877
72753781
68765465
87752907
81865689
89429396
48354765
29414489
18675201
593124
502359
28149580
15019595
8128319
55003836
41119375
6085853
86828974
72183893
9572988
33795193
19642700
8204803
78843489
26260723
35640353
84883516
27285051
73991614
58460611
45366022
6700290
38843342
57353064
6844021
98709372
33396245
48820980
45863770
72741522
40063649
56037015
32671679
2289615
4421364
18244732
32211228
47901055
4339180
60574164
12514072
43862618
97919420
13146487
30343393
86963619
69024870
19171477
89420651
47649221
77780146
94481123
50485080
60118724
94703484
27053692
47737856
91064450
2290098
32989662
12424462
99932716
27438951
10094787
85611746
77250438
13770923
93868628
10272150
47098488
87368564
37270807
44933920
30007450
56902331
68603311
72870247
72117007
33592510
87242236
30527499
26333402
3332102
66543673
31101970
98730330
91706254
10410760
93427025
89803513
9376441
46173439
30375964
74740467
72283012
39735163
43433572
79528847
37111651
87309620
5364020
1224998
96139713
54995264
50814863
67800384
33149020
79322083
8638786
58300867
36222448
44838417
83188158
90805617
8845824
45852035
77275910
37038052
1497012
24796457
39253263
12169153
75127820
22384121
15652016
88196128
9766208
7451760
22559446
13108252
51114642
58645849
51068253
98865847
53240747
33393586
57234990
25450065
54234398
94241052
81593611
7660145
38301839
40276776
22211737
73497978
37503868
14542858
84581758
98820706
25552746
92116618
78054356
46206934
16867765
28180939
54553030
60319848
18978904
33640874
77370116
78883899
88796397
2927114
72053721
68478650
92877197
11080762
29041980
74609173
97737061
49464572
67081381
62286581
61016255
31949609
90513554
14827284
90453869
11316116
48145836
52679027
43748507
61337918
76509106
66644529
32138357
29398834
80219325
76750639
77826628
58224279
16139855
766892
59172941
97833026
65658719
92361977
73977567
25523770
69934343
58691283
15960960
63210122
92814056
77203672
10708510
93722705
9802045
45025967
98801634
67212322
70560119
77313726
52193918
40012529
84330469
25840164
89506891
38737722
31693159
17887979
6582982
10507320
2203734
67459672
96808410
40640998
31576423
55446568
95890105
6591869
24700148
8655482
84953725
91430145
9507706
76307473
86329627
56718881
63912990
14715145
63075426
94066308
95078293
51288257
17774576
82372183
22141982
85882341
65071480
47270857
11656185
97637204
7612376
18281358
59866663
63115307
1046669
66203822
67449855
89940304
70516863
476119
65506980
96745523
7425205
32766083
57291086
34441939
79042628
8501868
4093831
6681728
77569883
5977705
99794320
42078707
56624704
11504097
61521822
45409693
74594000
25551202
44258805
36860574
64521514
45750721
5163249
87266560
74313554
24612415
57161626
41715565
32790536
29030313
81603642
51693753
93074725
52759722
55950151
38357171
74682386
17246872
93773253
70084272
8642047
86805724
95701814
21582505
2722367
42043805
27840710
7239334
40172766
63578565
41167777
80076888
30753337
88196548
58462623
96287352
84913501
43906721
23722475
12800109
58077618
67359442
43138037
82021758
20340834
1840923
71309863
71721022
35619085
80854220
91632842
14343959
96283790
38833347
4073991
32869204
47307310
88810348
66872790
62760371
13459865
53074978
73233241
3577635
82118434
40904791
40776172
56796255
77768831
55320006
79302919
4714169
45585032
13431241
36309781
95896137
86975053
95639689
20115548
29720401
56373901
2330744
7860728
82029479
48980917
59931455
49206975
31926382
11252435
25777909
40838404
88277055
8017557
64860336
89569103
63510872
25641754
7995763
43871891
50824666
75942084
41359920
18933449
7835513
67865236
67967402
58363094
66080971
63809299
76806421
98645377
87232390
16065218
77580887
96103835
18321530
78474622
54709093
12437992
54439639
47909969
82780827
29144565
32584998
70334241
69101373
18705427
68429841
87962704
43157483
80723699
65470489
79511080
80908555
9315630
45414860
40731842
25252832
73602935
2176217
85048658
72144025
10552756
23946962
32563509
27286111
69296890
35798820
41512409
15985492
31241673
9300358
78723453
25735840
67591903
62701172
41547702
41921070
50959503
49354657
91487002
32835905
56200649
52451998
34323163
83787497
53372731
40901856
15329
93968454
6694650
70016874
20159121
31878980
25429911
1973029
80059013
34936791
79018354
45141087
44297178
28044243
34579665
78245076
26969993
61137649
56469237
82158314
77583595
44316052
50210879
94445666
62271043
38747896
22830963
72868409
22486204
3806483
20084851
20644446
16514705
13448805
68123149
10279744
81013562
334474
748780
53437612
9432213
83682811
60227317
220160
98246722
95587948
13109655
72933512
29462856
30207639
10063167
33116451
94130578
90908972
80264200
33241560
84014359
54418092
93700964
24635660
98135073
58793372
11384797
13553516
85579842
83580594
82812621
15770153
47709124
24731856
77712023
55283795
6893813
42831635
18417112
83585348
59389717
44840967
99386926
39405773
86559076
78709232
82586529
39771243
57495769
80881164
97843535
91223632
19386430
35135084
50728731
19535622
42411888
90248309
55168514
55023854
10866373
11377576
97406106
58035688
23186656
6774718
11978840
38442570
26951448
24436073
87772102
81363267
76563332
38800580
91986861
5844561
71475232
21081450
87105678
36034175
97911812
27943978
932600
11350280
21706630
1914631
99259897
97911476
91302459
59606666
5691139
96637449
30648087
93411311
69020787
88153226
30002351
25428567
21423564
23784577
52195861
9481752
23750931
60664396
47668804
36502749
27370416
50327870
93883670
39126458
62913458
87173964
74902923
6645195
95696788
81803419
64457232
75854797
83409419
25518175
92699035
11759231
56532452
16507786
93802156
54393022
48254359
14523444
41164646
52137617
23358096
91696051
40476661
28241501
42517462
93818997
26159602
84647844
82590452
96330228
19175385
55908803
97995693
76357538
64091802
19303334
3983796
67165244
87501572
97534137
26171719
37530636
67651669
3303777
62694105
25540274
90413031
97370029
96381378
21476274
98017654
98237810
79619555
86688876
99990475
48947901
10308896
37267185
29326019
38346333
21748062
63565967
8098452
19361575
65775830
31601449
58922093
58192341
99405338
26882905
87404354
689743
57271516
89470069
41763869
44161980
51178673
38149568
17151604
71454012
45990782
55125865
44642376
14260060
35107048
22954469
22526319
24772342
11804547
14149684
1493547
68522296
68174403
9240542
71095025
53949584
44628756
84099702
4296863
43324800
22360404
87593000
66916698
87396250
42700558
87078878
30169848
89183409
62993178
28058435
97893577
7355982
39415568
64101911
33004526
86154894
31160473
30028898
83998760
67091248
25671219
20732845
1399458
55928040
2439026
83742851
53930644
48327002
69139251
65926750
78993962
16865636
57618362
7948899
48212031
49895269
36899021
95097934
59042448
60484142
21798589
50404445
44421021
7334898
65987185
83206163
21901925
42493519
37180570
35321778
38450966
71543760
24151233
50409051
84984288
61882975
25647553
78582768
44112133
93669660
2205782
71496004
52229031
12845247
15636726
22642636
85637485
18126871
38984027
56153973
89589176
8822817
92733194
88002775
90311509
96109930
43875311
7367240
3716371
30495219
26165663
97418130
67436213
27226450
41747238
12598579
41327608
76585921
98753728
37456922
14780802
83755397
43939208
4473924
76722870
68066932
17572199
28570434
26368522
39526529
68254853
2160374
35090038
61622411
42892085
99227842
63939377
66786282
74092569
18197768
55685757
63702873
70619771
54799464
83433702
69994159
22380256
97617590
44008010
35769954
39128446
25976686
85544632
37859950
48345631
42907227
10461044
12582626
84819050
79123794
36190281
50192900
33382053
42445665
37190381
11827604
53977114
62624122
65456496
40165436
74094413
78016995
55577224
17938843
68668283
90274599
20728764
68366282
66423010
98337753
28807157
62815328
61319180
20368376
74165433
91033931
86586342
18233980
86853052
47051851
16862686
19324780
27800971
9779913
30824275
75814604
1617054
51523170
43088566
47906374
25940590
94408144
83894890
58607636
75655685
24433816
20522043
85454816
67338564
70463373
69533103
80512166
36659152
23856596
83010154
28471733
4386443
66854122
52501836
95986315
89305659
61735174
30407239
27961091
97809654
84513415
8342904
67824696
52657727
79727881
85269024
78865204
76032748
984152
11983916
7051897
54576149
5502029
50685036
52472037
88071574
80261741
28284665
36256953
75587154
7090339
76629624
86242824
25192495
98591201
96686212
1980520
60398882
32598699
36882485
34921344
42811104
80810880
83549431
80034913
85818778
99043704
57542189
35625143
70691389
57374589
78289433
69906176
45716305
55916083
51540425
1596326
33693875
76295464
27232154
79971120
39810794
44295309
29782242
23880778
73036083
85885912
26139663
25997156
47992880
39894639
13534059
10967434
64053127
45738556
67612116
33028812
65972646
42604927
88469620
59217488
53328889
98441194
14203825
70084253
92623174
66203100
66045424
70958457
19454290
44640681
86153750
18761109
44358433
59232873
43728974
9997294
58741680
57141851
83742282
97744139
46359629
90983588
62797074
39334456
7719098
37923190
8566939
1068238
33831847
42647235
30881845
24622516
65211210
15288134
53059347
7952716
87211926
15717104
36856045
11339114
78986980
52263527
91555758
82662168
60392585
79065753
34514633
56554526
11106069
21074967
56410336
5201634
51720452
7134845
14806235
85715860
88459075
85434
18158556
37108730
275896
2785651
40899997
83738264
38999491
4793628
70786740
17094339
71379918
2114673
11442583
51883
60921761
168922
28985929
47078637
81895246
58483505
28755605
67600925
30905336
2629455
3706479
8888626
5963428
42194581
88065541
15132606
98454744
96012890
66894561
71832917
96597519
51404759
26541010
37058407
11490361
60397582
76276688
57618608
87911034
33682053
60688598
69776808
24280019
25483687
56878247
16177521
66079227
48782834
74767183
33506460
17553094
37488350
42432450
63035737
23111500
16075728
16406361
78399816
94540449
62468394
98512144
53735182
86238366
98794356
61396688
26515740
70413872
34012141
18931801
29769397
33432518
10927147
3475751
59188975
36406098
14088934
91386354
94642854
17621960
48496208
53678670
6781294
6966128
55234980
82008572
79913456
39192543
81555108
15317713
6866025
8631015
87060517
9836675
36766464
80334197
42379990
74359098
16159203
97256494
35211537
43874354
38214809
63410961
78010950
29526983
19210138
75700305
40232833
5888975
69061503
40583161
59932828
88814107
49831797
10789080
50399617
72314179
45909190
8652285
72457248
70591644
74104924
6304782
31369973
52920402
66790998
19484939
56863272
58158258
13153090
96476224
59040728
1345124
94331381
98130140
20321834
14649302
61050060
30680603
60699404
52120567
71762819
76864559
76022285
8941537
38836922
11423594
55724291
7214464
96676787
29138158
45328434
59771250
90208493
30322717
37776171
82394235
32894310
88092427
25048166
86358185
11949830
336029
51686938
89891925
18600303
14040392
60713834
2743065
24821878
42527177
54699691
4258728
25564795
49261912
92540127
85166082
59505436
60899366
97433534
98897003
40298192
21654463
71771292
73019033
41729564
31574438
83328586
19117234
14154569
36133580
65440133
90409885
31797235
18859821
11952741
91757808
9595767
12041195
69554912
89011669
24738984
84901761
58264717
73752864
77819678
63575460
50242898
25259998
90022858
42161868
34163259
52479215
30508570
41278233
51698901
22271781
67974329
67181872
45649989
37940257
26461107
41131608
24804216
61092477
35980220
13885238
68088284
52488011
34701140
14037919
43777149
43049536
95282497
82593318
21182192
73584177
38611362
55609230
10125586
9316598
95828691
99804550
26171628
60487865
72706348
1132552
97829312
31997640
86905875
23532069
37079752
97808757
78978437
90514221
91627872
25672489
75833748
1238655
25399919
73811700
92742365
9056030
8200532
6605841
77744599
67440348
36616928
78273658
69065224
38054779
13842858
73173545
13296953
80214597
36209799
31252719
28090668
86536303
2091856
82098009
73129820
42654929
3525697
24972424
7680149
47839926
77676423
20262359
73030890
80572978
65755524
77298382
94933033
86416776
57390249
81389927
21961084
97831505
10279108
6743822
38689063
56367334
57853265
49294389
33003732
3441270
3983938
1908533
51055313
78187354
23151888
70523659
25869284
31170846
57551720
94208699
21727727
87755819
56579557
25830414
2335887
17640770
86531766
26835911
853709
9808248
94174562
89940725
68353319
35538377
6983571
78673472
57877994
84207504
90774447
67134712
70782225
35402749
41436954
71448543
9106946
90934511
15107882
94258342
49615601
28194572
10933149
92572621
95996607
46778537
79892601
81662258
44866106
39670725
21102922
15736707
20405568
18235066
53807455
63335608
63202473
72725001
38649303
68263282
76238472
76294568
65734649
85732180
35758822
8654643
88906521
82575787
67068523
20595668
22085429
55310327
38896662
75878973
79132401
383765
45224417
68665696
39835494
26648921
98797216
69809417
11044203
90108579
43181075
61813476
86943836
99162186
2730152
72892276
76934586
31445275
76668288
12777557
18952348
65237314
26644966
23561456
7915125
66769023
17788182
64165197
21638655
11076770
75444198
1389895
27066622
12966245
54292525
15038075
10448678
27095872
30476738
93873193
81841116
91755567
68254383
81575973
28148034
38092517
89524607
92275268
35996369
3431221
56709666
29635462
13160421
12608723
46427324
53356659
35078224
74565702
94218221
58056743
34132253
21288351
28412189
93629967
3752120
70768406
3047147
74298769
11074977
4581643
12612543
62823849
41172377
44315477
85935198
38644948
83080371
55097092
17671367
11002415
97506616
89760125
37674833
40975117
38184722
17377434
7572091
29632413
6680181
7027044
80366574
16112007
11046905
62179840
66467746
12841752
88758270
58455972
48386032
14211941
46530905
85841844
91312441
51551601
86632
59638361
45010862
60483699
41787999
4102920
16702037
60122762
96654767
47958602
8540553
19005342
43828163
10979038
88683851
62212037
31788754
88875347
43538076
73318019
14617508
13339854
74794040
81430234
92808347
53448920
11522195
87365861
85862574
25511973
56564962
24165746
68732838
89557550
62681297
4831764
75941968
9744936
434501
11610412
72477489
55450708
29039668
37626819
18537551
44151719
9491063
16182013
25408903
49101931
74409925
67662588
75948126
77281372
13963422
29020182
15576491
44714384
80446345
87490101
11225499
10735880
77769959
38705878
69007756
75630825
84560831
12753460
88157925
11411342
71885233
35476871
67523308
23430008
4743365
76796811
88838456
79723867
52613534
11944601
67826474
9959300
14327933
58479372
37680911
78051347
82537327
62372389
37442727
79128123
7081525
45707025
54262367
46437585
71586359
4463353
52164430
24004787
12279675
27782478
703452
63285117
7558725
98600156
70086051
97880307
73649663
76714396
33623914
3430100
65996245
32631135
97302708
19079614
60297186
44203536
13877885
35442318
48785723
40231642
58863834
78588773
4091318
5214935
273491
95019595
10795195
64769935
55779748
60894484
77918444
67335469
87175522
13160403
95601478
77848324
75720025
77082296
74743339
26805912
93814092
977753
5069034
18104761
71412828
95361460
90275550
82289983
1168073
32695745
4328219
45626692
90144343
1151960
3658039
94008868
88912577
20494057
63604704
35580779
79592886
65685306
5240650
32369484
94009142
20395307
42171976
50019690
926392
68774971
88082658
77626216
72771439
64033545
15006627
30970552
8944898
87457322
20598465
95648299
85697291
92869456
42293422
39415389
69381071
57458159
88321120
6060344
9276451
1871494
28717285
59790348
65363666
98293502
75987913
97778506
14603145
549018
1455439
47540145
35342618
76817894
93566430
37425455
83498002
7212119
46453398
82920579
87674836
14555025
99293983
21709810
14093081
12192009
67073105
30545303
21781045
44402566
5369374
63642133
4489018
81653420
35524208
39158020
99471411
4891088
91983079
55718998
26373789
32799871
49930140
13821926
63573657
55394227
1513341
79935683
67476513
28994365
45732569
94773974
26686302
7213070
21293938
52298621
23617312
17404141
509838
97907150
47635872
50127457
78939375
4032465
89094341
77440853
88900659
20749113
39626179
31163120
39180533
17628874
60424232
36324302
30561777
4386608
85883964
99248376
10023620
39886514
4386076
92693014
29574459
49066859
84699645
19728211
43436801
23117349
6443915
33069664
92377423
8160051
53331630
18358679
20451808
7918285
31833999
45681674
91063667
48139435
98462266
86516218
65556111
17540468
66899604
63850490
81499475
36585901
25159315
48103179
50220836
22160354
64509006
94811162
89255701
11611778
12325355
47729977
59768308
88963471
4924800
89451601
31264128
44703145
1438476
47835550
91789006
10420579
87156601
54440454
78051256
39846187
25036790
18894675
41732197
6869889
77175230
34287591
63220383
84414639
13702532
23183430
55433977
73878769
32658004
59447806
75859039
4251670
29882004
41042458
27361222
43668128
71445613
35855929
5894714
97347097
22512982
95104944
82829592
16946617
90785591
66959739
24774833
12169896
2207693
75770235
55471516
20844546
47502041
52941161
65911679
51237231
72984337
12867336
63954539
60286793
13845686
74597073
1584451
6729003
71503148
75499061
1693905
19241828
86628705
6088273
18802517
1830283
50001608
18464310
92799538
11325419
33872032
16865936
728940
13859099
23734495
34612247
783479
37107165
64290220
72029995
89023948
3740347
75540187
14904122
33733941
35399729
81580948
98212090
64871103
35857952
97375126
47531978
667170
43499566
85025587
47560142
84989075
75956875
60639572
81664907
50471523
699121
84420452
63978398
39007170
85015245
75651580
87772381
81934934
99088751
3283592
62459142
76268549
8462474
43365027
70648559
75966799
896736
59533016
23077344
99030354
74712742
80833638
76981053
47993298
15887685
42955355
91324041
8614819
83299331
5468554
26442972
11600502
89377574
1933417
32522741
80065261
19394815
64714172
20719219
57745532
49881873
65854387
25982728
47074766
89134165
4919489
73295340
44029878
55346489
54268912
94513091
41057603
16600576
19157303
33335521
20892041
76175071
51382763
48455286
74346794
36019371
82558532
74552832
30380411
5812884
72747893
40939141
53595279
72932621
62285413
15786464
83992581
1096690
2362591
95889530
43671711
32646790
57603164
50726429
47041621
7282661
75355476
38982488
39211946
91033325
74928768
64680002
8197039
85737352
97667382
68136326
9848352
20821382
50376464
5613941
51479223
27113648
67954952
22582216
89844152
90963349
21091228
20733028
98440501
44273650
58322994
30054331
32467780
77084137
50378641
86676323
13494985
5728698
48653910
76419894
59975657
78207704
86961870
78299090
27103258
28067704
25464248
58424532
66487409
89506583
66360462
77354292
23532577
91797871
21377379
799023
83465300
71537746
18223966
583126
66902420
60485273
97022538
39861802
62587834
79412879
62969459
81014700
90422403
37822157
41204202
2964058
12757686
62645341
14221150
19838116
48348908
10723049
61639382
65837851
85284928
90907599
13219829
49788547
90005208
19893580
62521227
2242912
33629627
813575
53358656
5561141
18939036
53154475
86661429
33246611
27547440
42913564
95925418
59597831
12308730
56231746
91271954
76139206
39398094
35251288
9179248
51480913
13928955
48578294
21108098
34280411
76761248
44005788
64966464
82904035
22714921
24331470
76383029
44603629
21007617
62318432
94370858
17385402
70914138
35463844
75198798
29513084
26546289
16784944
12315436
2472437
56766912
52974029
64961599
45413546
16012063
71889671
82856561
10676756
42786698
63840187
94133782
60001578
46115463
8454241
57676258
38246925
7002189
22518344
21554663
95564100
18141170
9957337
78964208
26667743
2593712
95198744
51232990
93480933
1413926
28887992
91604215
72086112
25105657
79711027
16910086
34448197
67822811
4924838
24026040
91884871
63377777
48442604
31106039
22264123
25616094
93605784
44576549
36944221
56710156
83733454
4438728
94832450
82606005
659498
77520210
59015720
41365991
12042520
38690654
4186888
93946090
53969225
6161550
33727211
43307826
47553085
44707608
88515593
28656336
26528871
89438039
5745186
61580492
58672839
37084449
60092639
55409799
53879070
43898987
4000417
16150674
62858348
89421516
7654885
8639987
60022960
128700
19125333
49005876
48363637
75725232
43017070
80315526
76126409
48996144
12109474
8273723
36839503
14365249
93770108
8058339
58452874
68976229
19647225
53321747
60738526
63499553
24484466
71933209
25943433
50648381
12983322
20922019
59162197
44156830
62527719
66843893
49524753
8497618
91740220
61547772
92378129
88913550
81565675
37302293
83844133
30505522
75861319
26896809
91366425
42267336
48973332
85045003
13423366
58503178
71326134
11009199
16347374
30043140
98208664
24173381
26788736
22726152
32116210
36998000
26177639
84235805
28046222
1679635
36325343
94853692
37981954
16536228
66120677
94654158
99240298
78539311
37844447
46250878
98733270
39614145
97885172
44744191
34283333
36819712
87039667
48226536
10284167
30438015
29603710
74723662
16343468
62350304
79887208
96100125
22680285
6037182
75154665
85015283
79202205
25510953
33644220
81815127
66447704
29920086
32227946
17299508
50267828
6734288
3588442
74438474
1403794
11746203
64535470
28443330
96085847
79963037
83858245
49242082
67639677
71129577
40901439
73620546
20235871
53389534
92331413
22750631
716823
67758266
35178103
45874983
25494499
51254703
71870960
56160326
96520895
95569896
75782719
42639852
34963434
61544796
22871740
55452540
84973001
61488193
18165053
92195018
23691555
91257422
43943014
15859192
15735085
10855467
10714803
1369850
37481889
69036155
54374913
84644682
33363884
15955673
26648140
1273343
96895307
85289715
48710724
41011834
78468514
65188278
72882954
63181548
65251412
21779416
86043906
53581642
75521305
70220271
21790547
82407997
29356446
36695531
6409666
20213543
12353377
30290014
5931987
19633527
81480269
44812615
98399198
27424809
66380980
49509546
29115522
3767457
72681685
23610887
46390620
22373620
76579351
33890414
51252220
87314970
70411499
71096745
47118150
97179754
12403022
31678310
59205352
60488758
16232257
66672026
19095357
61241157
21821345
35903038
51810933
82064825
18283594
85466282
44528833
85513282
41581737
6249769
7122809
23493866
38424652
39270848
78951238
90709014
35710056
10041436
29509590
25886415
83990996
39075311
44706901
8683465
9061177
43054603
58282977
37466955
32731229
38675767
8746717
97429034
39382515
13778409
76848450
88644218
89667758
76563902
8033584
94257374
31009089
67051133
90192963
87018437
46635149
63958405
34755462
6989283
53316624
88978115
76659008
6694825
96623925
9866381
2013434
49042011
2841543
45981926
20442005
50460192
83268204
61917980
5172197
97882788
44054151
62906188
93138935
23509730
50884853
1514156
90849216
81469556
40009434
25144482
3365302
93912865
52357768
25365680
52238257
85586792
14796599
33523007
30927287
50681115
54076045
66024951
70403452
89761987
99207710
42125545
80947173
25121912
55166799
96851575
43789268
86076903
16660996
56640865
97418977
92048320
45217470
39255155
59984540
25476823
43915442
98603947
55746140
12801892
23301583
71394219
31802879
13738239
9131008
18843671
83773212
56285065
88245139
70184344
95308495
40284134
96170873
61439267
71986131
19305940
44365434
25912312
60585693
42658324
10040337
89624396
67977247
50585255
47094462
95226654
80680618
14251370
8621654
92800867
82779721
5467818
76259579
6546632
97656818
96095860
43594490
11611533
57638832
40943167
56562990
5452843
24427967
10078867
13464571
73573868
90957557
65784669
53273840
25596320
99457789
34139356
12089959
50657996
72364593
60656369
81461624
15766522
57227335
5442490
73765196
64183484
85639361
84728095
7304820
69974855
99234741
38512463
43219978
76576153
25648213
20464328
91408465
46534425
21510661
98698230
23471473
8279026
98721394
19837411
56888336
82177020
34386188
92900932
63590898
41198447
27619114
34303915
9283413
1706808
93652135
34815319
75441504
55725542
71473373
83261569
36045356
67996797
19099585
86249600
98093084
52104985
20265963
6587733
48512224
40483469
18075038
90898732
77933473
50362284
85229545
36700036
73329699
78398429
30826989
41977832
301690
38034080
65275060
43128625
4510375
12199899
86087966
9116118
34548359
13553908
34140771
87006161
2509625
78436872
19712672
7903636
55414892
46395514
88722026
24629454
15418279
55749150
36881758
64996326
82515842
25401626
20362443
58736843
28346620
19307059
36456724
3092471
75964989
49553096
41243151
56806841
85461532
94721073
49135367
36550475
91230285
50609009
58669226
31778915
92077367
24373608
56308555
32159044
69056143
66739104
83171779
28128039
21436342
92851577
77423518
1192180
72751010
30570247
95531441
95900579
87273229
56785838
40451259
95708934
99938568
87344528
44938053
81046668
28399721
74744358
50539877
12813248
47244112
64037301
76345521
76764682
67270892
51074765
20271494
48088039
71944605
43597786
23160653
71009267
62216345
7932559
26088862
79211295
1674117
93200658
67034870
40619545
68262797
10137509
15839031
67499445
86746113
36929027
6663022
78295485
32716780
77117723
82935503
14816261
81981289
46990302
27051901
40271310
47203093
64484732
96540984
37628809
6164139
2133949
28423762
71791940
34561029
60061110
23748283
14108287
50317218
71401998
53573122
56545948
39417339
65602044
22214750
62545792
33863974
93623659
92164853
60120940
88125387
81589155
24692168
56984917
31893218
27809480
78298559
45847618
15825803
55650195
64289401
19735300
37693718
93909597
79916003
52827727
12254040
26754827
17341919
85738687
78207088
21128311
27146880
38632788
25930452
81942588
53242494
6541881
58534746
6902007
88811405
14901614
61046711
24121424
34482115
77311145
10180226
40211452
14456072
69519262
21791332
30463107
40349351
25429938
93586208
72522062
52966342
66527697
68544736
63535252
46119611
62230832
17835928
64767731
36849955
17518462
64625308
59656339
47356004
70010967
78980336
38136951
60522917
22710419
36597776
85506539
48571748
73278967
91912394
64418045
6516804
35654398
73741286
68842169
63370234
64568764
61811529
72361882
27608801
49570027
21520113
75398248
16469949
2098643
79122615
83338146
78192981
90931239
54466671
22092145
39857633
46079063
497269
37039120
70258542
34005361
87719943
68606383
55333951
23112686
9893088
94306862
61544
24418829
50519227
33868993
76534252
76117015
77230950
78078099
28924465
4220971
66558320
70327023
34508527
66996414
92233330
9779732
90401176
8917188
70325425
11365890
93580376
97370815
81619599
84396056
92402854
43254276
27059543
19223379
18873453
37001453
33311686
44342896
40410670
60743342
68091988
18875172
78085285
45039750
63220129
57333801
27951400
90132284
59956852
36109813
71972081
99913145
88146289
49366249
5315776
74800482
10563613
19701162
22460190
66203232
69224161
77414213
72809258
14947467
63058507
82035181
89087060
53893351
16871160
10180291
29375295
47673841
94697718
66260536
34834670
85419076
15032441
66226240
27814493
82580920
92766959
75307037
23352767
48740869
76998202
897300
43958569
67224247
89261450
47727616
41568361
30688759
44871699
97809297
87610543
76859308
36525681
21416012
14539773
97011953
13629626
47255062
18789337
56851593
86261670
53488342
83898211
20790549
98509031
42219534
48202596
81538522
23568975
21580911
9244180
27801765
75309549
2868468
80579618
57804481
25204825
10296268
52826734
58711213
62997601
78907720
75784130
10135757
98040978
17661859
52622643
6280216
35005267
80912540
64412382
95524134
33104504
24994498
74351619
90016217
37711691
6482963
17110052
49772450
46988149
93879974
15278347
59021654
31592124
98251017
17863143
59323007
69259465
7617977
79015295
84089161
84694875
43182383
82742331
75414572
29116632
69681113
85657711
11150173
47867281
49915504
86412130
3038567
69836822
14388249
68409215
92247316
43046718
31951722
83920917
61090681
21187074
50452951
89137594
80526590
2990584
8286582
48660701
70873494
10806530
2172365
60515281
57407336
94826544
69500124
82945364
91777840
35939253
94121311
42699822
82584777
23821118
52457059
93912272
70112669
3861328
40440405
15446040
25791182
10973566
95601335
2188498
89885270
59611817
71438206
4580875
15821360
41367315
77686303
48743978
69289280
20562608
20004592
35416112
2721087
60671301
18963753
55683606
68613443
40702402
92442852
57608334
45195404
57637856
39655169
24519869
92523252
87608418
94634337
21402881
24005482
66387256
47484804
13578724
41132455
63679646
9504496
4153375
23484618
84899900
78988533
5950671
67722344
42335258
51827142
73539441
10405502
34515902
80218101
54608510
64528582
89160313
59131719
35599945
65406300
49309118
66526230
1145458
33761967
73449467
7773501
54106947
11384652
91854395
88218732
45975332
18093378
19088949
17897687
51892211
21318312
56387347
76863434
78345468
55570486
15597234
71097655
22094044
25968791
44966307
27454662
91159590
7242979
27089797
43809717
53291162
64482488
67080142
87990487
96882263
92631992
55479563
72200940
17506986
92185639
6749306
53930883
19331625
89215010
254524
88766651
99275294
2886453
56582444
49031885
85353418
74466353
55166823
42737922
20684279
5323189
44850082
1001719
44315006
1209714
69867898
8278449
81312989
57535558
55836650
92717029
3531750
67958094
93358356
69049457
41927448
74147240
53769323
90520290
47956056
35801928
54954398
56882215
56732766
44900225
394440
62939553
4285262
43487161
62477459
39261296
21310037
80533102
903214
6202434
53245595
91604001
16009785
31427865
61588331
13221425
81101112
54226755
84235152
52318041
5374195
77298804
79885981
25941704
87972531
51573992
5378695
16832897
71612891
22393875
67640424
41134468
74482346
10964436
26306197
12106761
10527772
91723168
99807495
12593859
1422760
76281482
40758642
60363050
16301422
52757502
61777488
72131117
12189993
91947511
91758547
33664871
2376340
35479360
42877862
58308274
17135464
6506577
94828425
91794670
59423256
33193166
53072652
71819930
98751446
58676901
91753281
32193095
31676063
16078184
57298280
23458925
43382772
2597128
44642680
72757921
11454494
13327820
2089482
34976730
50808424
83506024
13288178
13060368
68984632
28443864
15260875
63214870
88310839
31830072
87713321
48576203
48755565
25050484
37224507
76748355
93449241
64906245
33782748
6640664
68025865
35795374
21201301
32851528
34196801
7518476
84971413
67923659
19463099
9157761
6872040
43722501
36923711
68544711
25592180
66635926
51423379
86164418
25920546
13944725
53849169
8919525
41043557
55299771
99341000
72832351
63486706
75522456
85455204
424644
24200941
22141109
22297670
83815304
16363920
19261752
65135920
44303256
91736398
40337463
35789454
53477239
19921318
88589128
57996307
32719284
20859283
92210584
72708948
96938099
96224699
80102139
81604663
81019588
49379985
14006889
93020556
31578565
97613387
36006076
95640134
39341912
72639481
59606215
84863402
22135605
1292455
88972125
57097875
99666655
21688237
14488181
9251911
4998042
43179759
28767750
90826497
73247588
18516907
5631120
28718155
70970129
59756934
53137350
86915225
24611991
98630132
27910694
40995034
756699
49801469
19142909
41038410
84073240
30029409
67187063
65870418
9943584
65042393
79062702
91872786
19461987
19033207
27235939
51250976
17467295
21034889
71415374
70235613
98826557
85514153
78849325
9765409
9738987
70561783
3346556
40650019
35764076
23197825
57937849
18637199
46315221
69371691
82452131
47696030
85142961
44650036
99764069
90662512
60365800
58160676
1655081
82503788
53849417
23367988
24335423
52247930
90900410
98503406
78184108
32933114
35808345
16501998
61487373
80307032
38172018
43232804
55728628
99576654
9967271
98893494
88459827
26862397
94638738
51591416
6957881
65168269
21271594
93969841
70530231
97224198
33762852
53324671
33315467
71703973
40874190
74798861
58822650
16733349
46284479
96878162
43163638
25259082
46725445
31362654
79866003
88481125
50406929
84484356
88512585
83457323
21361162
74596947
37424386
91272355
75257384
1554734
78893919
78589200
29707101
42751323
4463342
45014665
15112395
41042770
3678808
17539802
48139688
73397259
38773311
63468252
47684814
78162427
60957935
53870981
84034327
58821244
12382495
94685237
89152284
62130964
51606787
2455984
84423052
12346310
27907029
72459970
91821193
65145982
49453649
3631932
6245934
19998994
24425814
64184837
39741798
7063480
93252593
53480342
98861067
356691
87501583
27227704
93969688
95816234
40579955
66040617
53961073
57332001
87741873
26256565
2615665
32947162
82371841
96143272
16096234
47151467
31341419
91957732
38858837
13389285
49185707
79664345
71801232
57586761
44490581
25706321
91110219
74276924
51836460
59405015
58342020
43302120
50748985
89913782
91610029
67349005
77120457
33199665
68904337
78959812
30314338
125987
92893585
99530630
41256331
20364195
12804378
63220274
98972197
53297389
84902115
66597862
70416216
17626316
10926645
9216197
85272947
92694708
74440214
17491462
79325465
99393537
22949606
2512193
62915238
56459055
65097708
91084717
46289718
11645015
97221048
2972123
45932215
24273314
91708614
36492197
68397160
17799952
85574570
98638810
14320659
17820395
88382499
62065686
52656032
72048449
36780042
61144201
24368916
71299599
65959405
17043828
96409064
82278648
60952265
26820146
46226126
12235769
72007762
60375953
36000288
8393679
41055351
57707842
74235436
58059085
98349381
75946817
13346461
92377466
95719985
93487526
33837984
25490262
78588368
12576721
63767915
50399212
94995351
10214940
14917543
56383945
69718593
49982916
72768918
57556448
44981153
80728990
45467131
61402341
77730948
34933637
68108076
8701263
5105608
75991511
39026733
93842070
69598473
2389429
31629319
47631999
53720315
82577003
34816233
13742757
50165102
84775864
89396096
27501342
97346393
34491968
23505690
87036394
45421257
38540917
6015161
40835595
61139824
92050846
46143893
31943731
58849153
87852001
33005530
69069023
49492409
81875707
21706224
4713774
2397630
73473563
9804909
63061861
33338021
53452978
85791314
86915523
4175039
69092588
68476593
78380061
9845700
25632142
58739299
68342220
26601293
79281451
1288954
97450765
73595211
52490919
19393789
99896029
47566160
61239544
55284469
48092396
82542619
48128475
11017808
791572
65493342
44494877
25441895
37925842
69416344
15144937
15509107
40093096
34090692
69599479
66168659
49803146
24247551
62290978
76722538
95189568
40888872
32987845
25835360
42473110
12658823
17591536
11987828
52138967
93205927
94565246
15557065
42703275
83170276
49549165
7212375
50021799
21678970
40503733
31515693
66457303
79324251
25090343
93355733
38413387
82633152
45775901
41632387
54433390
46462129
84472086
4956387
81121951
74776110
81961962
16779703
78217631
26287454
88692362
13535142
18967729
28188540
35188360
62943698
70708461
46272242
45448421
30128320
42287001
99006491
28150939
28408700
49463306
69692124
67912917
85844768
23855065
41270059
64232725
53035317
47614368
46310936
57992898
37822139
45503884
98383981
10621699
31020441
60220590
70472521
42603064
44799485
42978844
41149441
34610965
85817318
40024293
48147916
98880266
52472696
39319565
89800718
435970
18718184
49726039
58767159
28824304
88795989
51238423
23194449
43421694
11124447
19442668
84179394
52787642
41202600
856837
32600096
92748308
91120281
19385770
51891724
91379988
9544516
95414685
90744413
26384337
94226133
15754834
76392944
94617561
41701076
42004702
14856211
67412672
27507211
92793180
32566245
61696054
63365034
78150563
43454917
66270581
13929270
26522340
26284717
22375078
34568150
92157868
7912319
2971878
39560440
2635549
12314142
65534830
38112205
2409810
54898660
65468331
83087183
38863295
67758029
3660496
78986767
81723195
37570811
61149894
89026405
47214376
96489809
85627830
12765841
16680036
14124684
4607327
44195582
18544342
42961703
97748181
48298869
648421
46780973
14210842
40839444
67703936
6165747
37194694
75831203
29114108
45746695
27650023
84179143
36829605
9056666
58237709
72585425
70416643
30853886
72514940
76618718
77060217
10246522
42928287
53882513
84474763
88771077
68194972
96612142
53673583
85294458
89807732
45886956
9518073
8094467
38333110
84047995
62469279
15787678
60149884
7992928
38330757
659407
64258670
82471404
58229543
15009716
45616200
82257689
21291092
71279650
76642300
24131920
4397050
84156117
71464994
77961799
10076400
46119745
68154591
62668704
54342257
18122654
55712301
27528885
12361681
32029824
27202553
69554393
19425764
34656632
19168906
98509150
58760379
96453574
11374606
60538813
24382140
43191400
15826597
82588163
88230626
1026612
42324639
73030338
86703561
96553211
68230619
69564807
54097875
76184093
73529977
86698343
3728783
49435801
71242246
29148697
92330074
1482788
29721067
82012490
68244905
30591561
95265026
83966834
61717223
50858756
74433529
44705998
83148332
78172577
76742491
89690928
20885604
52734733
43077623
58178640
86035961
86580574
38251075
5185168
13452326
38754273
30493787
70640443
48388315
15652220
40339472
29852187
20723704
79296853
61535148
97255378
67082585
6127126
92392721
4030296
4542776
84269327
14411399
15105514
75605049
35952077
47916124
62439010
59163838
41658936
99777795
59809064
77112414
25647174
55602673
32837958
9464665
82638105
19809056
59053836
25080692
36454224
21683556
62196891
86846346
59921933
25994915
92800183
59253656
40096844
16011407
74158422
58647930
2286208
89044606
99375672
54979257
61523828
73572909
36103815
24333897
36769210
20700194
14454833
11186508
45632918
62605731
29442986
75744268
48500467
79865341
43744764
87071637
14087332
86409697
77431084
76431188
10609940
14136782
138210
91806096
30222739
15902067
18156276
94755817
7085269
80276027
45326630
98245743
68147986
96280407
86160540
24387905
47764338
42525961
47206119
8033048
39408307
86734129
85169517
40969554
69201230
92555316
65769172
94337605
93282447
30951665
93664768
21894860
84600334
96720129
38965787
410812
13096850
7011549
29360364
68901503
71521807
21580097
57616895
57205470
94415180
81305382
74880281
73844699
30683280
50415556
35287969
14822401
24172511
84107690
70522731
95201833
58596562
86693952
36669646
61907777
72245968
33023827
90313552
46648227
81135375
29413553
50866510
41582391
74856362
60768232
17170251
79231419
33572063
86365609
72063699
23271207
18736559
77329948
60470011
28930178
50190682
46709682
1668447
12873046
88345019
71895394
94396933
593642
57719316
15275285
15080736
13833272
80789260
89015034
10240434
14913089
51197988
40333506
10871461
24641581
29444110
50806723
6154938
4239426
63984431
85058271
5679996
89279513
57430534
34236911
55368322
64529551
68385558
67863573
85091654
83130526
50054018
62021198
4421438
51944005
3647912
87196324
74798433
62162250
78901867
79657605
7876637
83223412
37003473
99964405
87786038
13002935
34785862
39428046
78467225
37173427
82004829
11547643
45449818
97033847
30881341
8497408
23614680
12171634
10767699
74257638
97093787
6503664
67390571
71983873
46658063
37666073
44152870
55582108
41709091
32577566
62719497
76220893
56195910
27528118
28501997
77987221
59537546
69263664
2108197
46922185
80076596
79746560
96106266
91553176
55325576
5992285
4526392
95436761
61988310
33269095
44339256
47771928
52145422
38107285
15606210
93675899
93539965
5992964
9148736
37942327
70665683
45531568
19910681
10813924
46782186
36248644
23329777
18734761
93704276
89292718
15441340
57186633
66547265
50653343
78755111
36789991
4282240
64563876
18513239
31301932
25504690
3086083
56111015
66817886
45090752
82158011
10977945
6535553
3579349
32602551
30421537
35630700
61479707
19896376
16641218
94267599
83680067
25415541
93077227
39634642
32759648
70298704
68935392
53274137
55424454
98232164
73103450
9835195
54053069
53501190
42541507
16740077
62293946
15992803
98748645
90747502
99742759
77942901
18911088
40879043
55845646
97421135
17438311
29013230
53049528
66824298
871099
40338052
57879997
79289448
61974345
40777835
10976055
80631773
44987066
72953394
49574976
48334178
69984894
37449707
89931796
8509523
35909956
21189998
22067452
18698336
84284481
47635931
31599729
93852076
71158900
66926779
36393653
80756467
93547184
87016073
23410
63743308
95904603
4931109
69049680
24073514
27338514
64346545
22811427
6987635
81493774
22260529
95255511
32648039
36816907
60765168
74502627
19689639
15436216
61861377
92425118
64543647
18123087
73132748
15323731
21121823
94592714
16177593
26673970
10188373
83590095
67252095
91325723
68616623
59860048
14500351
53922942
46851469
89618411
23856463
45257804
68647811
33098592
22253665
16665206
50850922
31457875
95206553
32263179
29063024
99444383
68859525
81108427
84523187
8322326
62088468
31812272
23199337
1951895
21174118
8848382
89483022
79417929
43111389
65895531
31121695
82565606
82042846
11121429
29746084
14840306
52223843
16375690
55318914
83870163
20029214
56807473
8309432
21875357
39598544
99407863
54080243
77430035
14168306
57647674
3570331
50465401
75331528
28296652
60331692
81478275
29067721
63458567
38058796
50382403
91785721
73054040
23144104
73072025
5562199
60753997
32997791
23939521
44203099
69552731
62289226
91790623
40203531
61093989
12817488
60957040
46040548
51059896
69342116
67622654
17043589
27439433
37665033
43673287
76998857
40591025
89509650
74686506
49116357
46635033
7499538
27847750
86666893
23978206
62360986
40910759
34415682
80798281
5066229
62629611
13217814
72801353
46220547
45998144
36947123
67464704
46938052
4626043
17840214
77435529
22954208
99353560
68527225
92615722
26676745
35960426
1407563
40025246
66857193
56590616
19777474
93132795
74420636
93124581
32755531
24952416
79464915
14857146
92516558
23656127
67863925
57474121
36885124
85903371
19335536
40530725
25089278
35127033
61366468
31557956
56707867
78514969
91953983
38930994
45370655
57232192
36977751
48850857
24597391
27344072
36072073
39953775
42913978
57844793
59899738
15718641
30747177
18186727
49735147
37505128
40718298
33004023
27024154
89261373
54750350
80495630
25918717
89846525
5115295
58591377
26611239
51660335
82379434
10448777
43165362
28834102
2078645
15353514
61430901
92536425
83443684
26849415
27210460
45744707
51549419
59894767
13259704
27199666
78324768
43653374
45946275
22975803
85870006
59433747
83468915
88116009
97568015
9625333
7090906
66104922
44452759
32877470
80771287
13812769
423293
46233922
10718575
21650276
39083565
43796724
31748954
92767019
76566356
22786460
42045535
83674482
92537410
28322236
36410596
14895280
9169746
95331036
25828113
9868032
79275187
62139431
96919487
3312289
78920888
25087246
81907045
94567488
1949620
59878253
2795308
18955556
27074231
50240438
37739715
8210000
67053859
25072044
67017717
6989438
15597252
42947340
31807135
99279896
76658306
93319473
34885082
92470508
19521356
45937006
568029
91720367
47489494
14337709
48671931
13425041
64210758
60463830
77368189
35666533
54945296
78496454
88872
97176220
73144080
43685636
27475925
75979340
31792535
66928317
32810090
62440037
55602384
49678484
10825503
66589157
4990982
5694891
15429622
48511899
57380037
67956701
69964272
34173551
41898595
2329133
90854215
65823431
93700646
24854479
19397286
65410721
36075652
16285707
13273259
41347417
62144813
14100670
27895231
60904118
71624181
13389347
30661022
24446246
10804808
35309818
66030049
55996329
70198765
11332308
98270834
97931275
95095115
58218572
71320952
68877933
20936379
88060462
35122963
1107429
83427256
90141580
79977604
4253281
91141081
14713883
95635721
39791475
53636438
65914847
48497145
23842280
11617404
32572290
13305337
49737677
18933049
70079007
66060942
45588250
30914776
83996344
16891697
49972094
44333302
29741193
90396503
57651307
33117237
71697741
90710145
40393466
62733748
43926513
49774019
75171738
92995195
59899250
16000064
53810303
57126309
66049235
99610728
42459427
26400404
49590049
49649628
19783865
65717404
42321595
26926201
30455751
70010357
9420273
88929379
93050425
656406
24475102
78481218
87707097
3724582
19343236
80070963
56714602
62981241
10449248
7799169
5358670
50821151
27087806
63334961
53539063
48662321
76721165
99011736
5867279
94495507
28404257
7980308
70189831
76228736
26341624
49140567
67533173
72511759
78697684
86359484
44266101
1044227
66785192
68994661
47922838
22479514
70464632
862497
21475515
66225519
65802315
58837073
25668386
67337145
74691723
56041269
44252767
93557389
54933494
56688944
22228850
48886927
31951310
39756785
81781489
70907893
24416064
93293789
37874310
83644477
29014640
1700541
28532185
97687280
67879372
34646637
44514875
90022529
34442668
91359835
39253429
67059542
17136064
62986065
4232689
49400828
31864283
81651161
42356087
42463662
27269298
92872849
85444478
35325777
29153786
49789140
75862935
96451869
2733591
56984059
7942859
94192845
7969110
48581313
86255693
52665086
78148523
45708887
13729947
1651580
53116464
54049820
30912536
86491385
66851765
50558315
78052888
29337693
23654647
56831565
89182803
96223269
11368201
68534941
82869268
5248761
47082783
59766882
71130566
22172239
2846566
15605475
80354175
92224027
50902936
90812228
71233747
94841822
45570778
71774850
94060174
91235582
24914492
96718500
80154247
37039756
54713314
77870394
52008378
39879667
14905813
6381579
96504711
63443603
25115635
11539896
562075
54659421
80505132
60642028
18538749
3657988
68219924
86735434
21466701
47900856
58546691
6391017
86348829
87471499
40768085
3871962
9096932
78161225
53262171
59451147
88051106
16269545
10994103
95908448
70334173
54344022
93427994
92950837
98413713
94784455
19978335
37833138
31836523
74099248
62915648
63069576
85895446
40336356
49008795
45933456
26579062
75633612
75954362
36327731
89676601
76360947
90304176
87367549
24294336
43542785
91623032
23799925
9113336
57536443
84930689
71893731
34299857
763878
88222324
48917680
92272125
94544668
48601378
41736603
20394537
1987076
3942714
1762544
47734486
85225476
16739158
50245456
13117636
26930009
55253924
42222871
22628103
69369178
31964980
60860873
26431266
69498204
97048089
55980210
86074102
51358978
73492611
2502910
62703695
81532902
58340344
41578207
34292756
75749536
65364943
35894524
61432678
72846708
79982324
68189666
51015072
21820121
60762192
64620012
23842958
78911054
20779673
58190631
52541981
15599495
37045318
1040719
39051776
29976537
55077021
45639652
52716577
77254689
70320008
46810345
10620980
69302812
69310127
59866203
45134259
72920159
52848856
75887396
19967422
85846068
37065538
18917128
40882601
64400933
42959046
45457364
77671320
19611851
92871067
8761636
36881297
18061677
43662521
65634547
35799284
45783429
30888307
72137314
86198242
76979443
77472543
84363009
28478946
80433918
33455633
32142800
8229426
23431301
35897046
76226499
68651336
98088292
8090659
86687851
1271004
4964706
77411696
16739304
45643857
42579353
88180713
92401340
861477
53694751
3127213
53144554
63730058
75375505
35025808
57992618
83877404
96355165
82702714
66776458
14360808
15799316
77799730
92644404
80543635
50751835
37776013
71766056
52769911
50495662
23918821
56205511
29480524
95664238
11803691
37091559
11392846
21272150
24107315
47056491
61144694
83315554
51834002
54567627
2132407
43469141
23197259
94973534
29149724
60102311
22101904
83352184
19959326
54998511
7785839
20533438
54645226
45838307
34678994
23782916
4019794
48242318
35398229
2766126
87840064
27993579
84161242
25911500
5517073
30635240
77765140
67096184
43418688
5755863
35920051
35767882
39701006
85833002
45152531
68419438
4061605
13303862
58745928
2927413
19296920
92826722
16088927
39979697
84326863
65390834
33037047
26295992
77975371
16342118
1120587
1446510
29377108
37927481
72044087
70279376
33266070
70718135
29155907
26861708
38408317
17748516
10259676
96323103
57025853
48105265
53230859
1996828
1474394
59866014
25767799
61122373
58516875
49227396
71067668
1877932
27534449
51419536
23263805
28287680
36034874
71944123
36949454
10786682
45658782
67133339
32718312
34173959
1814415
89131785
84603884
17122758
43671104
64729465
99102317
75156206
29291673
78546921
40727003
15261988
90997636
82301947
15001623
17027419
35097801
7811946
15400470
20632475
13309659
27053629
13004786
82672048
74701475
76491451
11998374
73633150
32779432
93614074
38974939
38940304
17969079
86676301
12500552
15045350
96990471
23300199
6692315
92947959
22239340
40435559
67845270
90270994
92001573
66479322
31291843
39135730
40050060
71044588
40215524
58006181
28324274
98738130
97225511
41909813
70968355
95290377
63554600
85041757
42478071
67780829
75749564
31378693
38212746
77855370
45249924
37798410
36355166
56426755
94440110
11825464
13824228
86026071
3861962
69912986
5346355
92784562
29698825
90706688
61535453
82024589
56991256
90845027
60258125
58531357
46870786
51057407
71704420
59112943
19858039
49671936
69220540
84056913
57039580
29564075
96104794
99319185
90511771
35435376
24908551
90581539
38866887
13081112
92827787
78887503
81065474
92689862
88999745
142993
49210274
51213127
62412741
67873229
47045139
55487071
81964828
80802159
86841639
82599618
6589871
78395202
54792025
11575888
31452959
64061001
57016116
39957845
86338482
49713948
40690470
22583800
46080231
16527585
85595869
80851487
67473734
16899409
66283825
48871566
27639902
11020500
90133879
96089301
39311767
99592879
69481114
72054689
76075834
29275585
44009825
20699504
49189749
77260926
64908271
34005986
26722378
517922
30497692
48747263
66516724
18466535
57438293
98566966
35546957
47646722
28991681
4042136
36422030
35548938
19379836
28070158
41957521
92425522
76735310
48098087
61673787
61843179
6193781
67541730
80880725
38505562
73885708
37915680
56250976
15195951
11741299
42971440
43556039
98850297
24765258
86568891
91810641
45939855
90612939
91382959
50089700
85020868
67553261
12222471
42945959
92064267
81780175
48186049
48293454
34358714
44792605
8148478
1435734
98890689
38305610
67433641
88655636
43123007
21668077
21745069
40366999
5939121
8048356
72467725
69933682
77227590
2990225
69982705
1255718
53912904
83053341
6345544
95303836
17281625
23466007
7771134
31309650
39273347
80053096
85235828
98096887
58795861
24410725
90118241
22859225
21922247
50317204
62600582
89183162
79992986
24874850
28696497
56629000
99443768
92542778
90459521
33309270
97228467
72200801
99151335
48287764
96701511
50511480
91013888
80711548
18308788
32895699
50194975
20401422
39955795
37417699
16065790
43709398
94476393
4887197
27516721
84505337
69312655
86008608
95032725
66312241
91803786
37006362
85328962
35112954
21974959
50341773
98919672
41360947
76855576
35146561
53504903
27716548
89436241
87836016
99402680
63180531
62529456
42450869
23511848
51025231
99288615
27270552
2873264
75661772
17552281
65301009
65232996
91725429
14188905
81176688
52855147
51420350
41966580
21611026
53506596
19305343
79919704
21652358
3581963
61931680
75285634
48556343
23682738
9577360
17779532
43724584
57904296
82669552
16621092
90209188
70352409
20028415
84438457
68465805
88500461
38140625
37906349
24714866
49900717
64812113
26043231
12538873
15274582
49726201
72731898
7937812
3724893
49410389
4774105
91079849
12508662
73346056
519471
26612841
91175341
38622708
850065
77322007
38055300
14995909
83947796
4059984
58384506
98334990
30744137
74226419
31318229
47214137
72004360
77924247
87548983
27214287
49828502
85744071
68416804
31794300
91393337
27896339
8691170
32552491
54497014
4078436
87061203
56036253
44986658
2715167
93959981
35320703
45637463
16248167
23420814
88188134
57954585
32754877
98190842
7622622
94099045
92523034
31910511
581100
38140634
41898169
47692719
35486562
48891328
66237215
86177723
73690242
79722914
5929880
12939315
31943926
36604035
87880722
66501379
98519566
1817031
96526993
41142106
4450122
19573294
1994018
13457425
44955686
30803355
9464260
60668938
68914372
73738854
71494423
76676864
21539479
33589307
11253572
17089411
8088337
50277559
71608716
72537852
98613409
77200832
30189412
44289950
99221695
57164504
8671730
9393983
72152749
7080742
25648813
50984331
24247305
74575130
7087384
27657628
33890249
3578479
93076894
4188241
6322696
35692042
7699592
81284821
8444015
56988726
9009902
93123924
32744058
47517614
87727678
38110632
5876617
48296656
28227662
75297598
10585700
37012495
93836598
78013374
96651669
3633434
95977921
55600917
88720167
56194342
52116086
25702838
86687723
4182913
51720248
97574619
37315137
75821987
5290668
7792501
50987232
66029873
85934229
98762574
58595855
5496305
34657056
27019108
38411800
29313252
82639722
98514121
20691131
64996261
19923532
61333720
46796082
9639017
97472495
56810283
3960008
5404717
39534545
71662121
12064709
79191373
9373152
22135252
23925908
17116323
96242786
90569621
24013684
37014768
188599
3133862
40044740
37355685
57054040
57489038
13516469
34979973
99351405
61658601
19985307
32571733
11868696
7521198
32766706
12474314
55424719
59957753
92627781
19125468
69582659
50089931
84608018
38957707
47058154
38199845
94486825
93630408
46527079
55827396
64644979
42587106
56804113
9859808
22401902
23396939
78062909
36299313
73092296
76299563
57173342
44776207
76921350
33371103
28306422
82236651
13066330
59826992
36470212
48672415
17958217
20937170
47447354
91764011
87624783
87720762
64033574
3510046
5337303
46134254
40456563
24943316
22717884
58071073
76649586
841552
81373788
71182813
57835572
10162961
81086025
41902471
17173060
55656904
12787594
67669053
21570855
77682827
8436471
5887313
73597159
46777683
37080424
57094183
73089916
70385767
94760520
42745844
89170884
73522997
19744422
44670854
79583788
94919333
91374305
55949630
87164581
10911716
58681325
21028069
90932373
8426132
91153837
98895007
80416414
27718594
53786582
63834208
303895
96717426
2735637
31270471
29809415
86456179
18548098
14030009
46526053
86464157
32513660
35139403
90037043
35927419
93639575
36306218
93054078
32962472
79527759
28810306
47325111
95946459
5538984
34946411
11248326
72683023
89698339
52439950
70691516
40464440
21579106
32081217
26890116
4671109
83555869
64674635
36065313
61783670
27721928
25758439
83895108
39798367
73779081
63425942
85909687
5633132
94537319
77693719
42993925
4207851
27954987
38377032
60804087
64796828
61953221
2708872
65950101
79301715
44171998
29096303
85402649
24350251
76213897
14821128
83732726
23679805
1624369
8132845
13400357
27985230
70301671
48257993
88666570
5325170
88094760
15729871
77205706
31298843
77645767
88814425
91258883
39573398
76148412
8526385
82892733
95840384
34238109
79894606
5694756
69669540
63425163
38464184
82464539
90991631
14242643
20381428
10908975
10782310
10089030
22818066
37596945
75349137
99397604
21401009
53221824
35898895
89612222
64190084
85261891
61289486
93444588
77484513
73753641
93075479
68174216
24393652
9952474
4913550
10933867
53159814
87198733
71128587
55454470
94144285
82248618
13391946
78363213
4641579
81521405
50587713
32540075
59851045
31632744
46167589
36068619
53608625
13212191
25670901
93795626
43518564
7284517
87173585
29266950
39189651
81001024
14562424
17715010
5142340
53660706
16626078
3409791
5059770
35506611
24502626
24460402
72467652
37525244
15192968
73058265
94000563
44641499
50876487
80194246
19496836
71119627
52145689
12471311
39561237
36006790
56810450
38527600
51936472
74930058
46432590
46650566
50050233
69507619
944373
95668978
8418389
51326488
48478525
64989404
88204373
57222894
67390502
77575794
63466970
16028927
24821738
49803520
97166386
98594749
85887526
22404750
91346383
81153792
36303369
51941270
58453800
22906871
39278900
23256702
99563471
31855062
50696146
87171946
54127335
93774555
44330351
99677521
32241511
57770839
96715473
98375185
13893112
63360767
11109957
4964184
95078728
78863813
12149031
13051105
43911957
20213998
2817246
98659021
65876282
71839258
14256446
39829278
52418444
39380932
46657807
12861526
66973239
75309165
56293277
4251331
73971179
45110071
57623697
80343112
29415057
78434083
14296075
91295482
5191015
23241281
38017290
96373665
54252153
68900163
28179973
32151226
52867035
34519484
19298231
66430048
4072305
44153668
64372857
83519930
3903873
75848594
57236085
9094180
24651376
19405828
15241361
18144652
58934727
48022968
61830713
36214032
7334982
7607284
35856330
17136717
9617530
73552065
83471806
68623999
98119710
33752400
16950093
92639167
54506299
18453969
24186410
60057133
39037478
25779424
15115423
50998122
35333958
3837172
82947615
64859689
38645470
1691356
76792125
96802179
68788698
19456162
25602949
79067562
71318074
51993668
27126709
68309520
17221018
53956847
94398767
17083656
83927729
43589030
87760372
37133135
10189713
71464498
43148015
58393926
24997112
68376933
36446208
83441642
55258142
63452542
25228077
35903094
5948371
98839680
12215900
2864176
95232281
8225231
79298086
35555537
69513406
93855717
84661231
59853979
29234102
81492134
42162652
57966624
9104167
80909541
26951878
95230739
84174269
6952243
66621055
57335854
98500949
10860125
64810612
3972244
25908390
23876265
54388804
75776415
92543045
44280784
20593223
42793376
98429007
92694978
11732903
52449249
49120295
83229383
88727498
96847222
93823356
73105865
85404893
8128966
90409413
12984252
91445258
94189909
46063811
49255685
25086825
9121240
91166131
75951940
52959088
86532226
26095283
1343982
3838101
70898756
18840317
53019993
66933337
11046617
46287131
45364788
33590747
75306768
13391560
27271460
85431759
88266389
82534997
24077431
17178855
14167750
84778991
41232683
23026709
46291737
6604852
80779607
40423032
54244853
28719313
45354777
46103807
88976961
22397382
77450555
67560477
97882126
46136500
22676055
42720228
97090476
88977242
5543312
68486927
3790752
76069824
90363572
71258999
71710339
71259807
18423790
41645224
33103130
89361476
93904625
50947696
93959147
49073083
64272979
62667032
5656679
93134541
10880260
41448385
69098586
62217804
74595171
92250288
79634504
89968272
75524945
41781569
96355740
24129171
98358513
11214509
85690770
50896021
33558778
78554933
62737929
49479771
94117769
93698579
6023236
48272162
47887334
29651976
61768350
24988940
9425583
61519496
69991249
36076849
98314625
40617722
63019465
67317695
392191
53284421
27298384
92821145
66131959
41366012
98989626
19968837
95139426
20689922
96463991
7613296
80928692
74889124
71001312
256056
71799733
52979644
11213411
8783807
7736996
57725015
39892650
18661280
42618325
41932034
83276422
71357973
15620246
34434958
60346871
57217813
56534170
50182644
37089885
53588041
64246224
7544147
83114251
50570051
89010090
79064419
87034747
69588723
14263622
15540635
17077523
27395734
31542555
61177324
64986458
49943225
23217377
53573051
81048721
22622625
43389194
14121106
46138937
58766806
19164731
60577134
84120500
67143305
36378807
37235677
80992602
78330361
90485593
41512261
75656461
77324491
51066975
77205532
80308911
63383147
49155539
45040847
1909191
66070735
42531819
30979091
32754762
39756071
81385817
18251059
55683269
50112271
99413265
70891525
63697243
10828645
37317663
32571424
5985201
75867718
7285547
42587841
74743940
26834352
79873853
10546716
43686064
14656689
12681117
20288701
45181449
55799818
80955336
63439522
33560072
64175733
61188117
12628143
51517407
28078096
22994010
56213190
745533
5784338
70356540
40690940
3364801
96544056
5295928
12829493
57574848
82553516
14391164
88789672
93776850
99875776
56464117
28046713
94345914
66667870
916155
32301963
47527941
7137885
56633900
83636389
14871956
63626372
4920489
57607763
27107540
9203095
63721347
52615693
94172283
37947775
15548332
983204
16640878
15402112
33349833
26928332
85987244
45242843
85904401
78126646
49503722
12271639
55671756
22421508
41123188
47126542
97060868
62683331
78073501
27563437
47399582
8699997
49463481
48442904
74669276
39181584
34447182
48151841
62298225
91629010
99458150
69854472
39278591
11851550
94454624
77394518
71932165
18853067
35419239
88649466
29916878
18165885
52527510
48961693
16894264
86571398
44778634
2716681
81522989
79632990
81766533
26779207
75019047
38277484
9919513
67681173
95675995
47633340
71117577
5387202
98225907
46524910
73603595
18323423
24254744
13696738
88779539
86547722
41723239
1870492
7333718
22026457
3749867
6648308
96665012
69796002
91006694
10702564
8376595
99328195
24917099
45603630
26416540
8095629
22036965
3356271
5609854
81962837
75941410
57940511
44220226
58203363
57617647
40648152
29153127
7314738
40880574
11833773
89565063
63386115
89965782
80925732
44434235
9917580
90859695
2455818
31710364
47267650
62598966
68965174
29946058
55442049
25726674
32382091
717313
63083833
66296718
48056939
66550837
97901999
66447726
46474474
26463451
69073708
60201604
79114661
38761237
15516045
98470051
48254534
64585273
63869363
90227246
81687992
56818554
5543111
25476348
65903020
93811555
38790308
69527082
1802355
45966931
96472855
13174262
30212122
54578739
29189420
46647790
63819002
71433117
79866302
46971408
59275986
26444151
47351039
42849319
44010219
57586789
26027046
57967147
87233615
58465266
50884826
10242280
81079831
68990933
39724543
10699170
84647472
93734418
58132417
33127731
4016952
72405479
69722225
9521411
89104680
41217835
92986938
68313561
96059755
83173690
29940494
53872801
74046908
70587649
7801378
89687818
29616323
91041689
2585333
6052445
37021092
28978277
94168393
51278731
92107895
27042843
98663874
92396974
66936122
20967995
66555444
35788682
43755200
5419456
61380396
17897772
23054799
23135374
16634127
7188664
75889399
66353943
93260947
72258789
89280133
67829604
35334031
38308331
38044732
57496400
14249203
24567167
9625144
41836109
96599288
52911672
64934043
93402810
75518054
51883904
71341814
47234322
93735191
40677957
94633613
54652844
65263620
60886181
5121273
50127839
29073832
44401192
26499843
83457273
36766912
47929989
60907211
48524775
31689881
96981099
8023526
2587583
37978949
27412854
91745289
50614284
78260953
4336434
35662232
49636919
77750387
92474961
75951972
10036163
4583676
76371936
47002454
91195679
18123902
95786063
56231823
50881422
17357605
63373232
62013816
94062717
50541731
59360887
82926796
8613371
83467302
88578512
77000609
88430660
99467841
44915049
27572800
13304849
50154967
50907158
9059473
39406558
65631236
62208068
20978700
85711757
30971120
27630172
16114699
29245025
28054014
56711176
63647893
15436669
50606851
96865409
55988999
24332276
66641020
34454836
4227333
13405363
60081978
20487463
4159071
95206061
56150578
21575586
69218594
36894313
22051526
5199445
60926012
28219063
63098225
99440466
21049796
24242317
5014113
70573149
93971706
83927062
18751010
32505833
19653331
52066270
50437242
21474352
80329001
44766573
1703096
86203960
59559943
11846051
35862620
38526422
28465748
8600692
74957365
80671808
7907115
63742280
19158054
16252313
29143195
32155359
38349195
12066387
53012900
54510006
59299210
91084784
82175912
73833053
1325497
4551824
55109784
61312579
90643176
44011037
92362241
25990151
57227875
99695454
4195044
46077741
35913446
49894618
60745101
87209136
62372397
44145983
33204990
97289875
60143216
68064276
10452203
24247425
54467511
36680258
70285921
60066890
66841318
38619396
86532051
14047529
73861471
24843425
88678874
39647853
5720941
50555464
1046582
36988948
16221089
51640594
17793462
68450418
8792997
55509133
67756660
64614606
50854762
60811248
56904369
38071987
32459227
86068081
71601541
26671800
61201953
81554295
8343261
12473082
36756733
2834316
31719629
20767004
11393409
60894847
32484405
57770773
42074025
21792282
65513372
3301001
38600599
53333226
85832534
35746282
78364568
62358203
62058577
91130678
7570201
17185984
89235465
41761551
19176868
16459389
28113706
90268471
18680575
42333302
91333327
48573304
43006220
62151937
64980280
4757429
95650952
36555055
98964446
89045245
19477701
47855448
52100381
68871149
65149128
83883018
77114658
50611381
29896437
47503949
37410366
93828264
64669702
2327403
20819849
91948735
46967766
31536619
42117590
24733741
55429284
65795274
79147460
25005183
75754276
27605780
97759231
87274757
80872475
90636979
35442908
64526133
30744640
44727242
50652480
45794893
78335653
62209642
73771159
21635053
59402517
91775713
79129903
76080389
32949987
27565025
74788097
91649026
51239514
52510078
16614989
90202339
69279331
16610931
71024945
30353951
93754351
52533817
20017095
22930660
49949311
43386719
32657136
4794898
8721900
32593652
2350754
79464620
77971632
1174781
72471364
85788299
82746520
4787385
85716170
83092502
61000912
32656006
7516136
3054902
98137408
26243698
39029010
19282474
13200673
30992521
77164500
73641919
64212941
30343143
13132260
32245084
24137083
86115809
10395361
42707581
70386654
9886324
96108927
13306819
36543387
97703442
19256414
74029594
11279391
70280133
41260747
66255227
31107137
65474212
65454309
66268068
46075089
4283466
7570577
18792991
40190994
68654269
79312503
12448959
5711522
18507945
87220553
32201559
7874850
14703727
58193556
44461001
94709064
3139355
77891292
23742757
62734864
85508155
73005134
61528711
27994174
66307158
44061982
17345358
42760331
95777449
17032889
83130476
34643860
46453483
44251761
73692310
41144622
76598594
46445529
7348973
23290027
77501083
2978758
57267665
79345340
61889584
37756516
37587483
59599801
6398838
16723236
41453954
95759254
20771397
14103639
32024215
40329025
77346702
74083275
68676555
35762387
58737271
79128717
37264832
99648567
39504761
27169053
87847781
70193217
74773872
82195395
9230967
33763713
30170307
3884888
67691408
83492264
74729827
47969421
51747390
2883854
14779342
51240526
26658548
69532989
85982696
52737427
99444636
53638093
69251908
50493782
14181791
79010758
80368685
35610055
44975199
7876695
3608439
5775040
55075142
14073362
46729592
66047534
30604447
97191114
34253661
77294348
52236484
71465024
18848541
33757368
8677304
72813669
63188824
8134920
91341111
30931318
19798858
84376521
87829350
18945508
23665517
37774147
67996116
71422458
49841618
38273989
97205439
19736554
38838974
55723585
59250571
57906473
67853862
21364215
61824289
97232061
71044718
55311529
89768966
96860661
93166246
22388203
48901797
22795985
48913999
22070652
30350355
272778
54775414
68376787
20519196
42756855
10365090
32629260
14964378
86360530
91493064
55174282
18013247
18643983
52861426
56024139
40116751
90126812
4911376
57677523
67365148
47079120
36887937
20978801
23948835
63100493
35927840
31074451
35940982
82642034
67923535
36280901
39968556
63513894
21992179
52845235
95129112
13992888
57614618
90467569
26044659
59849392
45888900
42016401
34642829
87701848
74056490
42720453
7824307
7793530
44992882
24615416
95300536
6431829
16167069
11825747
43586650
27033481
11294569
267053
77623334
97947353
15436412
74332879
49395085
1118033
9133101
45072470
40876682
98228957
93727017
65434601
8845263
4974064
32238513
77517895
28660065
39217666
86668127
65122787
47328037
56130346
12692145
2302854
24019488
83652808
21087444
95401637
55164288
84179317
47672919
4913347
47323340
44343413
54531265
48946840
24989288
44202642
32063219
36173163
30077737
3629534
96969449
88519405
57719242
16858512
61541118
62193226
96871309
32416544
58125116
6907926
82116028
86443081
53956227
21299980
25645810
71694281
51796354
61239621
59381704
52081715
67128264
21845525
78228879
25816779
48056426
82823098
75344836
97553284
38106664
67447583
88452326
32748552
39378641
12971359
58275943
8031947
59783483
32308704
88115520
69782119
77305112
3781208
52933995
26357729
3753455
32401051
25770893
25894222
70020301
40664242
10119376
24149905
6430015
45257424
13657166
29222760
85708961
79622565
66594446
74586765
74003280
63563230
56855925
59416612
21477408
2771792
50810100
28483373
37893181
80895188
54049155
56779727
99336792
5053388
92764901
73227725
30817829
11402278
88159102
4648267
6838393
80568900
97295229
51761545
99924955
91970657
46933019
39525978
34559153
46097717
56045523
77318338
95086009
17620302
83472935
4722765
71493572
5238220
23823443
1077194
73322857
81811924
37578916
73943296
33381313
38611844
46041389
57781496
92776241
66569730
10356772
5280272
23594180
2893234
13701817
86811712
16429572
1732795
35428400
85555018
62337725
16346600
30421125
94320272
73176208
34472883
57509173
57157824
60084352
84760007
37978473
84739218
77178332
27294932
36412396
48312890
86227478
73405955
20852758
66374536
60080237
16670196
51843874
43617789
26130977
21102143
14172439
70484264
73063010
2005139
28962161
49904108
7943188
42683432
48820609
3008287
5479681
47623330
22611244
57828093
77170236
24829009
77927700
36196120
17580901
9754721
77781482
56892421
71199598
36342820
30263706
1594656
25608088
91266926
46373893
58382058
11151196
47422588
73993398
69678205
69668183
14202576
70191269
94001483
55593141
29129667
94403431
44160199
98134946
52979168
997810
49027266
39510458
42558591
7796957
63378896
40564555
35999284
58273649
56801574
37356030
71750796
10307340
53501994
90444604
39855277
21605331
91803923
14195164
60615456
71250748
8492051
24078353
14199420
2332204
24227617
16457354
79398753
66984655
98815682
74664040
38240248
21356608
55097340
71602471
70995602
48946809
82578894
811102
46971443
47251614
24842465
67992911
11005667
74802215
43640196
85477501
22671212
4303713
72804734
17700627
24382681
35490024
35671572
69887876
96147675
24551026
17449529
12347899
58119316
23316848
37055531
27320556
39820595
83984227
89568751
54420373
61886414
15333131
72696904
95188245
71884959
31120532
70225692
45489706
43399857
15377139
37058991
76549642
96356175
13470689
89831052
78016281
75559661
91865990
59343843
31975925
91435037
85556996
30531874
30356504
39222918
70303910
38878564
65238922
72110006
8751709
75215761
30025101
46103934
76953404
98073448
56922950
27803784
15825518
52812212
17571981
85117178
54495056
25242692
66728299
5780402
96261022
30399019
69994114
56232757
39146098
57082978
10687768
96578552
16579922
35895845
88216499
31548466
10368402
28192071
27039320
42959193
8104794
92559800
50225605
31198971
11196401
10261593
47090429
1141182
1481631
54825879
4364580
31821073
67638992
31162573
40149713
98927445
74408860
4443653
87229929
51396080
84394743
86869901
47201482
31475985
11196590
5726386
15077752
46759371
13244175
73287159
75202940
5848213
57777952
70574474
82481837
45748609
91741417
93159938
31607480
89864472
27008009
82408993
4320422
53518535
22970299
32106882
68490487
42883309
62919810
28306534
48707732
23522583
72758344
23702144
74121284
42503532
65392136
68224724
2696021
46445789
69500309
15860745
6017835
75453370
20596341
84236327
10955592
6871655
81408421
17054989
80102074
18296796
82348510
68479076
67656846
2405522
9436944
84503454
37512601
14035479
4367502
79989564
78993922
14460062
22508901
7775045
95708981
64299147
23874164
66890079
1369441
53493060
41522609
94635679
31586261
70918180
99184639
13494559
36668201
68857115
99667092
5310312
39639921
14916379
1411105
58786762
73475630
6968078
64446749
79184608
23101918
33632840
66073296
43399860
38269875
6737388
59350624
77047483
60648053
16793387
54421689
71064325
83726386
21603035
25300158
73905519
65562341
90193014
43484765
73458485
7980109
47567819
56630412
24130129
32963290
83916805
34242211
94190003
24211560
56099060
38475506
50189180
57315016
74534876
31992782
31620165
82892700
51481361
9531290
86889976
98926692
24876058
93547931
37858549
92773048
73663186
69052506
74318431
71975615
6744090
34222406
82351938
45146030
27629387
77288865
75179029
12403604
57138303
4395720
90969905
176506
74739496
50295654
43801312
48567455
17804614
4011132
11307435
82507761
7146219
57089435
56094968
24962482
36843158
84107808
88888904
63097567
33932250
21621903
48794720
59398430
85472938
90688104
5033427
23174689
52966027
33034499
37082560
75905696
21432182
75323998
78851878
55620270
20455096
73213490
38883694
50313135
2251880
26223898
45950064
61335245
5083783
47938250
36781457
86947196
75637350
30245201
93683623
48934879
79407121
99585161
6580367
92065917
44064414
82820423
47770013
89158837
85440277
86489890
60654046
77513889
229520
20839735
62795376
6510138
91992342
29256533
53892279
98264352
22163771
49016015
94689503
67115616
70753427
76056536
6189463
4051462
54163506
67755900
6337881
65337599
56569465
90359601
18867386
10865083
21990435
57493528
11493380
19829422
96433832
44580766
38644717
13696421
54539023
28574101
68707978
93605628
24624791
11134444
89626338
23712803
41731895
53946289
87782469
5074861
28969779
53606390
82434924
91304387
61974478
79970143
72625711
41357354
63259301
72559200
26449555
20038478
66865787
56365460
62911401
96980390
65423395
26381022
36859455
26362911
57255078
78346970
14777591
45795478
51541679
8227007
16149680
83552709
27528258
45962347
80540198
98699884
94661504
13782261
38387519
18870512
75041910
65188095
5119104
40741678
14845663
60280689
46012676
69116888
77956218
84975578
59223843
595841
79954431
98041413
35109132
25141365
96924599
74646433
3449112
58372215
13900629
298273
4165118
94599052
63969195
86307389
94985099
48039446
25718004
31455086
94664050
36488511
96842988
61367515
63909134
29780088
1968410
49736327
75969496
41885103
93056946
63773996
19434627
40738111
93298667
33421860
25499330
75021104
79322528
6579886
28739934
20496437
36833424
30723179
77724097
78621896
2621842
94431286
58888059
47919765
18302901
86156581
43200456
41795561
40215722
62142435
15944490
23691891
21467889
82274113
44985142
81706776
24770164
78977686
77133242
26378612
3086834
21423375
44889882
30265160
15404087
95528282
58141043
17693639
94509513
8201170
9414443
33879566
95912855
27113594
75338106
55366826
75639309
32637457
21791530
74158790
25223007
51152030
3138837
73260229
47835821
15489103
5771778
7568804
19221081
50372582
36807259
30431585
31594500
44035769
45891581
26403079
4893835
62260883
57273304
55468055
57412660
40774696
79822038
53917791
6782331
46297354
82981559
23629425
46332070
23428579
79303101
28280069
14219691
39124711
43445668
18978150
1140444
59361952
68177570
73221907
33170082
68817402
93400583
27821404
42383222
32782220
49413170
56189271
44656557
38782284
41498639
8808438
8464186
92819863
42949501
74746114
49112914
85477127
99380260
91667070
65138177
83209592
51215088
48716218
32308017
86890729
94576714
82058268
61947984
19174331
5121447
38191353
63149856
94630986
38386558
99215224
64738832
40254639
15619704
11415789
15613948
47579611
32708941
83711593
83563551
89464962
7487483
9575352
875668
92077470
42650770
92684633
69531747
28808303
64597926
70595958
12568028
33700373
39116131
3804897
35053736
53729470
66016583
57150846
82084469
98081495
26854811
28821398
36784199
87608423
92375419
28939650
37963633
36983206
72606331
45585901
24467648
10593585
36317820
16589343
95746707
41292436
99183421
34093494
49422211
47809719
47236236
83023568
38864408
45793200
27384964
60942872
18828268
27028362
45734818
56211931
2003050
44027390
98185962
30941530
56587814
27035359
91815070
72507725
56783810
3857290
6718289
87973849
90313335
78348849
78739158
20763200
67365514
95222086
5268748
56697315
58052573
8182347
10704902
69781887
61607819
91254882
24688440
14772178
70884970
31376927
54816399
52667627
9594170
2938502
13938786
5006581
99563458
69971417
68877323
65676946
997849
18728916
30855379
55039246
22115586
76883291
84795415
9197599
64922562
31731252
79991045
53882236
52679366
59439673
96172408
6045866
20238372
86412265
8095301
36837445
62498944
47557435
66244133
16961566
57335735
26829724
32615573
27520209
87485820
72280718
2217368
30882265
99833311
54628479
16117369
12601979
27072586
378184
23106329
5591979
79110913
92254342
83333656
40195833
94944664
55083575
54058440
10635951
59459245
1713093
26879182
60653723
55857092
32029173
67080232
7418349
85412410
47382149
45283988
91652663
98889668
33255082
80997388
79194837
47965513
83339417
42575619
54816857
77403889
80562179
89523528
57661627
12177409
78477579
79121590
63967927
67697437
85272621
12852224
6547993
82291015
57842149
76167298
8646225
47125446
96248655
6745510
10352996
90201016
84736160
21868258
93028753
38313973
22475333
2745072
31086814
70094053
38422543
53992494
26828718
45405508
15572124
87202276
40851977
54014530
94440535
70022819
7824590
62894273
54971010
85302807
32500350
5886752
51514924
1685494
69613679
42265691
53073240
33547291
79639042
4072629
88154412
79470795
83573319
34591264
53445730
14250553
63734681
63994197
30561504
36455131
63160237
60421
41972332
21455174
44998151
53571629
53106995
99428233
43305045
55424282
66228069
51976192
90074503
26529929
69901981
16111128
49695061
24774653
36750661
26557202
22546753
73821830
51486215
68066594
44457346
76471143
35653636
96929348
64116482
58158738
17211080
43915321
33347924
27671814
70777017
35248645
35237422
2325825
27331299
72505015
33412122
70279724
70123159
42133945
54710442
69069744
35785118
4857529
43374827
22292448
71819113
5957127
17620623
89930907
13259485
54797712
4100606
82077984
20041362
20342065
76673959
9468226
20188732
85221651
8317228
48784909
96112836
32385321
12986289
55995950
31749072
58192110
54094954
94111941
59047004
3355610
29593218
41268556
67566982
97943052
32404996
39474238
38133985
82331449
13933992
48948081
66237904
29851799
33386832
15846269
5370669
17582091
68845811
95274141
1723887
91154748
28546957
37227191
98012560
73794721
89670164
16044750
93592303
28522565
56377534
96613389
93128934
31080032
57331951
33182318
39042576
94150981
38508875
28014787
94244808
20094044
16979289
86034483
55810877
9253387
87906852
21520279
26012774
11282907
35729107
74564972
85667208
10086709
55077891
89878207
84521712
46931083
98637219
66996236
81897975
21216375
24772283
27144606
67630192
10643475
42618631
74261700
67322243
58948708
85959058
30516086
17182370
14620249
55764464
60140015
38962908
36570927
39959546
97624056
7833159
79267740
65744363
96133442
74544700
47028694
17047035
69239937
77863358
65847335
75952238
61704765
6052074
77588327
80558780
91204981
14183395
74905878
1552509
37526305
57714790
15212740
24464500
91903236
5798458
52222888
31753423
4098347
85848276
36003121
58741561
50718948
18231048
46918462
22759037
81104464
47852315
21625385
24295182
29929743
65346112
87972673
97149299
19864499
17496092
31537295
35479584
32289432
66406250
84404919
18437413
92965723
96362276
32635667
8262873
20808185
28040986
20986006
29190512
83322849
99068883
82634541
25834748
58524584
7859358
40913849
88121145
12683679
79358890
23210680
62399264
29274193
99570379
69064223
17858570
86513106
81366478
90830683
59352646
82045990
15211016
8353164
34242411
17660292
45363577
90573295
17357290
19626337
20375346
97656734
3945131
6789591
35980390
28425109
66732009
72845895
18104165
87194654
81916266
21375329
87619567
32334114
64704873
41382123
28087366
29035750
23289660
52110394
79220353
10166367
18964901
78129194
88786569
36699372
98620452
68948212
27498173
49305810
11926896
58350954
36287981
56767619
8745333
20428024
44761479
10466606
18248428
10505079
29435244
59303979
9942846
49804145
45715627
88711486
79688961
99593507
56514895
12202897
13239494
91688825
70655296
62020940
19980692
2564410
23720038
76516868
85460
5770839
59417094
8157062
42127594
66443423
75699640
96043156
58572357
20240314
23415185
75457264
79890211
32179705
110131
10328709
70328740
19100659
37404253
50495098
19963458
5964591
99112480
70228874
61859880
92200122
25031632
53041194
22801454
1365460
64912896
98392351
89099161
6225283
36270491
88104175
79415969
34957497
48328229
15620849
86201998
20895682
37211099
21818530
435069
48960963
54896124
66890887
38532694
55498863
36518720
77129278
34772931
81071491
94122162
48412401
1800778
55549859
27057660
1832330
74211781
17517862
73321505
66505643
29683159
76764821
26789399
27589995
28555401
15316705
68835489
52791346
49713512
6131635
96127435
90243414
44958677
17096958
6844119
23653883
31979779
56299702
18770584
8576397
93973983
13572988
45240736
67468053
89678066
17429608
79945294
65593990
45446244
17192863
80437379
78948394
43137476
90927760
5292416
16415237
91068836
78656060
95690280
40073570
36252942
13813336
99050731
82550686
25272968
64736141
56953131
80334728
94970739
97902950
30279740
52475823
15683902
64967142
35589246
17509551
46198551
75974431
23357066
71100311
9012020
84412894
97746154
20771494
67872490
21440990
12721622
13475651
33092324
48870379
84419206
31119675
16171254
73347919
64573198
90908916
81623754
5535638
43510939
86451945
20130300
47307809
88931536
53484276
37601737
85317062
5889782
80602174
57286806
12051306
86869647
74780375
89520890
18493411
3096812
6704025
67362284
5178592
23179481
8339691
68519227
73952776
72530448
24015561
79618209
74478342
14040019
36029783
68014970
71783410
21233071
72024438
29764759
26354
65879233
32373964
74499114
3345322
92271874
20121400
63875880
32194475
71023316
396130
45644838
82534903
57521833
4750240
56484680
72131302
2896980
44700193
99666283
51766604
63623553
94329317
80133843
40278061
76742302
50399623
44499233
93364339
87086435
26241853
45218057
18735370
57021165
67524589
5413368
1835102
60532869
53397807
88489082
42905301
42850818
50452719
9700983
42091948
7512498
99212639
25900175
55506980
21429604
64756185
78105339
462401
6393417
70481007
70171406
60856117
10352482
75012628
88741601
75982664
11157913
10515557
80997385
40301637
82624150
58714135
55028654
56473327
81440394
82853840
82941750
60757184
39401629
3139980
92721247
55295319
66773281
51807116
1955292
94095271
85739780
32454870
12772539
38721053
69417542
53434048
71826522
11312772
66709859
56712040
96259736
19473203
35985608
55866267
24755156
89692914
82666172
90387260
38719362
53679944
33238428
59268997
61662862
65273006
41159713
81369123
89693050
81769856
79642413
48777399
89838429
27187954
26303354
36474496
290364
1136719
75350925
20983087
68941352
74263367
86836634
22772337
36722804
41665725
56646338
44315103
54952106
79726539
1588687
26318422
25873525
33014151
65647419
4511190
84718015
83315497
62552192
93138665
45812378
12412341
19717466
47849520
10829263
37545328
2442776
4375428
80531791
45137427
74452120
52453230
65300315
11042763
10380987
92221140
49964592
23899235
12973877
56756006
89256702
38211512
76028970
41768156
46583639
53534590
47677622
89561067
71000959
48321707
73448469
31680788
93512058
53773913
37582828
78098497
15673210
2515445
85902319
36639002
5168520
58156678
60218375
17547115
62607214
23564760
95720863
93361482
9651988
84538829
40415207
56623065
58986022
59623596
65533660
58588718
74268556
91896026
97028335
4466001
27851497
30427219
4626152
31749078
11401461
83713426
75772234
69253073
48770587
46802101
39313491
79048046
67702135
20933177
77341211
32729379
71437925
1896484
60390132
43046607
40054453
80717731
55511203
58998512
35217634
81938964
40286093
606335
22241416
19743937
31237640
71936816
33052458
50582047
39376024
13056264
86200788
94709382
49337202
45433236
70395878
49934074
31940152
9925573
64139756
5979068
67347090
42529269
92776897
92097433
55095459
1756014
54680444
11961468
66001638
43863365
74477888
79347792
75516259
37076631
19437797
83812924
90085734
28141067
14919040
41104806
18111666
18122061
90696702
85008458
67816899
78000292
68433262
95880711
91145516
78591493
95386477
9019482
172551
13353155
5150586
39826990
48801849
92248802
62685006
94250374
1807628
11685545
33054065
15869746
21728310
62757380
32375751
6439240
35814937
80264927
17639108
71591839
31116485
15338866
14411212
10032631
13308620
28731791
47685846
96938562
64527325
39398972
53817064
83412733
76369886
64937853
77988755
51106120
10401372
49934570
50436052
96297271
80191488
50942295
25162024
51713999
33313172
49716652
45609549
69259745
63971072
45407793
69040085
16566536
73063842
83256444
28621588
51989956
19185899
48822554
83039993
17718996
78483172
27161359
8584638
11766391
50954053
49296419
35549868
19915114
57071332
85556120
20965195
53087816
8493770
56037233
25008056
60707879
26301978
59636910
5235006
82507946
81682484
50579887
1045540
89611243
42699784
45538665
91043139
54814320
91892315
8636148
97360554
9628907
45298630
59335754
95093649
52182479
46420044
62334761
94597963
27109917
37776773
40106667
88516099
46664716
31947568
30181194
73128897
86160137
13221307
65943595
70909482
1111812
28702006
80904751
81016168
76101587
26274085
59834188
48988395
23825068
98738228
69090267
68637415
82524743
934707
81009062
63741670
80227586
50975366
97083853
84762642
93979781
27586932
3340959
22293539
83964574
35272617
80388048
30794945
277512
20868021
69108391
38064416
26775620
10766361
29043
17953791
28317232
54254872
77666714
78816623
8022243
61842230
23973220
48891681
27844925
56715814
77247245
13780255
98725019
4824215
34032614
91450735
28253300
90104175
11822922
2135156
56736382
30544835
27748987
39251675
73416425
71207771
53462093
86486075
13334820
63219839
4474651
5084995
57114845
36108048
49186937
94137785
11910830
1174602
78096995
35822134
28735167
64770289
59242465
86666900
23349153
10085045
53567491
66782447
65507876
4670161
4569583
22581834
33264820
77149154
96759793
14965408
35039343
69335627
14728127
92157583
18602975
58959560
78793195
23831319
80574780
16690266
89639977
83966904
15849809
38237053
42570735
93112724
17074893
10964409
4441683
98242507
26931689
10998007
40889747
8834990
39544919
15851087
87046129
13196502
94552647
9298394
85028399
57384163
7087055
31911761
80969091
1372577
57000968
39867872
71121950
98054416
94775927
48840998
49363671
30290575
67893392
7613422
77747964
12966340
38253677
88224028
35564990
12086546
38788910
57981494
52306823
10849117
82083871
41590470
55780821
68630726
67631921
46110035
65011920
61283777
80817509
15634553
39106053
53397156
26900841
80406717
86892269
10849839
1361899
58192114
47326457
87609767
43975840
41674960
37760112
9857116
17537244
87143863
79723695
37584215
9313865
56673055
35883615
90048172
42753312
63912640
40376904
15117584
13987008
80057809
11435633
8098931
15700857
96278788
88140724
58566267
77907235
76400875
36804021
22877911
59859998
2699213
96790265
7723747
77591862
17308714
58477640
20337465
71676057
91033373
13906678
83735047
94508347
51674832
77079952
15938717
39673604
94081771
28235365
810544
3072452
89071812
74344379
25534884
56438639
17055606
15016660
80865278
67949920
86866331
78206686
11858276
59024199
56845467
62516163
84945022
11527245
62340975
18970776
79429302
75942129
59391918
5623983
24685388
45243173
1473771
61399091
39399683
62564107
56683924
7791263
46365274
8684746
64985950
67317212
36555156
95190508
27852784
18661211
23685758
87405211
75820535
56287342
9964796
73449514
39197351
44859961
15616597
35263819
80932397
83450489
21367572
61702337
94912111
36985107
22146403
18667605
43594010
14885901
50431385
62922436
3861203
41691915
5964430
8400463
32542420
77291893
81520863
59069027
12728802
51099130
84889833
88637344
56218242
73818118
2056043
18781353
30124666
56229110
84074311
57607117
57762551
32941581
40871340
47882688
17576950
24587357
35758796
1186081
7535331
88397907
57117611
67988488
45778097
61199126
8094537
89091100
59194601
94027829
61621876
57428690
25174632
57061382
87452498
13840072
12977261
41935127
54922855
92972579
90957026
1141615
34907131
8207508
19459909
88877685
45829497
46261651
49030248
20653846
45857384
71828636
41188179
83483026
10100838
96069110
49573519
62501428
62012034
82047307
59390102
17786548
5312385
37344375
21430961
69829596
20566481
86084333
65530344
83544060
31764324
84941468
27594830
48068908
90569010
92386959
84156498
89687860
37538331
8338557
8797212
68031298
75555155
95575395
62628023
99445123
55014003
65428721
11002963
87038577
54276699
59487570
67372834
10883555
16487602
31231706
98708649
46265887
24262454
28983519
74191446
66752268
68626739
76089283
6884032
64472661
4720964
37699891
9630066
51838677
7919080
72166419
83623265
84258733
16113955
29504713
52229805
85383693
39853964
18849535
45089677
79597730
43684525
2643792
28863632
37705737
2596870
89944923
17395967
25823941
76621468
87306439
59830138
71531653
77267245
51032514
82113035
42708053
60427104
13410647
94295079
57971131
93307012
51094574
30044899
82729523
7877381
80552640
6815727
61883768
99376354
6086738
67251764
62129798
99516312
82899294
32736415
35252632
108522
54744120
18099011
99884665
79179047
7452104
39481996
1907064
64025169
93318008
55332366
3733034
33931180
40003125
49939278
15383366
5226221
73890685
46883312
24377425
89346560
73934142
99071067
70186477
71336957
37313921
8496879
48939921
89839922
11125376
55107800
38926845
31186687
41764577
64817023
74129517
91417470
46755491
11766403
88533550
33016493
81206411
77180231
79838142
60225089
68337833
4776689
28512740
87681260
92195563
53251848
74054609
72794913
29139440
83871875
27195743
46545533
53672424
32395278
62054603
32746062
36416827
77881010
37248268
19515624
76406131
99674958
5609893
31919583
37829136
60295205
982753
41819662
65434680
87629636
45784756
21965755
39566380
30594472
51346949
38625852
20918831
92913176
97970899
77165328
98825340
44585896
62151545
5632430
70949425
4840109
15398157
80127020
74307502
40360257
8466390
70039463
19233792
23420000
1202153
11550907
69233990
71260846
5632132
60729470
72473705
62743221
55940048
44203938
90762055
64765926
30399651
97604971
56122624
28581799
1076444
37180033
9138057
30690689
66513643
49661228
83184012
68666933
60867830
96697628
23777967
87452248
14624143
86153977
80327011
98249365
67855411
16434199
29886096
16959943
73287834
83461481
58705838
51741237
44841613
68917507
87039532
18877584
38901870
24077822
21894412
96434272
7935672
6883263
40710254
5093795
73857268
35118589
73045842
37374828
30102326
32127282
34408966
74737912
95151906
13653098
39198588
52507560
19908009
13786444
85210917
49388757
41185807
76487243
35573798
98625631
29833548
42299107
60945391
76081340
31428168
10383076
8512568
6455578
6333723
40719860
73258756
973291
93328694
37929261
88566963
51624604
82162948
4641375
60025093
64912856
89489729
53211993
74964171
41106520
42095607
82396172
39641613
49946369
6496992
7229160
67886867
21172217
52826358
53798896
42140089
55352036
50061784
3245450
7119054
33863716
22374198
15856961
75230382
56050675
70746583
70034817
45690927
88465230
86103617
15243612
95093085
73873109
80174594
12423745
34601423
15100979
38464410
57619650
68798929
32342412
18427632
14773270
35538939
883262
89118311
59107326
27910672
85743915
62093963
61985892
34473497
21954145
46031441
42314279
59045270
92339932
96887743
68475366
20070952
65927698
99244141
40327791
13633267
5430073
97757248
14181940
32464886
81664098
73090667
41191210
413937
3870883
45073788
44797878
17410778
13437078
16311918
90125105
78916653
57874211
37443312
78940947
77570540
14203046
34643927
59337905
6893739
87608811
86446002
48274377
14522778
47300831
51229576
23725103
87593726
79502648
17813856
31380024
31253196
63587201
6942393
15621637
28488778
25337329
31060141
33017334
91126743
95223263
14014789
7854704
42826441
34261985
86941274
797010
20137956
25719423
42025258
31041811
29364824
84409967
83863292
60648558
12021293
76880801
58980559
16899460
12923793
61608652
86862424
57794231
15151082
66936949
18538581
15653428
46444250
5377781
19640041
7407168
30231097
58287984
85358980
16286022
81998949
17832175
46684352
57591064
63310910
97920597
5113023
99435655
4024910
95899035
68847357
78349265
11126365
48583823
52693868
88825136
9278681
30881840
74882835
94032788
65408868
86577680
66583301
18174402
17065128
45024376
93942270
78739469
41501192
6326327
6124083
92725176
47618316
89801974
5347540
69414288
13235923
84936850
8834535
95302665
86881098
55001270
92326237
68957661
95984056
49139596
49480643
70135325
34347135
89885369
7043823
26805872
26736446
64464133
3422231
48754959
93343237
97711744
42482192
75453643
49503247
57121533
61802485
29247043
4355166
14685740
42100144
72470936
1547128
47994407
88002989
57743485
52159752
72224821
13629841
78966936
86885759
68296597
55622556
78433524
87389431
12044916
10852425
15213229
23425579
99710175
36784505
32767585
56652981
43992484
78572856
90044759
48618037
66484339
81587423
44466972
90344308
53202570
48523659
13779821
75754794
1506744
2013884
87823249
31441257
29902998
2105530
45175048
92730736
52206275
15328521
81166360
53539583
72716287
13422049
292601
51846002
33956730
93105056
67687277
34222609
13873916
12137693
2909870
15867550
65399669
53618650
98715442
10623010
13480267
83052375
64929506
84568055
22587262
46924137
1144496
88931536
34902073
65286198
5004051
72524337
45152936
27961356
96067870
23936959
75252606
24244285
2233809
63250509
98075619
14652564
91719154
23679429
86724296
74742606
90773016
52463380
10886089
59417255
34112479
12960309
61945783
44960753
40677978
18963315
56189531
3407551
13349990
16794842
86196509
57973073
2421302
77732676
76116724
62101844
96053531
60022609
40378995
78376985
72498173
26526530
87222224
68736293
15568148
55582118
74262574
60264669
92329336
95678461
9842133
87516040
99079103
11401510
62528596
26604117
68515205
25309842
94872223
71894388
72020181
19644572
1959432
12381075
91617535
54479345
89364496
60336181
67319221
97384244
35916350
59938191
55435420
75743247
61736075
48782848
88263752
67991551
30474389
28453523
6830079
72331453
34290171
27971902
82517280
27448535
95345565
67290884
21338251
69017375
7839029
46227573
89775645
28842735
1409526
61597798
83229835
88053594
36750036
96156329
79607365
64903261
35094322
50295702
96885263
88660999
92474158
62394456
48458095
83445533
98756208
98716871
99643978
87264631
38565411
63164434
71411113
35019307
27103183
20834845
40916037
33960859
47645160
55822983
22593733
4041435
96794251
67534905
98752610
91117893
92728012
62044486
87860722
350549
69332750
40781625
56699404
60515240
66940657
70989196
65262800
55550475
95979271
98780289
17573995
74160544
59218309
71520027
54245312
48255725
97313130
68097598
17597140
52740251
97451255
36299632
49384446
99037936
88596127
3855699
96233899
51159489
14458410
95154257
14405206
91069110
14996804
15789821
79933890
14434172
75202824
71587474
61723134
54032193
13483812
14532640
12565849
45843232
45668682
28710946
77066705
53661705
40332185
15729457
55131115
56119611
89388972
29013363
60648014
54950081
5371204
26994329
44041107
92250419
33010264
78216227
21142691
87859167
15783532
82389230
93548857
97577327
96261416
37860481
68213640
4422754
52835129
98413904
21810273
20705940
8848346
76251216
41688011
57280474
59079039
37627787
2511608
26509911
84447406
23356509
78335563
70334224
10325840
7564120
63082827
80862255
28005364
64557040
33077088
76853234
73893741
85801932
2312588
340020
62726776
42495307
61621919
25911426
10881507
31813375
7899977
24192824
39189513
62546656
32061053
85756972
71447893
73825895
2860463
70598876
81393651
13026348
88218979
88063003
71645783
96346303
16224176
72930798
31939636
36813763
13094606
76383919
21900224
84815796
22871273
21282668
54843083
59140356
83955228
32563095
78015519
89757437
49568048
28067371
62983428
94118261
2809034
51905347
79594133
96178218
45818428
82731010
80804152
35984011
97878546
46393137
11082351
75342758
84196000
16580066
33766947
90670402
39467830
73295758
1838289
15739963
33462089
87270790
87105476
23802245
21898735
24912928
6192152
39683799
12194209
90019879
49557404
80777181
1805135
63857819
76438720
62959172
22324334
54884206
12255231
93164956
49101111
62666489
96292696
53332727
58594961
45025855
53395985
8856052
83165070
77398309
72797309
4361936
24058534
50993711
78456466
78451876
86647363
18806509
16561531
37302389
87650862
7588278
10203850
21148263
15406602
45228184
55759922
88110250
56306532
5768454
15241053
4126281
42871092
91518996
18937553
67666338
82272567
19710832
30286192
45976036
18303750
41995076
76468102
87758340
4867657
20052608
49802260
50033193
93673544
32048575
97341079
84897042
42246887
53692010
51647698
27137473
73936158
36710595
22713692
79824298
4612913
69462292
98014379
20701767
10987090
44882857
9909268
61668436
50319216
87846196
2080849
96176495
3726031
42310999
99095057
28000008
30665735
48063180
48435626
69400766
92629369
4022527
80486448
303512
75126602
18127089
32538465
56912751
83070500
97363199
97996408
23705315
79295541
32278838
92506381
36366726
49628408
45540485
17071989
38740344
10134882
60044787
68489383
49794073
32078805
16972144
25993051
70721095
63494565
9518636
42268289
35823813
46655329
79755632
31847589
56953416
25674154
30085347
56654716
84563299
41413505
51820544
90583664
16581653
61367193
74544783
7695560
27082405
81682111
67791563
59834106
17633896
82509641
75892477
66550787
55526869
10192751
88320555
22156715
23332071
25552080
77906973
55884589
71159492
46182140
72766080
25329739
3389127
10653477
46538423
66904095
65806555
6501649
65213615
75620777
5036682
95314360
4515473
13960627
70899826
34811383
61230669
46100957
72949473
80765379
36703589
34250446
74796022
43337975
25146067
61247102
86999463
59685440
62377486
29265203
62140379
63568963
58322904
53975013
21742520
60660629
50654561
86323815
43602985
21277665
96332066
13300630
43541920
3125535
40692953
35588661
56126824
74853752
52080725
51945634
86605553
94462269
83300879
95318819
62266858
81069995
52345079
11520014
30044907
99737946
58428969
74535153
30001901
71806776
76388716
70130971
14960962
75254071
15513402
86168869
46239731
32548064
61681840
94948917
38662498
28823650
95252903
26532355
99601900
93804750
30322284
58994010
14413393
88719339
29323595
60310376
76043412
27220758
97177666
79710620
29270555
46352400
67925281
76680338
54385067
9556007
2134493
78719551
11278807
96920377
41739927
23770318
58907484
34715635
95166611
92604461
19687307
58680468
5769639
53209121
74741662
10060820
24821177
43389989
58000765
1825749
23385850
23778731
36514605
25852797
23404597
58122591
19574935
13908864
9103819
36570104
14136072
73994110
71644017
73599182
79246969
55086728
50790502
92580919
32999355
18496779
13965439
45860831
86784742
57037678
98654784
37320791
85201404
98838846
2900748
81584956
74576262
83388785
27537767
33071203
30887340
17418975
62998612
62118081
31760616
7878289
36767151
97763292
38030049
27367257
89990847
42004703
97533057
65708031
58272270
88820635
83164144
42620487
72053064
30170151
45565882
48928776
12361078
85379951
63066402
27371582
7677419
35568268
85198697
71237229
80118107
39908944
93254064
30869499
56456056
26992971
47654075
40311040
31897886
62281097
16465277
51008804
16793985
61913780
32270010
39055595
78303387
83126790
23027261
55041978
50171690
65003045
73183803
79334065
13595045
51108268
47920313
96017284
16334729
36822453
13061130
3705502
37413482
28491927
76034340
8559572
67778441
4743016
36009489
48942115
96032200
17602325
18874806
93647035
38154424
13432553
30363004
36836909
50658968
82252219
89077241
34918364
96707334
63330657
51827777
58145417
96869453
23923904
26558240
15546276
25423136
33311883
85144061
67039759
10296086
41851261
86724252
31406389
53023918
68182947
43983059
65063195
84538842
61240099
8997016
81436363
43218734
57342798
89190589
53525331
10843765
2620640
80085491
70587154
93854715
77837321
62394349
47496746
99568792
13155133
65913385
14833721
23352821
48132587
35579884
43366420
61357211
66127101
72983366
47943385
83750454
26625526
91831068
7423867
98985387
17972905
89581370
50730328
40161121
32679258
13287489
91065634
98553486
54923986
53288821
16869652
12212967
89516274
66171172
59786770
90761074
48034328
77490805
6572237
5584774
11297638
24430922
68055786
649957
96927365
15315957
65794091
49546671
68562092
73315228
17926889
47439898
53442350
34429417
38498872
63950297
58470060
54745181
60353148
23472635
83327987
26708160
85305028
23097761
83430544
607573
87736895
65198427
43187713
78178015
64939786
9312651
24278645
75495968
20316168
93623679
13608651
59405803
48873688
57361770
67543810
38046003
14482261
76986810
16122705
98105145
42714403
16351858
17062292
49944455
65033428
41282859
24685024
41973559
90309169
94148995
55874864
87925227
9160458
6681775
33707553
91331321
70439405
44666383
55372965
58556633
81770372
82061228
37269698
88832636
84112955
28403953
23411861
14324439
14753094
30481382
9678458
7862437
70355663
90274287
56108355
8084906
65856952
10422283
43810536
86596986
2301106
45684545
93677869
8611568
66533817
94170916
65272968
97370782
68574930
28395044
44719827
79352999
31960159
91193978
16617293
13997713
78298366
75565448
40117907
44667109
79982252
92738717
54494532
55112645
67286831
55688030
61848781
90110948
74952819
12391012
75323534
55657437
88089801
18668236
67669963
98715437
24361948
82137316
14514653
42476791
46784223
34575616
51045218
1848885
45816724
72598906
89191057
10885360
78120549
74206814
42045797
12588066
48690576
51903908
34017908
49105933
85816806
38516428
51347816
58322843
69946885
49634263
81023751
5322036
66954819
47413758
92778655
68227392
3227414
68648457
76544687
92378024
66448821
6041493
91938812
84758741
60543332
82937653
68750104
74146523
534471
38663962
72648982
77661925
78127489
67160212
81144677
49414083
75839843
80789963
32486806
42785546
37942219
18295614
82948111
50095041
16029256
79957006
13962176
63785437
77165845
59943673
99994289
78933801
12479053
97619689
80019753
2163346
85012004
56987434
90218184
80417797
63128579
93228428
83038108
50696276
96299687
33086827
60197657
74172700
28027446
65089702
28941087
69231775
54590078
27609202
39348865
96252374
31890252
64182550
62708783
22093565
30799163
97713019
8962997
35199384
63842364
71076832
37488934
49654440
17677502
73492996
12220341
75368426
82932550
50689950
82070106
12965599
93376862
53987360
9563317
14985399
57304806
31392086
73987970
44929605
58316423
13193511
20622188
34684759
20458959
65238806
61833647
57322500
7387833
80565580
9786841
41884662
11603980
60899720
82163756
59204107
95579438
80918318
40577151
8021763
9464208
18810923
26937039
48664254
75512809
2832492
2251060
83845357
45717934
985671
21066284
30906229
66725313
30987052
89983199
39051437
37605428
34643856
18188437
75830409
23720341
41405023
17733175
34194942
58186191
82001628
69225480
1354868
2472962
58004204
34666882
48714139
7105781
85741853
88326873
75326895
64429148
92676594
80846743
53218720
90140638
37268810
4792855
69622648
21023859
77494088
63914326
15716944
84455962
89501900
326757
29140700
59919640
61011288
10513891
19708392
70667911
37207386
49416112
54200666
20641662
24168435
2742771
55179055
66271867
46318371
53292207
36282163
46625085
91977048
99055187
74525837
85665039
54331411
35649414
49474925
67239304
28841196
73011869
81252257
57042057
87460576
36862128
91938825
17493913
20616611
52945196
59669122
9326541
57913811
65135164
3610117
69559290
91097157
32676468
86140718
77828477
1874252
74224535
72368416
75571464
71238771
33248376
88589465
58723924
42296569
41495329
72919540
69366933
70430863
71404462
32597135
49553926
5333271
48367767
91583382
35605383
20186015
7373045
49461511
62997384
7179142
46223616
99018575
70944753
11765467
25765584
32818499
74384680
37115201
80678209
62772470
96153370
47361940
38672090
91593666
71272768
57577373
67429535
60454877
45334278
9190517
99778179
85781401
62986084
1599078
57307631
96453731
17942811
4808217
39418701
24880820
59091340
2693307
68869665
49329367
35036928
26543127
30414174
72821688
91067512
43351543
61494238
76538219
1788497
60013649
70398311
23466879
835321
75612232
7812044
68006245
57313444
69711705
86056421
65690645
87223857
24433015
69088450
72088591
64557630
55794475
58795710
58530076
39028162
83905301
4869102
6194921
36053111
20299590
60382442
5564862
90385091
5060777
50731974
2893557
25521251
76750702
33044508
42323847
28155683
22196596
32382769
36972082
63024480
94625672
98517130
61937143
35752246
24397716
34976477
31665785
85785781
3308820
70511044
65548333
56017557
78000280
94314434
42005972
21883800
71102332
8716833
23696038
73181172
65912370
3323590
81918597
15242082
5490261
75095977
73360095
32960998
69208889
8323492
20153316
72985197
22169188
57119671
43962251
64080499
91916226
51726793
38600955
84993998
69172240
39696442
42364915
74514468
7076468
29775581
13891319
63492895
59026202
55888783
81023140
13845280
19070211
55392980
10171512
31287534
56910164
86114439
32542933
4286134
76177681
1890934
4240745
2182382
27272188
37582628
69229406
26019586
67194737
5452412
66995193
75546774
6905894
80914888
17620367
51984987
66294911
49729858
43863407
23161111
85261596
47359843
26605865
79304797
59023942
61584263
73900216
72000535
94581934
80821357
87891946
52393441
69340964
47718034
24293585
39116134
2689157
53387398
42550669
27562187
86304133
9738863
43516286
94325
53882744
88247685
44997072
84218782
47055602
7129736
20427993
29476821
70009508
84958216
11561957
7058672
86605679
55292525
78604126
68430580
45319705
97552069
8713476
67361402
90153561
96782054
40588946
99483511
23361081
70512832
85867424
90854258
44249407
15250463
30029271
95706257
79299950
18477093
89054235
72385116
92384691
15882529
58430579
27294435
49953358
89507701
64262627
49833591
10726432
26010547
50965657
12045336
62196714
65066936
46504159
64469755
85135705
84353741
75997333
12348837
86251575
64903948
8483779
48752121
82277317
71875502
64263371
70823079
40505970
17456745
95332087
55742565
78994715
69534549
43860539
3832400
6185883
44907684
54728720
68732394
45224954
29988585
77542580
94173633
53447420
39727191
15446840
93090099
33405845
59692613
6875595
25690976
42024030
96104236
16870401
67978663
51181098
17672425
12898631
57741714
14070462
56495284
88900323
35763633
46874302
95281145
66511161
76462802
5632273
36489606
89747152
19044206
30018728
31823478
65900564
61218574
65025386
40211793
11173255
76577993
34836228
63641916
56654688
26483127
84040759
30172823
2673468
59686078
2976261
98472398
4184710
1863154
29209326
69520437
6439415
80146149
50841585
20283998
24099124
79392781
74202823
19118947
92736734
38459488
99975837
10511795
14989201
77093460
71446659
90659131
9482338
77585324
3792003
53484679
95287921
40415070
54796234
2981261
79424481
55331839
34344072
11883347
19457613
77316140
50644015
83628491
97370488
52723791
39576210
36525729
83177343
36005939
99541098
59460556
76598423
78097025
31443779
28455687
40488069
72173389
59562334
23080747
99588418
94482347
5746436
44011961
34728558
65460631
26428142
4084180
11203367
6361132
98615807
38353625
38388613
14157377
81498017
53169099
29051714
67439600
5834371
99556133
85817559
72523281
6726931
41489680
10523852
60633556
96568743
37105591
50713709
18953739
94023945
32338584
94764956
88446273
65442437
36796852
98186386
30754670
1336619
93525876
23239490
76118159
79425323
61051365
8565598
51607996
7076382
19544698
72126644
74941202
70461896
92368109
27445296
13608632
95870314
47114121
65574094
33544040
70779341
18075120
34640378
58162774
53749505
18296473
30380752
83577465
72647583
19687780
37339165
90807138
94173832
87702564
29824214
1770601
64517041
49249856
21434291
59246107
11277453
35716630
79374824
53254747
5632442
76084419
10170589
17144012
84459459
1665917
95448891
66146739
45693002
4067242
89904321
96509555
24872831
40741306
32303100
41424781
28295159
69021122
74669567
5964112
72283026
93146623
56888566
37631426
68536663
41242864
71923623
47490920
92148284
9875404
38448593
60518782
62083667
28831307
34191688
48544718
91749357
66354119
3694458
75276889
69813244
26730752
27357070
92182664
70841986
40620815
84360249
68007436
93563643
39477387
54516876
84616958
33585563
91947347
91207841
9867762
76173968
18025301
78060881
13379201
29490776
294133
83211044
19553527
39984418
78323130
62568532
6969751
72908758
40707020
93141764
56201704
97799483
20080670
95941850
46655803
47746245
18247388
80560800
62131391
35132667
13255666
36464157
85717049
60447106
55330132
88537089
68063466
92991757
6474031
6693943
56150610
41743221
64422706
3008215
49773959
8674783
35887682
6097709
73372519
6288408
32704718
5755081
41468483
65168237
16665225
92207137
53506451
70117180
51482694
58702188
62344015
63373211
45006882
45580023
17343829
69946795
24099470
40758911
44243827
29670331
19779530
71630861
96481729
701390
16313451
77070442
34850464
81534323
84035200
38630394
4158721
94056632
3555285
35463873
55517321
73272591
17377707
27094604
493832
28092842
22507412
99231130
92134125
26342866
10687040
58806579
12027997
72451680
30619312
39345648
47730967
32322137
6900722
11173201
21972922
28508107
9786209
98785870
22918194
93839635
85714432
69987043
58307036
68315406
14081830
25503654
80101989
81529014
77227568
89912123
17570437
75395383
77806058
44368555
35796069
35756151
77557018
32651683
91186716
2459383
56308412
64544906
30467312
74920035
75905976
76082630
60361311
45223605
71122411
74831783
11493232
71996365
29516135
18169816
94490670
21323099
28800018
83701837
14764532
68492147
63585754
90753621
98792566
63234098
35881069
47117048
33077126
6633118
47296230
6777320
52462075
78598285
71725844
11087250
27099781
35738803
16731748
62666474
92273786
71379874
34601517
13534469
5706151
53425380
72320043
13725061
71004403
94533706
37712394
50084456
52630691
78014118
55018021
53374724
64493783
82658626
15057080
94692626
8964902
69572842
91222309
95601161
10198541
98051719
99855080
69343788
19472832
42662942
62195431
37789250
20069167
50206020
33881196
41689247
2938489
31816008
88150161
40300530
3694858
72255731
51337815
50143517
98961043
1871722
20810236
37364480
65458421
9011975
31567499
95189140
3052517
75003231
97646493
58531170
57293587
37197263
6530828
13178109
10437976
62177447
28495412
60593183
18591197
46464881
5447506
79767308
35707016
57437627
23848619
89688233
60430020
64632990
20740983
12053328
22004845
38920859
75478486
28824247
12462691
41477636
14408167
48610519
37108753
80696936
31878741
48611816
66293591
12796994
81263076
74798161
61591601
330434
30114527
52658359
86775468
36295245
22733914
82329067
61062394
66189250
49823364
8039199
33092566
21333859
7226138
81566438
48431143
30087470
8963404
73842920
30720063
40602364
19974599
87139140
19445575
14438208
45493641
54257412
18480298
18482324
22251947
61541467
77777746
22506319
35841440
64788565
70588048
90337416
98887101
83683755
92437417
63401885
86724718
31108121
79993859
39470430
59314341
13856427
27019296
83206190
54488850
57326811
91351482
26650492
44014240
36018824
94278367
40340120
75114701
70185018
87139784
32096169
21263313
79750261
86863032
63466890
9687266
61233025
65044719
72283924
26723857
26907776
7167862
36913986
70678090
3600748
33648967
18493180
47538536
15833596
65861031
29759711
79188964
56356770
8624884
38388024
29699839
97912229
54449221
95291953
67678194
70734935
9136579
49820075
84802517
26212920
64271978
72549146
32212297
45703904
5830637
37716751
50957409
16725531
74691737
66866419
41927147
30190281
97874803
13623407
76848402
43375880
31293915
52423187
43779854
55342587
4110000
54845131
96167332
20934041
81197720
80977213
60130703
72598118
3274484
94969219
97178649
95693679
8197306
19070142
37974373
78780447
91630776
82593317
84433042
12315024
73019323
29766030
67184647
98229760
48525758
48719217
37320027
9106531
67135410
74513065
11705691
60610125
75987781
54096173
16730707
41076448
31705758
5088569
52566063
38962654
19655592
44432371
12802460
20738377
79301806
8973468
10663161
32892529
25826402
43924845
62463166
40200177
9662073
41249070
98124059
11363158
44315022
76290655
56698946
86257862
50636865
58675166
25775877
13251044
69018010
93565684
3110341
57027739
8191553
71394588
28564811
92156451
19999740
20937429
1271297
57513564
97578779
63426201
42234323
63247283
67430673
29113512
80797271
39672834
13863990
10771104
33475685
60626273
69894495
62034180
9254987
51243786
7909626
38274596
72623201
65867679
19300690
24221552
74999800
38556786
15287748
75932405
61797139
30121429
76608812
9208470
88431492
25413443
10131980
96534948
52817745
5559905
30239327
87740311
72319664
47005378
98459998
1752542
27366902
6492894
66549680
15678172
34391801
37531916
41893700
97395377
65638629
99131621
50869499
88664709
25082206
81746360
48555441
88278046
52839444
6274751
33052943
85869445
37261103
73020529
85414878
95090933
69615786
46244623
48447172
99028311
33745854
17668098
69521343
23108050
43855410
99921977
47155440
8306239
7768287
96979343
91047164
17543257
80192167
4238385
82231356
60797329
82906076
29075863
50735734
63174451
3560215
63888460
4547500
74727684
47134379
98571366
18235327
49772160
56008656
27833338
9078785
53902688
36640319
12287997
55745904
82171880
34282184
22696045
38017804
38172958
13539437
25830707
7747030
41473847
54876488
13047388
21993490
11605441
31188301
86330860
71960858
82757571
33776699
21539937
37314427
51696679
55212161
70308533
54433341
41106684
95997085
82740987
4401878
96408531
44877710
55897584
19681768
72891333
13811107
12388514
18750359
54746015
3868670
55846382
22277393
65201895
55611179
45076650
52005822
3577785
83273959
89136560
53007261
20015300
42541753
19560015
66050489
89428679
47876442
82998693
38739867
29887417
35502630
27214210
32869448
27794642
18470658
86963168
32818619
51612302
14208016
46227571
60105724
17578797
37259451
89802585
3985132
79666890
74078490
40986952
37279142
14405896
96137526
38474795
87827142
94060797
17216488
74786338
35983417
63628092
78043301
27336118
89963492
46928652
63051955
46838112
88240490
28798410
92725404
77337632
27419159
78843028
92171060
35622441
47300480
36957847
48307835
57198626
90020764
57584502
59597434
16097919
93347072
49988830
11368851
6286164
1541560
1890760
88161807
18350563
71212713
66178686
55295570
98511143
15814192
79710319
87042486
61295029
93304185
12797309
88485600
46689265
96686123
67008453
56762750
7228049
29557357
71843136
76833581
42787935
36984229
71160913
26744977
66138479
32016164
25832200
41625985
67270856
5292521
64720257
21147048
9295655
65778605
33752934
99932758
24235236
99356962
53439006
86903343
43770125
51678155
33022735
47082066
42067236
26106709
57994588
72214210
97582628
38444041
30841206
60573143
27077394
2140338
64444546
63416729
14482824
90251323
85371669
98618262
45081852
32668061
92406889
6715561
79415116
2052795
87027958
40612711
60504950
50013457
25479225
12037216
29246133
2513350
81674731
21943170
30912109
13024324
14757319
38349951
13096205
59426515
96309479
47838843
46555340
68412519
1830505
21994246
22102501
15757080
66539796
74185086
80160035
45331072
53523610
79772527
76062978
61548715
73616521
31348613
24648994
53404780
49837137
74368643
15656735
64117978
3916801
96419539
54463565
87186402
91105513
6445616
35913311
38893136
20066061
47194761
74432187
74872279
83439304
47759550
68699735
22839572
26533741
53185151
93675444
11266782
80228098
1140022
14245931
93591164
72164303
75356347
36282269
66217714
8421884
77711201
18518702
84811084
53238782
23287579
12890368
41212016
35611874
87822848
35188354
10171804
81792539
96239595
14038213
69740500
3815588
82167981
45335946
65996412
14755593
2028258
31094154
88899851
68514940
59039023
91667242
8504187
12222700
34588301
69314314
43406278
29005556
49466154
15066031
82549278
62686913
77957783
52707499
40672214
81227866
17689878
45802283
91258786
26940654
92065819
70280534
72083226
81729128
97257280
30528413
60359477
67353897
43083036
82156846
49603380
53443841
51438053
78926712
42877100
87472415
55155825
64882858
25856754
96247907
29451280
15040042
50157493
87725902
83530349
9749359
93902321
24671506
20712780
15966640
26397021
59346523
24819010
58606474
17567585
75123288
37555844
4498923
46068848
33089917
13391100
1822885
72758858
38225417
60706264
18705728
28164961
89589709
42716857
51741968
79899668
30275623
42440935
92420879
8709078
7763482
63464946
19123621
42588496
33331991
68680034
35116686
80269009
43050203
96393122
39290477
15475600
22908448
5593341
18161817
14690181
87091521
28308273
43107935
49417859
22883490
76574566
84727121
47220114
47890748
27048946
68527162
58901480
8222039
83863137
55717234
32807211
94628135
82139591
97480799
68566474
86439702
23204739
90313847
74826708
59586500
67003321
55460308
27290631
16095229
96131751
89854015
88241639
58591049
24618401
66157396
525567
31715319
67218192
65487908
59293190
74352365
14281768
11476799
29159348
22670711
8200640
56178730
31085056
34706107
89918372
25347584
13738688
53803599
4907821
2683569
23544422
50930994
4536895
70714675
21168052
72553184
88611999
19809266
39595401
10840049
25438363
20947102
66368772
76045859
48094539
11396645
91502340
1777694
51662987
11063448
80025545
40636831
54970350
3611124
98815875
4424683
21226308
83801954
18364987
93409795
24504424
43965856
82168078
75031496
57106389
18030631
36562469
7105936
95456727
6604632
32263428
31638662
83203710
89289691
55311751
12395257
20674490
54054717
12187220
58985760
34064009
93626802
85157692
99401223
4067150
35793463
41252226
48660077
51961050
96343953
19223581
63876594
60622811
44162580
98474702
93504844
89239859
70934838
97504787
57118345
525328
3361774
71801003
60706917
8337392
31849082
19570272
6843299
87255520
48817530
65835982
25596515
243850
49537761
8520521
53668884
49785835
52581253
93733848
17001557
99921282
73984367
46539728
28441024
43673999
77333207
69917425
15645108
69587496
31928213
69838735
5960940
27435387
15751339
63810670
1971671
92799788
52837784
54065593
42010944
96276218
97464253
98430774
9853761
30922763
63796567
72196001
18674884
66092143
44641615
19225321
70092252
14303252
52235905
28671203
74043156
53701682
69436776
78577038
3420337
92717642
72756471
27027815
49621989
20807442
15345728
50217829
7023783
13334862
53978595
11475632
81993507
75071786
37494144
30305883
75368106
53645240
11337115
38447148
7209196
76074795
93838431
51974180
57309123
13045527
50725918
85740144
37074097
53680689
29788151
20793385
70959843
95612828
97408744
17777027
52733862
2881026
98173887
72363126
33801438
31071289
87609194
79836796
33004766
13953453
37506880
21014450
83406726
83887580
85790961
13307940
93674660
40168705
14132365
39804017
87164480
22085158
33734238
20707125
39526304
56193131
83933253
10231588
20028319
47740288
40797316
79322022
11642464
82485610
87424690
49950889
34228326
69146164
93455733
89204359
18835372
53180678
89085064
45727408
11485128
18687217
23956049
61867152
97842339
44880765
16340971
70239972
98940692
81657607
94129731
75441000
3135513
19663245
37913557
96487172
31305758
40483381
21727881
87592339
41751742
94783201
97954534
55589964
6941875
45547713
92017175
81709357
13247021
16857241
75446554
35527462
54389976
9735352
7987508
30831125
5171804
53665832
148111
28393435
45625569
2963070
68899155
19560718
98954727
47526832
88724344
38976445
77812676
27706415
15052289
53288093
13661599
94862336
72632070
32204789
85644096
49069554
35255372
98407225
33628930
33470863
5707337
78188570
39709380
84617005
59791356
90962477
84791225
46951617
73705142
23341208
59597348
13196506
99326699
24419393
26111461
56676489
42930279
98299011
39754457
77501614
60614992
25633162
11469861
16352162
38179058
25811293
40586351
24258147
94741454
67586200
87427533
60281929
2465371
64177035
37778747
50643629
76681946
55809634
12792820
10068121
47802691
26077619
79732421
74275644
6234832
8634426
90958876
28606883
28188580
66882503
70296054
76222413
17374578
60375088
37550557
30634666
3780765
58171143
3172136
16506655
83303668
21073720
16192126
24540462
15792355
40247529
91072794
54810496
95085479
46124306
97236680
27884511
39410781
5481072
9381230
3580454
37426721
92008846
23716567
29755965
82532758
32008779
17597875
69220607
80849228
9304691
37599559
1514867
79359652
21979459
69814426
81120057
43385213
37781280
68137893
50933461
59248219
65203595
99981403
47547118
80884680
83269499
43170810
83113652
57058427
42195548
19526448
72786339
84454399
57763961
46960998
41721099
87234868
2723724
73673338
83384988
63756868
43244236
38724611
74492884
88844967
82274175
8194666
78982323
40415848
40033141
61718549
36780315
59271447
45366842
69403159
92542445
8575817
38478086
46814331
38992484
97400511
27343920
31246756
95953914
41606081
27330764
88471948
78336782
3217159
49027961
99103969
87202995
26913613
12678321
47567459
44313959
56214414
90220828
77485628
23301836
85621120
42377216
80311079
3499636
66061667
11957528
4029013
89249690
18413004
12824774
5230675
13562103
3172888
79675950
8756738
73733532
45944948
59686036
35034591
42031033
22131031
94637898
47950199
34853593
23155577
29868470
88488364
64325573
66028099
49924590
38997396
19212178
24009640
92700801
41498294
4828367
91891961
64619865
73962562
66812338
68612260
56953765
90555419
3249576
27310136
69281040
95636305
76535082
46150841
31570612
95785040
40129663
11489270
99195855
55429318
41555319
59426885
35986597
24622977
23983797
16135502
19642443
18431557
44358248
54295247
94261507
73940769
92898112
55607502
49272127
60756441
50612454
37146907
46601685
56765978
44098952
78936722
77389198
50025518
37422966
59667229
36611852
45236420
92536430
89182227
15427088
3826666
85252569
66668538
74039992
52413757
80652400
88122217
6813247
73178835
45532300
80262231
59817077
26901341
70875164
84669489
14359947
79074130
42603678
76104010
93560666
64828730
11225361
8445176
6960727
40497304
24881375
11786254
76365975
43987608
8190853
89057968
42824250
92309206
87306030
1828345
40881400
79793729
14251185
96873172
60046679
94928833
23182885
58684526
348193
12097179
98336315
94283287
47616546
23835000
46358469
70255245
88777010
35389434
45537134
42945940
37826763
12010112
22271561
70529410
34898229
49083448
72952961
5316963
3674704
64302853
75423832
50340385
32613335
48705647
2491016
9176401
724747
84097198
10427915
49649057
44752460
81459170
49076049
61015605
43165271
53830100
72544817
39118863
51310883
50675807
74519635
5576442
34220065
42597770
46211048
65892372
40331930
5437743
49238907
8800269
10121038
22060600
94101995
95739466
26882372
42977663
94507517
58358794
19685711
84621876
32808235
57675989
44382154
95085654
8341630
83401042
56318855
8284467
90452311
16809064
80277278
42478274
82186909
61134452
64446662
75662959
76073173
93830864
60683804
7789081
31830742
56354491
50082341
92455525
17422562
86249025
75327548
25658683
66092483
30123091
64735085
13445623
37771338
18244613
79881568
60830930
25085843
45238013
3365238
98718181
17296565
24881868
56761435
47549350
23490791
38707519
99286598
61231442
22274097
28314338
71794414
39663661
37984765
190986
31458598
52263053
50792266
85387916
52269731
25150601
86827757
56025527
56332400
94700188
11960969
9033294
3262334
56399099
66556553
56011422
51840961
90783164
36388560
93185253
41149803
66702254
62415150
26538713
33132511
90055670
99552509
70657284
40015323
50351323
15318893
72053394
37361095
82904671
81857592
67413561
98932149
72439049
40476030
10537573
46049362
91208145
19291431
23167531
61203351
10258238
354052
14821764
98817857
98754214
86115221
89854383
99723788
8200214
29649667
58199195
56445257
64820881
51778586
6737792
56418589
18447326
83679273
43327864
17032037
85304293
88847030
62961555
6306782
21945820
55154665
72835738
22999138
76700127
16947818
13997726
25678156
52959190
62403403
85178242
23002933
77848776
11417723
89076479
16040673
32564468
78305002
96868977
29216922
43873927
20604643
18265038
78589505
95286537
51748435
52620603
84586068
69519350
85404812
69629077
99428373
84009832
19433272
20065175
77528069
56752231
19024432
69534371
13056979
49249266
8787839
18975270
19751106
19866178
60918177
16405754
57597459
99586653
35826636
53120552
61307793
29063454
17010863
72190697
74014326
66192929
59668797
50679879
99661522
60257439
23512471
19933391
7584767
79092616
15039092
8560209
12872940
1885548
57600689
60886703
192135
86113788
76183620
52870665
16315102
51125059
10752324
37458123
32307717
22019428
84246054
95801123
18364248
46107676
45418723
99118739
51722027
60530703
66385685
36459418
42054507
43356504
5538820
8689021
44135829
43117295
38980428
2751001
35778287
30877426
2917872
86913764
20163789
1625828
86837051
3984412
87550547
87998060
25530062
1360787
47200433
98703500
98959738
23261918
24442800
42651189
97258546
87084619
56314963
20186390
89676459
18531065
65525452
21897696
4631331
4693754
33293639
61129337
88750397
93674893
4642856
12486747
48828657
62893805
80030810
12087398
71430412
91911369
15597203
79747514
79502361
28846784
50242871
52415051
13264878
37565881
47117725
69582848
75827803
34555449
91232192
2029566
10769816
14358807
95305179
28188433
65027484
64733600
42765068
85913078
27807920
63610197
86109400
68908885
52356845
79766117
5887611
97793778
21657922
14106033
55687184
25471354
79249207
49329346
45837600
7184216
33903688
36326767
98278220
97300751
21601978
90345845
14702858
32970211
16550352
6314723
63903430
66960878
3212135
83869342
44737897
6251527
57554814
53057421
76046353
39651664
54135915
50732709
33144344
43250243
4303344
62849620
19648057
20707722
99250511
43444351
2886115
42135995
18908228
21762477
12886262
8466
55431931
64709877
71649520
61041542
28792235
84078223
49820951
58045555
53509793
94578365
87341864
54545347
42872253
50065238
57019480
56359472
35885141
24399653
35230227
86623992
43974546
96804944
40142484
61118282
92640605
66816150
13714659
63334533
72848858
50486439
9986590
55204072
43948011
9138552
19301743
28812511
82856267
67504245
86432672
72838603
44427783
35744362
48225821
66945240
1537358
32877016
29621035
44686632
91650455
71529877
53908517
82140270
34191760
68446334
66617787
90924887
21144673
24782821
94301588
32211720
93577291
60406675
77884845
64209475
88637529
17926490
78712163
29839654
50373676
34310266
42825383
59420288
23009737
3460929
56251532
15611866
10804880
87752835
28609684
81640189
59874779
91466155
41205282
43033556
35085019
86417316
40066662
15139488
21227260
20961607
24233815
74164903
68783322
85974304
24881437
33300409
27508907
52948110
63776272
94596154
55915049
15660687
52114743
17970812
89842946
78368817
94395630
71751895
42445219
57016651
63912772
61671452
40777440
50540755
85940430
42664793
61497391
21110004
74633432
27000822
68922962
23225596
71462703
57053097
23072888
57511948
11405134
79758343
33163875
40462235
35103445
83260743
97549455
62268631
95497002
28036825
66762615
51801699
77881905
96506871
39186302
18453770
77098804
24630497
66737048
84928573
46375623
20771039
82376764
50120952
70529052
42770228
13169356
8164276
71150116
94789002
53009546
43758216
33479882
84298837
44937972
80432488
20595250
20617788
81086737
18204714
80920307
27113368
58176632
36892557
31340795
59137094
40696466
10391960
61231681
39874383
87216145
65905093
35452799
84369909
76786181
65870867
30404112
42824869
66540663
49692081
22575830
37221744
30062206
7995978
80813246
45099827
38776364
30224322
39755888
98010308
67506688
61869728
67764130
76881673
930420
33896292
44434436
6179046
95484400
23906847
72809926
82912169
7122158
33218921
72521333
36765081
1636608
77743649
8035289
81832107
95580868
6372983
57963644
26011662
43972846
64807607
25426992
93167275
6879217
16039606
63450541
47976020
39837546
28529584
40062627
36042562
91396733
38155490
70683843
48987675
29229078
64725239
79756824
66840802
9725186
15643456
94037079
76015909
43754882
88585718
11656492
48604751
12722285
98186764
5774197
47180453
98395236
84065811
96495198
48236148
81945054
34485874
64603531
63760673
61793065
1803421
28819002
5595591
96396123
955435
21602799
60820524
23356675
49543871
92273114
95777696
17738837
55617439
33074508
70764627
12259195
386271
89006519
43652881
47025991
44216371
81614894
91661784
95811128
39879250
29693060
15792764
38367531
29508058
21516242
52496361
25328010
5491864
34308219
96921938
54921739
80729389
46515648
74228322
97340794
47908176
39251691
6385179
97383945
19053070
35165386
67828622
66862534
96308293
57914705
99041340
96195978
17881208
74393092
28248847
67214749
43341280
81714031
50994739
29933650
52951666
78667815
70565162
88027635
76526541
24368398
38194040
58394160
69732967
77608640
36269726
35319497
99475621
49098362
84746149
93470608
7033465
93849005
87155125
43212235
49484626
45950355
58588719
11362091
79642601
99515267
7707043
24987836
7952801
5476453
22732759
1948098
96970058
11392442
98651189
30568998
1173017
22086050
345722
71200075
98321557
28118648
39595740
58638145
25604479
32789958
27399233
56677310
39700350
78055519
12121873
34616617
42678099
82820722
62701264
24681315
44769323
98065471
62156765
35340002
25389714
17733899
27066993
33716131
9263672
17900648
96256204
44096570
29572442
45340310
93288819
34584603
35343074
49311209
47974074
26280824
34676954
89676435
55043417
66939788
55683219
12555693
43779406
53055263
23219103
58277068
58177492
53000552
7727373
29762528
31607653
44969629
39758291
66358206
56380905
83714243
70592533
87317127
3796431
69387742
98986185
89786055
57542815
61466035
62224956
36596090
74492442
59625967
10376645
17287439
20704294
50427623
77574014
21772476
69139521
37794964
33088880
90512814
88620029
90463399
16674965
11289056
61479600
65916847
11945787
70936888
86216363
13569968
95363049
59649516
20629960
60445713
84015892
1020230
67732394
1957127
37107705
22586884
89065219
37510039
75630161
94366060
90932019
53216147
19678961
26402596
24427211
23752810
14662213
57798090
55727866
68509486
73273845
36877454
17909886
89325561
41501196
22578230
76648344
18797381
37442468
76077390
86081664
69558079
79364922
90408162
77947399
40419798
20007339
3369185
66982533
32683105
39042389
437455
35673747
18024148
49539204
19712307
44045953
30277316
59018218
70095978
19904825
40180187
49804055
22393828
40053056
3435692
71702350
8145737
10577293
91510801
19164781
49561029
77275174
91117981
57823201
87975458
22119863
9783610
58754012
92343967
1701200
55119545
16199165
39405966
26051152
20983014
98931390
14457017
17315168
92093701
37699956
31751182
89535987
68151119
43049381
51168526
50870491
95023273
24995949
35879836
78536267
57160314
38522751
1626929
55104919
30785508
56143686
47844297
30001502
86849869
99231229
42657848
7201929
97283382
16768463
85550949
42055957
64935433
48264971
52936446
96933231
54021878
75961951
1229049
75142530
24211641
36050719
16459157
47938272
14062668
86547004
58643737
48284867
23645115
16074238
57811866
31847008
18920970
49174745
1445836
4161904
50423985
84137568
70903318
54279910
22354121
90499582
65844777
16599144
97124511
56044002
77069446
38932259
7293447
87434957
99256967
68857935
16895654
25533680
39550859
8968685
63511679
93844228
46184861
77851068
73459417
67551623
34718092
58872411
13434640
61544153
24810838
7072960
94752909
1001689
67985168
46582744
62587505
43467041
56467234
69145576
41139493
81949301
47268981
26569044
38414084
47282462
97176114
58179502
23780312
15179203
71652016
419594
69788599
38331577
7776820
94862928
80275244
14488955
26951004
95838839
31357157
86413374
93347385
56573661
7096231
62908439
58883202
93981917
47962451
12596817
33714383
7332423
93455175
41209141
52318218
13277285
897169
3183300
66595459
36872594
80385725
74786973
2784676
99388426
70025164
8194968
52952801
25820098
60596469
98253525
7198994
23010330
51651824
15033182
6751870
39205258
17173693
39667657
36643445
98979313
89751842
51973854
93131270
93480921
36804653
132999
84775335
59421317
76857439
18304061
84207961
63740780
71596144
23347362
89571869
68791923
44068487
50723358
85577299
94933768
40128576
15578996
83545037
78624686
84662955
6916404
76903255
85089556
99260466
30937129
56210220
9751889
49414220
92821826
5158874
25493114
73798750
37493100
31066638
36001012
47232946
59302016
35262594
30249487
47961346
7444959
30366707
66640471
78201206
72224517
98071728
48242023
65137610
22966413
11349229
11875711
76154846
37150143
84477666
29290976
9625123
59898290
98164386
61466504
76670480
64394178
30140195
9405641
15633862
99700898
14200264
68484221
76104955
57314813
81600989
76673361
254666
81846917
81402926
25661376
39979139
52133351
14947441
96804926
79326767
72266616
75598885
7986728
93424203
40792572
12879341
58079247
21596936
53863114
72695283
30059944
97064447
84747063
35301604
88742907
81817419
62943639
88826636
91215698
43210995
43048366
95928904
52473060
7955853
65755785
41017622
20500042
36490581
60179791
90844630
60473647
21342018
75892363
99358295
33436118
6889212
78958028
71766003
83456418
10392711
53168455
11391274
85078676
59186055
87329576
6380320
88257704
84618967
96576061
4415328
58413499
83558454
10401841
73511586
30559797
3210701
98020114
95122003
99642906
9415682
72868151
88864965
27099024
6618796
79376045
12045846
91670552
36182536
84965016
26451009
47621414
28858313
50528604
32896573
92415276
65202493
77958669
28814999
36182242
12607489
44920537
67438136
59786815
14171486
34757570
37099834
63536469
40806890
29247119
50586179
25961835
86176956
33254151
9149673
22537999
29999046
75536671
60950675
48180187
16284683
60220578
35868650
20992081
35712138
52459167
96257078
7808109
40006824
93207016
1965376
70942903
64255431
44381310
57650047
73374007
73861030
12006053
66811010
27434355
13278919
3022296
29205813
79140949
72620670
59358360
57433350
82212374
87361300
89178470
72692159
17092002
68316868
52042843
86962387
73035277
56141613
93407499
92371243
72331614
10406209
61445900
83411339
8641098
80791484
67966372
99034038
70069894
27380251
7700967
48828310
72346475
59940988
15255237
42394023
39200226
51386399
73251702
12181404
89367275
42477148
51088831
72333159
74016704
99044467
20668444
39126579
21422833
32882041
25649948
72264146
83342635
84163465
66173121
13187793
71932040
44392799
4811141
1744152
35883289
56650661
24050652
63186383
34673830
88331151
60939012
88105481
861524
21934803
67006597
39950270
18792667
317981
73060883
40963029
89348852
9239645
77067414
22086636
71658339
34944956
5451885
69288487
24541041
52153950
10208833
51737966
30120615
15202235
76749100
16460125
20105320
37335952
64719251
88433674
8463271
42071771
92377039
56628271
27159447
13387765
92764540
28729833
91367012
42961094
52998736
26983893
13738629
15251758
93043084
13916443
57725523
54918880
66578901
26966044
35979602
17735688
75668408
96159076
35925858
82763745
75424171
73266330
21921466
84419262
55771939
67559342
86257020
60003047
2557736
46796930
33825983
64859503
78082656
5088681
29978994
61395300
36597617
72285270
28951643
58917526
41694332
17846214
17807686
34924419
94524392
36033411
55813666
54999307
83162964
48701750
33801543
36345333
99186834
10305366
14485842
63010326
38634812
45577218
63581275
84081529
58268653
45059777
30837520
85320118
67882819
83882145
18243614
15697934
26760593
22993254
88891360
8068467
7564322
98528270
53602442
48274304
84785198
65789862
15752534
26115008
65671101
48528082
90211213
60091738
66362191
3710011
3991766
79416038
13622693
58747748
42018973
85882862
87265616
76755048
76795798
91298520
39879866
55596521
30708667
94377768
4519413
84306507
48077074
46964659
25566727
10497980
78130213
82003455
77441879
55512220
63722072
2628013
69140178
56878099
27625671
10034715
50790365
41949942
22160610
26941428
4767238
15439116
56341077
23458265
57519160
24499170
77956951
60770663
41507168
5793304
8257838
74646897
5423465
6710720
81175161
88885902
55087770
70814858
36712652
14085818
30345934
30330290
66550532
86837348
24646804
32942802
61600670
92798410
9926385
97908617
73452082
92673800
8695570
64931200
85324400
21858959
52938980
44147069
61466120
53920114
76819104
85307410
26264869
25308836
35280254
31112159
39917751
26073445
37544201
5785365
18198028
20630149
38331256
77572373
79599670
57553125
66305593
38711817
45884717
35627160
39078321
3341518
52802070
19408156
56647700
65395585
47879096
26147594
46884047
47122480
2628667
96680680
10865498
34422886
42510061
63631967
79979139
83894841
84922628
66064676
26764741
47809224
46882691
23463230
91450022
21537497
39694691
15350650
60970048
6816165
9171268
33795807
24286867
2502497
975297
23969201
58680859
49951960
64426034
13839029
38809610
67220262
75975722
69862434
94681142
42482987
91850075
85106724
54347794
91001730
91589936
56458016
90300912
84322349
61581031
80060694
56638931
64913296
13950737
20292582
81772178
61802647
27402526
4243258
59944760
90480147
82858479
40526024
38049155
18865112
2047576
90634483
43286093
67492509
72963475
16073299
25599017
46487262
15118264
36752873
97250817
6695610
12613504
16407814
3792033
73670443
87187619
3636520
58166096
12811065
75264882
47934854
61841210
27200141
9030731
98298094
21853043
21677898
84524435
32153752
59895820
16567843
48423701
9218669
57766545
57696090
43239588
44276212
11740092
25256173
77594021
14127575
10598293
7025458
25613311
6747234
49923688
99102609
33904624
94943921
89275533
79311636
57012588
41076668
48495843
26140680
22412632
8132704
97787969
79467904
89701243
27758095
3556994
66651640
98242109
55844618
23374933
86581665
13131329
98592073
25166236
37495412
455206
84620417
4233663
34567531
19961221
54602204
16226706
85462912
51169538
75020975
92338015
96486581
19819803
44595173
72054802
32304992
11276071
70624322
22173473
91214185
51781253
99939388
12129372
2356200
7582944
23713587
91340917
29754599
45331381
87748258
55741994
16088471
68559358
39642614
65767579
35684830
26117885
24915877
63738892
25319792
19475634
55034408
10973078
31284457
33506253
81138156
39798434
14980002
78500782
58977801
14143004
65532301
19837244
90468617
72768015
9577862
92813669
47786029
93633064
55378864
45200462
37118076
1809733
33305509
2705876
88613300
10640323
33753317
79051354
95020467
38844618
70895732
99805379
11545488
39822253
4917639
43358338
94338127
20318611
98337748
82079170
95299130
34865935
15129882
61428445
12577728
77950914
23386512
9963552
54923373
97959314
73240254
54039211
24024767
41137525
58610830
78785768
98851053
99469050
68420456
35606822
23889644
16173596
62738856
80882806
3533542
30794265
85197452
71052802
93849533
19079828
43221399
83622174
60594009
35281171
71755915
96050593
36093637
26937372
61772515
85693199
79841630
50085281
76626097
8400035
70353536
62189053
28260637
93038473
93474409
19278811
17532915
81495164
83473900
69378685
36318859
56800483
66310279
55739101
69297600
7526161
13786178
22217950
38116746
64721889
90231475
30759443
99617619
53753835
43760202
44307437
9749668
66178043
38331159
37330110
86213446
54582114
27239375
98494212
98111484
54615262
64642334
36840781
12818616
960979
53799293
98221297
39937431
75454148
59000891
19547680
12503720
56867892
891931
46046614
14094998
95022135
4427017
63769876
91092317
1433296
75816235
54639202
97787766
76652736
14327796
51572939
71906667
75201958
99173227
42676194
84669561
22309593
61850553
34563231
92143818
87626461
88506887
14860872
21895064
66507274
9064133
39671337
59286012
65132622
76434490
47223135
40135587
53958055
73914123
71855929
62599936
75311999
98676221
28596529
59738236
72387788
97768788
63889741
76100061
62613606
54663889
28672974
59691795
99812968
40629142
79157236
40022034
24571299
47459683
24381538
68956818
13862231
92620559
16052329
97884234
52546447
62816858
3500897
39277611
44997881
8706710
1224507
36285826
74631101
16235430
86218727
65744697
59612148
36833821
31481528
27311849
89066392
49523630
46246388
28075431
83536781
9546236
40792435
76559914
21411137
92547309
48885417
92748293
50801135
63449915
21002860
58638537
53561935
668855
40385019
58496015
83518102
71985126
5799095
25573103
91905821
1197685
74337532
9163856
36336549
86296593
63685419
56162050
13881568
25899486
24171222
43620521
85439560
70628561
60502970
99970190
93830997
45199136
27139569
88155519
70486146
21438803
66748189
86741561
87551116
95335113
33546536
1794958
24613060
51473958
27317071
16196788
86421170
11701709
44096517
87161375
51708047
46174034
94007035
74077974
17935392
84723056
32309708
34666168
13910842
91469876
69220911
13613090
19168427
62978332
19846387
86591639
3920728
3392411
19143718
43221611
32982572
38821201
41690454
21782841
65095737
50390121
83956984
46947365
30592006
56277214
29577179
62877116
57760444
98473318
14598348
44733865
85945273
58048787
77427124
56096923
13268049
76163860
18355634
47263774
18111466
55856880
56887342
85896039
69767447
95095688
98643630
12495576
98349014
17487331
88693650
83638967
15067809
84628787
93259672
87038526
7644400
39311266
50548410
67859866
81287021
80794573
31776855
40159524
62444968
78473690
98982706
97474353
86980532
43499894
98061837
67423901
90782079
23870955
89148043
56702083
40480857
33270519
20193080
6992671
48507557
44221074
22745704
63462805
58440992
12959495
63113657
25371906
46986339
79535968
50304793
9852764
46176378
97961831
54378856
29814455
97745728
58538643
94493322
16938526
6385590
14529000
86712780
79214352
94244695
29681176
28644042
3480786
91537418
26622782
89558005
86042127
70336919
67156584
3846999
17198294
53717669
83970039
58445810
67453058
13227058
48014277
82258090
79468460
88666063
88981681
83231538
62546749
2568934
72713436
9621092
98376508
68604362
16035250
11852516
79619016
83661968
69479896
41207252
10306690
1986274
73305535
36827742
907921
24450613
44492769
30251784
5904409
45228584
27410999
44253727
97846420
40189824
16952910
30678976
89601461
73592261
50284132
41710496
21740073
52667260
17425857
36488445
23996645
93077191
89252774
2925868
61196898
12675290
42969271
16588734
27502443
44216757
95773706
65292392
6558995
21991777
30116674
35411739
69323413
17277733
37711965
84353193
16347431
65004971
80905015
30200664
66535564
76436889
65202303
9283702
14085028
26368240
51917611
83686632
35635583
30494278
210065
69362831
61861784
64545403
24284425
41454653
23904624
16295765
88973717
25865845
56347430
27968031
18349362
59950719
78579729
87949183
3247553
2361944
40911861
59761319
62312381
7388687
72309229
26906892
10096288
63645531
46398810
34403088
59907384
60558013
90469956
11047916
60076623
18890156
15068126
23901853
40244314
68437999
59369582
53591776
55000038
67945161
21408655
82921672
49781238
64075790
10798437
48820903
8682264
48190756
18474615
35045724
92709523
95326497
8905549
70015058
48465477
1341200
36060
4595092
99809772
17214471
92548832
67610009
60052931
23900111
26148107
45843304
83116124
44176713
174928
92653502
7288642
78226003
18900518
46701703
52144598
3000852
64886239
9518590
89900579
82256911
31521863
98737269
69867422
36867173
43378663
65608144
97814738
25881544
84080320
22912839
48415035
65758434
64202008
52614039
30209933
33329688
13484730
11067401
64784353
46385180
44837861
40432433
35247902
44055116
51063274
35268667
38950785
18358754
41854755
23898504
40948457
4074900
92965703
80517279
43765440
47124982
33836614
36322983
5335517
13377496
54419014
35677043
52719526
9907043
91500124
62944710
51506218
55235648
72275454
56195086
29339882
37592867
78497107
68717195
99318446
55568617
25228282
20886447
14356793
37285278
56607909
75021238
35362858
94473602
61038740
46831631
89024225
30371285
20025301
25285631
43366736
64458570
4409774
95177363
58267367
31547166
90783652
37462114
96484466
54613672
65911067
62051196
51558109
76626420
32563092
15531422
33827678
3285386
26045327
51494144
70103542
1849116
34297767
98547376
34506789
40769529
65494918
2441283
49864281
96138678
46415413
63908257
21957764
73862929
85975247
27542140
39945036
88952785
99521807
80783155
52927861
11321774
69672336
10818770
39820909
9245188
68334091
29788806
90872670
27872694
38114508
22511777
18220610
91549999
13654351
5877111
49196931
12664703
9904423
82953289
30690383
90931306
72883956
48218003
61211652
58665829
47520144
37209749
23977961
53474081
58304569
73266699
92692122
75286746
64789152
37285549
91610565
99397930
30234432
48455891
63243678
43483399
16433480
85407597
36431885
72972074
21841486
68606313
19858578
2608331
80119833
1566387
24512464
45675689
47441046
50540316
5750992
45452542
22996469
71509100
81440464
54662796
23998880
58774841
53518648
95559599
89142115
13199687
26710633
36593591
56733902
42747115
96535335
20506183
78936452
15318076
28925217
11527124
44497693
76655025
25983695
16448162
11801046
29019764
57795605
61032420
67310449
32139984
14340518
36874795
59776205
13673299
18412777
76568746
28991700
2188808
88412617
50946985
13089056
88640944
38311240
53445159
38909948
26215733
62586919
58270640
50542823
37695252
12620989
94013354
6207831
61133840
50782465
47151510
78130032
66163343
63299478
37711672
26926911
63411441
39274235
74564681
19635563
15372054
18719685
38205491
94270260
76746186
28273716
75496259
84579392
39053296
94125795
5806102
94613305
90453562
16843096
65594845
35661779
4977999
88737209
59838684
86170360
13110229
35719818
74258642
54128138
57798426
42032978
1851758
30975394
28103614
59334031
15050464
34051194
83127169
32598127
38067435
87819805
18188410
70365548
85728173
47961831
81354327
77236829
61696591
94992961
57815742
31275082
55112965
85591433
68998264
26038401
98397124
89301655
64810050
41553769
19844777
48878930
12899809
17765029
77172353
74552779
6825562
60005436
17997475
5718137
65967824
24483599
69087594
55700300
28671993
78048992
43506068
11262456
32735497
2156454
83848345
97602056
37259913
16569896
4165698
12933546
44367327
77068088
52381088
80482272
29777903
19041541
60667929
78953341
15315922
89664164
86044492
94979061
82520612
95667885
52867632
52901329
23796871
53895236
40059836
69090619
16100801
67534843
56549070
48297227
67872607
11724099
34672356
69993006
14996667
21029628
46688374
89619544
98800734
40032165
42255887
2999849
74686857
21514323
49847220
49839568
89287328
11294350
75054055
46174159
15340248
55213007
69074688
77355678
36345151
11007485
72984776
37761875
73588557
66703879
26347461
13487791
98974996
66329736
85982349
77449307
71642124
30240684
66247525
15568229
17653537
21680280
43502305
48471476
62829907
49152225
58683537
77071732
86338696
38334418
49158600
21520580
25936906
88560015
12283323
93376616
61087580
8058932
35682862
57332033
45240216
23515047
21609892
7709452
32569538
37750655
22635607
85446855
2889611
26803045
86318640
67776336
42507827
54731867
52916258
70549832
54873384
89475096
59783618
3159276
84777597
27879650
8761146
59911302
25711825
45058024
56740493
41562889
52258139
96535631
85690798
50218909
40539401
70259574
25561451
35189834
69284755
30212592
21061806
54806029
93804577
43250057
37365728
87340782
76646144
28054054
54564089
97856890
41021308
95231738
91946069
55695574
23239978
54958375
62737713
74497936
98901502
17683091
43694946
55496393
77093514
30324248
37410861
37970162
12220059
10347868
19500893
96057359
62482401
32932945
38453828
97798193
79028373
4042742
15432780
76780369
32447130
27065023
24116277
50952819
47184519
84539959
23755893
70907145
92943947
36543517
35595257
37929673
79412018
87978334
83006599
78551775
87109914
79469620
66921368
94564795
13114596
52249381
39946543
12381820
24915940
81080190
34150432
56829561
84913223
83327690
58052043
68301023
22881630
57397189
35668202
5715252
25822754
86351954
29501191
98051640
52644414
71133039
86389526
61535795
93088336
90777147
36901383
52296024
58852256
65439419
6840207
31603399
62558155
1554746
28073935
72925108
68113106
79221904
56288779
32427540
67644289
72997784
63132650
73497353
67091706
39927521
54609032
27225819
21204518
18809089
2043328
68215661
74113317
78898604
82355952
71214965
81442850
18826533
48804699
49705536
1949321
67828037
15340064
2203168
83714355
31233530
98668729
3448651
4605115
63434508
65666383
18032417
6283164
82004712
49422567
84042114
15214306
17172490
4304877
8347641
38218095
98290265
3009682
44627976
3789944
7455718
43401507
57363793
5147802
7852045
11842977
23583262
83780388
63038171
89906142
40904921
72484025
66119882
30915020
25139192
22193047
91448818
29825373
16881152
52446121
91737137
80364406
24931829
70414166
16128831
5546057
95982251
98173586
38083093
75201378
94781558
32776693
15335483
9811263
45673804
39764384
46451690
69454796
14050097
1742203
41001174
69883984
56059781
95453086
11223940
36646231
28560257
36050037
24238731
24014764
56637729
20304751
1376783
32285182
31115211
86750415
13670997
95426452
43351642
40345582
23007881
75449918
16243290
6007885
13293104
13328241
68140255
5030692
88075616
54140868
46989722
4675473
69529761
14769050
13372528
7209861
22941999
34927505
84956936
16677747
76064269
60138920
46467578
20511854
38863014
90331138
25648724
35644312
50330422
68220228
43680401
63071393
83768481
2952976
75286881
64752605
73127695
15535622
89772103
38764791
39540303
88922582
68428919
90296571
42370486
17808204
30961234
6009680
22439656
6631797
33458657
22089365
84190574
16514851
6419943
54351685
85294888
9991460
16032281
13724422
99650750
71655649
61240685
70699671
76390497
87752400
13511130
50084771
6254650
70074145
93692934
22615338
42039789
39785899
99777467
13486870
48553073
11710514
26320484
7785515
82561844
35934378
74680466
84017064
77371837
94872800
50901369
46525269
5974046
78223650
97777532
45568969
22831535
62921388
80053884
98073189
26459423
89477133
61886649
28150435
48163718
43504940
42716153
49693871
68123370
20088209
37036374
89029978
30964552
9319534
74987483
94856447
71127828
21291271
79663866
2880831
41287966
51315132
29847532
94414889
731730
51161530
88758285
96178204
92695443
19072484
39660317
12391371
10708742
27267693
37429936
1401672
75899013
27533548
22130339
2573129
99204270
77829908
51356980
80430043
79699570
65378482
77602468
79421161
85398710
54631725
82671602
33730911
35402546
74332199
49908134
72927539
70925735
3512352
63928708
61860151
90737665
42936091
22622277
7486753
24056711
43631297
63833243
73175147
15016999
72760947
86530813
6517693
98151864
17921698
34941143
54122657
26221708
73547703
29492760
36012606
513526
3310888
93714438
89186699
32709019
8271188
3757742
85946259
46703726
91731212
49240592
3115578
18062174
97215181
40499547
32823817
25896196
1319917
79213550
94932468
43205854
7119952
40234969
9962429
72549611
65668637
22911524
13277237
76067909
56168681
70245093
32673251
59058634
61058951
31705843
55527485
32367880
73720478
5467396
90345008
40837809
66644742
75591806
95556107
41901293
63688220
99489325
34534382
45035942
3213685
38162013
85775906
50298016
66429844
47889997
16700116
9709299
72700090
55924398
56050213
92798474
19955989
5082240
92484298
23438395
82754734
9831891
72658665
37179097
9187460
68491335
52421478
54348678
58244702
50051229
37371283
72262664
84220041
50664960
57882976
71895978
3055925
70109011
41363688
41823708
74547931
40811356
79049134
32577269
53866250
45033829
81443715
74771089
58413687
32068057
82218846
37273582
2414430
44144166
23698525
71028093
97922853
38317335
654605
49557955
14370490
5011612
91232549
15464855
14585957
65339049
96203998
29277434
48344995
95240046
83462555
43163292
64611969
54416992
41455503
67850247
57349557
60136737
99408436
35552336
51742679
96255853
23755643
79572978
6797208
43333993
8306127
58353945
41821973
84489069
49933864
67885001
79768702
39758588
64241758
85974132
5364378
7552987
69904049
54060766
93076846
41712785
86392877
59507376
9236321
75126683
8998464
52278342
30044078
40775435
82031809
64925013
3889940
54698587
21456273
93238741
85992716
44207748
47042537
16582701
63752345
50200012
60633859
90393541
97803473
57109331
50031768
82978777
81193608
13055189
81134629
15414146
53780593
6729176
33518815
12499490
15090260
48862996
56554449
79031254
17417076
49161674
95095193
47246301
56321817
5742386
18640917
68982747
80200394
57085985
89240789
28957320
93563113
58097234
2157781
73653653
11370159
68744688
50286196
68199755
12701331
19669936
87767623
3492539
58931458
16645031
64056271
16376814
50450972
72974774
40828274
47919190
22633800
4749054
24617248
44955644
89137393
24095243
32741748
11524422
73938240
62336260
90877416
30415288
38720347
1950338
56517912
54667882
77137592
15784759
67843316
312051
51247224
40246145
54555285
92409595
77122031
49818357
20087922
41409447
77777149
89208255
92970327
14438509
92657731
25673077
55500680
51385542
87716941
35774906
70816069
196379
51149983
99721850
3521986
73673887
40524731
85964148
80604201
14480497
21309383
14864214
36979193
99245015
49769032
93171694
190017
74758843
27370649
53528325
35882513
71026983
52170874
34499173
18109019
61366923
73126453
43323832
37007910
39103633
80380252
7839611
72159768
3408678
75997420
59854766
97612750
68367503
39941470
7904766
56362591
65598226
76192245
19805201
73509076
90721965
24660586
20383197
24600796
63730598
32907284
89038538
13413143
20504069
57070969
5634897
81001754
91294869
58446718
19370877
53548915
50513672
83989113
87936366
93262586
77648286
83454403
14147238
78709070
33118241
59807467
84703434
54131070
86625033
83624932
42507612
71626170
51907744
68007224
32135568
41280961
45692747
87459567
16067592
12000238
75087782
25046253
43426070
76743936
76998721
7227465
80497969
49667400
36840164
25071698
43363321
53693925
63845086
32221444
68835721
24020633
77104197
92225868
84458791
60605417
45008994
78700654
73674351
69531601
58827431
56659127
75183390
24547956
73891995
17826330
77566149
88688409
29616796
48560435
66274310
61308973
2710288
83185792
61781127
64409973
98940819
23198213
99466151
79970363
66582848
38536826
50544158
36647925
92363366
27994704
36351373
7341148
93894426
78783403
20869312
44717112
73284178
57383637
4579853
26455081
47493348
36761563
81813677
97796315
16998787
1860588
15862181
99512769
77065008
40268738
63901758
50673931
36212303
97475068
1470024
86329631
99058884
97094639
94533258
97158922
71053730
37025848
91292889
59607896
9803579
66696888
49560412
78093901
57469532
61903144
36657593
44978700
17810349
60263461
60435932
89153994
55608909
57934215
33224055
28683848
89463114
5745574
6424847
21795780
91904589
71202539
16158701
31897640
47189380
48614562
14045709
12665340
40763290
24436630
44129177
11818275
66806884
61695577
61943852
36528032
45963358
97509757
55381473
60025688
3971990
94690731
39422736
19356535
92966103
40964225
43459632
15667529
510302
36449419
4798640
32693284
55337314
82489292
31115509
85088581
51180177
82881340
81824668
73115135
60140540
66782972
51368657
18884329
10240994
69171616
34171089
29768124
53115967
99640647
56779075
91715118
45005632
17148116
87434287
26353577
17472767
2581697
78084848
32595305
9949992
28009450
8977097
92256123
83623387
30136116
71513437
37887489
47491270
60005347
79390798
5320598
28630829
94723260
45677610
5555602
18323266
93768345
89440913
42208763
50686610
52929132
52244813
61404016
6295696
27613667
6511297
78845137
15401813
10553803
90404127
97177113
31121227
8997700
67491918
69819531
8496153
87413811
68836000
20776386
94578427
99719903
634452
51650995
72673019
56748817
80539488
63312904
81077865
54880138
4657042
82066207
23399214
57264854
92134327
73987998
18895343
6510483
60653138
80022987
92437595
61734580
14057692
53133988
66328657
64867724
93769438
10529906
52390148
31323455
31060240
93322689
37091782
7936139
28265007
13610454
11193000
15098758
36165154
98401583
18762493
18015047
66379067
92536212
2810884
28884808
49754876
55052733
23174739
40984697
18695129
66763844
34408790
47641769
31727677
45095604
2744959
92608825
92963103
2550129
87809382
61109622
41730734
75461815
1278216
69194058
1847631
75085864
8622527
65906340
63836894
25918283
76160278
66214929
33025674
36384542
45072247
36706475
52321131
19255999
13636693
86053687
81048032
75106539
17946820
69236775
36083377
77984026
14628949
58042540
24144682
55041959
87521511
34454305
57310712
75114336
53566779
14667856
67715140
65460046
4251516
33007295
63096888
88161505
90995547
63706536
14049923
3500312
6145293
1260413
38589524
69186085
78885991
62479626
59197269
6896314
6053790
51630046
59096195
69530948
72958541
57084580
60971790
77227517
37868513
30210659
31761629
71195112
74549959
74131188
91922942
7369408
52185376
28043680
27669369
44002127
84751286
8591252
36775439
80449372
81444699
84400004
64455447
35815418
24899735
64674819
22888492
85757620
35146705
21857076
4817636
48481157
18159130
17305040
94157082
72826430
9866966
32788424
1734715
1238408
19444624
4183532
33152125
87935440
98986741
81237941
15172416
19438836
93344910
95063233
24134378
52860016
99282063
86145016
99594226
50075048
97646318
68237638
80203997
96405765
48485984
11245601
92549755
62781708
28413782
11699042
12604018
89869619
10678892
31944726
50598126
29694438
38491527
28464137
10909933
3103118
63945531
97207620
41820903
11862380
63701971
78395727
48069302
37635653
89897629
34245105
30743674
65012874
64777758
33313006
23531279
42503088
85529855
44293722
48065793
70436168
92105757
21121743
56304540
9319086
96489191
40626947
24208182
9693180
16884675
3311690
57853991
61397214
63851384
77733495
98352402
66699929
97401839
85328923
88406635
99927001
42907090
37118648
75364337
19643795
46428212
33932424
72069385
22313949
94422530
79027895
81091327
51417100
23626181
31580906
51512574
35079106
62651721
81372843
11900997
76574409
82800874
16078766
86921354
43015082
56887620
42972127
57746702
38506395
79447905
63908742
21492976
3292390
60983248
24861251
43437761
59055547
56544646
31180487
23520059
64181020
47982854
36217696
86729836
825933
52463651
75649269
3869578
61203473
27470814
68177251
32501222
36993106
27789926
3470180
38411935
70994066
85735659
74008304
28317843
28455161
16082452
51292315
64913086
25018368
54625109
96131937
20067685
56744564
31929741
41565559
26939548
43771852
87347847
12753409
35924282
49013073
6786777
39488159
72907921
38404110
18790717
24557563
93425093
65015289
38437284
37232544
9592722
50215218
43292223
44176655
45276752
58510557
88006745
26733028
73411072
74991776
22549440
12425364
32854704
86027098
33247682
39870755
2483694
60698427
33391337
14225327
78555064
62540276
92141895
67453068
81684381
87191542
91465127
68329959
17051417
11506271
1913696
51668466
56543401
27967271
19654552
39457591
5857664
60307247
56581999
24363366
68730768
95650078
16624488
50966596
14634786
74631777
19092931
18209425
98321203
93470708
86861220
19386603
23409692
8048456
87376605
99522478
7213522
86427709
57080528
62084305
89798541
11702966
43517661
59093083
5664579
32896561
65583546
22860972
8243790
2007831
60107321
56415819
91876087
59348609
70065661
6760947
11611708
92302350
78294179
90172932
23059385
20234028
92704361
13143709
76340013
87494844
97274120
66941464
27158901
11902401
12931484
61910652
10191304
97713682
84286291
64056281
65025292
19360290
88977286
73512205
50229103
3817816
24885415
27717834
95406145
92871574
98387647
80564791
87834364
75339067
52301592
72184476
38957117
33088589
53666976
39670325
77048017
90923052
74544035
98421879
59500530
68359630
55328710
5019832
75119917
73362395
70713927
79882618
77077213
61067761
80101886
37713910
15358607
33825074
80525620
85205166
47744205
34620055
91462143
23865686
41626744
68926667
87438454
68357312
55517271
35105762
23988152
85932871
21680425
47982981
5918959
22815511
8821795
44410495
39985905
63866924
12376425
77566021
32995064
5803586
99240797
18594006
65892502
99003408
77330863
68768829
4766579
21586599
78480322
24867674
74651283
83310450
57162699
46286146
54334416
46565791
1655990
1206321
49117919
56472509
67123564
21786047
25758612
61522497
36000273
21920745
74492536
54512640
41924602
52411465
50520637
75820004
35911058
43152731
14539751
76249158
14531758
25574714
99407264
71488769
95798438
44835973
60112615
4981590
59792538
32789586
59245459
45466815
24823272
99301066
10974989
4908929
3250201
59439007
9707993
24361411
25853576
89362003
93850535
31587103
35278013
45981528
46517881
43901783
61419623
58577625
24274353
51367781
42630575
63578924
77627820
65355334
77953135
12893069
42036457
94511925
79488208
38486228
43924825
41809219
30681504
61638098
50461529
15081137
43864740
55966957
385528
89619537
33044742
96370720
24453983
93520531
99821526
45559815
92184317
60805227
36454367
37032451
96794197
12518703
71136079
17239620
27460720
24355254
57521557
77033774
17263209
76693668
24750033
51976425
86778546
19187163
83195514
53693559
76450283
73051197
3338445
94999838
45945998
16146718
50445841
7029593
83049610
84545703
48785145
12950146
6965397
6548256
65816460
53249716
4880722
50208248
63970567
26382832
97476772
8559966
32800675
92911404
41986807
87988233
47560644
77740521
81291459
43915166
63425273
43544917
22623700
84366013
28778754
69550640
78508575
44946019
72548207
72894501
31711058
725629
90428275
78047875
3037758
6051745
86201514
18926731
50535404
46949742
36751731
3292641
90174555
27844967
38362359
1612681
66310673
16468087
43742376
45366489
27053944
22140478
35425947
64210319
28399957
43784228
97993139
36316057
10763217
38547681
7817176
14608017
36017261
13849207
1006762
28599509
55487609
7157452
99901766
82619979
73852003
87257117
11872185
34488760
62631725
10780688
46319360
38720812
11585336
15883327
86937769
58489639
2928623
32919665
70193868
59330756
88068259
17549442
14810302
74912518
29705273
50105588
15252076
47342495
21670139
46753536
62390988
52250632
87119475
74321079
31294604
3704842
81169307
22027872
39963748
75344563
6549560
69544354
39223431
27377344
36354897
8094256
16133463
32678519
55668452
46909955
32825421
12893107
73743486
71783055
60201385
40562219
68250098
23742035
90846114
24137811
41041292
28449585
28921928
90819643
52470573
20761144
17849933
11922865
95106034
41870111
36533578
14024793
41948145
13319840
9155345
96871144
62438358
63561071
46270364
33693800
43146200
60030103
12328503
89672477
36669705
41557551
18721517
12813459
68384760
43750430
58925589
73472870
78085422
59025528
24199032
92980024
99099843
95083164
3468224
81028608
20001950
4046380
69650000
17856659
83872805
4087380
65742861
66171892
8618049
97983028
11554586
59350828
27519993
13985688
95834656
33862227
79998217
41303239
45677975
9878142
5750909
57011654
41124574
38641185
8935553
59149205
25921202
76001927
28736339
92002657
22565601
53241420
84275389
68228643
63303424
23727770
59664450
1184869
12143079
10884654
95963711
27007849
69171800
43528269
55530917
6556115
25650074
31555675
76725636
86711495
67670250
60445120
25573256
13787092
63673318
52219068
43736059
56592775
2503004
11125008
76366912
8264597
6289592
76888678
45887370
96982040
88362759
98294897
67434617
5060359
95427292
72802326
55590304
75734065
47460126
86840769
50920009
22219559
12793350
59467029
34712155
61797676
49511744
52060476
35646636
28737975
27578830
49130193
51579949
61606248
74484308
48108161
99766264
11655686
93225172
37175235
88038752
31579841
85697713
43296032
31128874
79484885
44717813
6746158
52934528
66768768
92819063
51638492
93211182
30985849
50087442
30365699
25457975
80847402
1947063
11513539
62913993
59216269
28457569
56630765
26451882
25925850
49306444
20861122
83582103
44212532
5289959
68947774
49952333
9138440
2394709
2322766
77146850
239121
65893015
89190442
10406235
9174025
14169656
71126809
15259360
39170889
34293890
93944344
92839211
70054039
88444592
86520774
59475260
70828616
7263352
3071872
4202443
78957874
94441730
67580796
34613718
12808440
98747199
31910216
6241072
54061229
86536014
70585932
27115439
57947788
31633149
26687436
56831044
12882065
19985613
38816251
88064061
82128851
42417735
37156187
39207858
32566232
11853349
81145127
21603304
44523315
10436538
32111779
26839217
78416827
6432767
74801518
78182967
37309234
18446313
26980965
42582936
62183352
23026339
18154531
91202284
45736347
68142371
66984115
80495850
13983371
15554769
2212103
39283424
94021279
96831521
27960959
83225483
99076972
63584131
28611750
77442088
3695830
71669061
15124584
69288845
60102668
24633728
61333279
95764707
24612257
55516092
88821943
69522050
27850470
95502947
82905240
26880699
81234789
69797379
54151856
13001318
21557379
57642372
18877554
79484531
99790762
99972520
70770359
73883095
59159479
5368845
68424013
28855648
12929906
17777767
68177528
48050938
82166167
21517785
46652110
10814384
92553743
43803026
95993287
64948613
49284803
72674146
66334310
93995974
41092850
48534001
94022444
12298959
33320898
15885428
63238020
26451376
73965540
35669499
71456839
21671191
40148708
85437648
4792993
88771805
33582201
87817859
7151321
94536010
17551130
8658120
91051422
27727785
65823471
39320104
40636814
95408601
3871734
18689924
12909224
79566216
54597396
62554959
12592841
83657890
93251570
12269061
42902440
58987680
17314482
40174127
30569284
6711327
53271882
81316624
52542531
16342173
22829030
84988761
57670794
71989262
24413629
80253870
39753972
76218649
92591737
27875
14659940
38965710
8859188
5012730
688409
52541466
24571485
52586336
9677164
84076848
75184140
71499234
3843305
44476576
65510013
13477715
10906717
88843026
67354945
15827054
79147154
39043667
16707131
20446157
47368545
82120
77057072
40991568
60270326
55850168
63100088
48632306
90769527
60486617
13051688
42502782
7594081
43444794
79578541
30896412
23777406
29508094
8750039
80962081
29560534
20503375
20708499
886916
89903363
5406523
74170441
7118656
89648765
36124570
50290470
1604889
21326970
41799400
29689788
17826886
70691562
17868325
19133338
77798698
8895984
93110281
75279585
25905033
23078377
4911252
85365196
24585120
92192844
93033273
34369208
62100357
65903015
52400397
10443463
48397241
62949615
20213868
62839262
21564830
65780601
74413266
2113943
30579161
47474912
93503097
68238927
44351307
8079116
66067966
83245829
47017462
44285229
75311491
74627055
90742353
91868858
56617702
56986523
5782180
65183415
37843687
80979207
80339009
42044241
52644394
86443686
77735779
69629518
24292599
3517681
23666678
48266873
30755113
39115711
7538704
80425266
16014040
83114707
90556559
97265214
20456859
66133154
77076871
79140656
24948178
33213921
59080289
88000389
43462989
45051170
98941384
45046673
19437194
76740677
97940325
65816606
89359526
55642751
6112200
3645975
5695286
95183978
56229930
12152061
90968301
54872480
66107368
10360843
44735874
44534357
68360940
81116199
13732174
30998213
26364158
4435589
12049731
81516490
68206496
62054033
45281046
65850769
64579547
29909961
73757964
10796626
82170129
1618196
62245313
89732922
64235422
86775529
26978403
82679167
48713979
74506361
27656671
93182212
1644293
2679914
65431078
58214270
34974586
44679622
60194202
28159513
56866581
59835620
53611062
67056384
97962714
50026854
52015132
39422959
10857841
65868009
31448086
61115149
79443881
68401362
3590912
91892534
82813827
48941330
4765045
11871995
36198437
78907012
64594684
61288246
91376604
90857699
9689919
88878405
15808773
51736324
34901670
67532541
20864388
6497752
42359594
35237663
42679101
57130887
20270367
31019622
93183648
70504676
33369017
78673263
20496706
78517465
50804847
69101215
17021910
86978268
28088151
87770521
52335017
47509842
2643526
30984713
64309295
9425909
20728311
58166502
8880509
2134644
78779181
68807354
34607058
22865144
77621737
1973505
67205956
1835592
17880628
65049106
53207036
71973340
67509381
19336027
49765693
84205306
16271904
97898961
34923394
28458255
47922405
56892721
51344697
471315
49444138
28021304
67942256
34228857
30155821
71340705
46174078
95136402
11580097
56438990
82133502
5904164
56309608
51345770
26691933
98486623
84959281
8482006
51994740
62856322
4608349
27765437
62500071
23425615
34414074
25591288
3454558
89740902
17374173
81100929
35028397
50771520
88845662
69680090
13096788
85530634
67239104
29694459
75027573
55955902
68421521
84635105
8454298
23301783
47800209
86288938
10710770
61161501
85615169
12295585
36570237
40318020
1370348
54692053
83975801
96110499
49150113
42429690
51441484
54525238
5060365
92485996
91867053
15002249
19869574
7737652
33946538
96270573
38695718
48942731
81499096
60729592
12041935
63894915
9182163
81435488
15084334
12205107
4909370
8317113
65791783
10180746
47632315
31950090
97711919
53681090
92402433
58451499
36837382
33951479
89118457
77831365
48938236
55935728
66815426
87924544
66583812
10991911
83869491
76587700
48718777
1846206
48986800
72589886
23311975
51179889
44717218
68765782
12761814
9937007
34294862
65292868
60687371
17480345
18608435
78307457
22411452
58704422
25478431
75047244
26743110
61958762
75356205
91128669
58003637
63993373
83499739
78522228
41584652
74221934
52658663
17513062
47897691
89654663
18369217
30047513
41243871
25713551
6050078
87381373
29866559
83821519
12938417
47969807
37671039
49385928
3573647
8368196
23373574
22977996
64980594
57636084
63898738
87915296
30976964
32029154
94878829
73467680
98591681
4566003
75224186
90244006
46507104
29550287
53126937
1775340
5831927
42867507
69134551
8420278
31093377
16429746
61176426
19717676
17458424
62761805
94032237
96718726
98815336
28204164
6912105
11167379
39517471
79535843
62352162
12651215
15409044
52835465
92610694
61913687
32981755
96699130
9166850
92685763
31061023
55550581
291014
27282226
33754625
6663468
84086025
55074505
25432688
22593096
63881609
70370824
78271537
34654820
74676142
531945
70455814
83471852
2497057
65496417
18387907
48371831
92505780
23679450
15172483
95282878
80410575
27491077
4857058
80843138
94717411
9411718
98124246
93963988
37144135
98477598
95031959
93879305
62161972
54623301
57387309
26065104
50599822
72140657
86455928
43587752
36724503
19348210
60579593
32155637
72370717
26811405
701432
39117327
94159838
18594296
46419896
74807860
56230532
36682314
27768840
41723987
53043055
90258449
17242191
51326021
33184121
22786248
94229056
22122378
91046328
37440531
55576060
95712881
70835269
28844776
95276923
34989450
11358046
88001605
76492535
25700062
47164711
31176091
6950992
36563976
71845529
98420902
52148400
50528131
83734658
83113498
16427842
5729787
35884889
47354170
2713341
83087694
59329645
95783474
61314150
71162158
90998409
53262534
76104537
37923548
35527024
79970419
27872825
83012126
2111670
41328749
17377534
38927415
58521642
45705808
20739010
25968104
31365630
78898966
72133559
79092623
2546171
95358849
16444770
36246964
10230006
63392468
50099186
19439508
34509634
38906323
20027628
27149360
66303352
66145909
1236397
38427719
35838145
42012572
99978694
79841114
16185097
83566794
23724732
19367331
16945704
81580811
10605239
9841020
58249971
67108871
60377264
71209807
95134242
46249175
29709142
64040699
50558005
72842874
62403291
58402627
48116818
18509999
47047036
21229081
8683123
10688100
60501720
16260607
14999039
97334712
5641958
7363864
98963341
37049411
40540245
75923268
65455119
95669476
70855203
98139598
36300018
62749940
61103951
88461819
78505104
98580957
15820497
82895171
35008368
66277003
82654564
73655130
77201530
85281932
34494231
95614743
80778335
45017722
84970868
47316174
73118587
37509692
10349190
16446379
7701426
34337592
92004336
81906934
92871595
86581809
42195794
3590771
1831770
1133558
18501871
79612624
14032512
49437158
51163617
78590745
30605019
56476234
9218201
1565687
61883586
13363887
9496395
85792554
59672257
66572937
12305539
63028464
95010724
13157526
28771932
37780538
62010935
40745141
64779453
67561783
99844190
77995516
32415812
27439862
43966897
58179870
55830302
33156808
87830154
35865484
46421658
60625301
16546938
15508408
44121335
86327833
45366207
45073197
2874775
88673223
64181505
20082049
56100313
90911742
25157228
15315072
59091406
56148878
80689587
13235870
49508428
52743237
33456993
93078221
70903844
70820901
77781248
13061367
43997958
1854584
14710429
472675
95528252
66018731
54520057
98677781
27433447
44467878
82093020
69402645
67536820
59513129
5853582
38516594
52877785
50658058
49616106
40971539
67803330
34558137
29663844
76312921
18800973
35058706
60468192
88574910
52685769
94860898
95014340
10620694
57624134
32531639
46648177
39804045
11869156
65699130
75479047
8698428
13461240
95064776
38582476
7649525
91574435
79530759
29046431
25667879
35540205
78163581
43442763
69393185
43852780
86760378
88404606
12174634
13094189
63271176
48100262
9907063
90824544
59976361
43404317
59116558
87776394
63916438
12263272
49683353
71101529
68745250
58599627
47050621
72925767
75637240
91141026
56150962
4256879
79825662
29479722
20567514
96089813
56885773
62653618
32422775
89092014
11914857
37721870
83923718
94095739
71325192
80381073
62968980
42790803
74922770
5400354
31840629
58412580
62810243
60763168
4305571
91402559
99821025
52694633
83945763
89851031
60583975
5948892
33020166
41740199
12111830
50293035
67483607
70442986
56328720
80281809
13417158
29234048
62857761
72227494
90469771
73252593
86099217
24552722
98813114
56677982
87866989
29795766
97491795
24077741
13618225
62192685
72047232
97670317
61837014
72658430
67403077
705346
24873288
76972252
63143751
42241886
43563889
26788556
28733327
43634787
77649166
31325975
8633725
37976572
89896417
80319406
60169579
72210577
3188094
47531532
31248321
47034870
44860445
41126058
31975880
20922839
60902580
11505574
12755641
81045734
83166530
79708465
70064678
72718207
41823587
43478674
47200214
9425156
22375130
20779838
73989500
78083772
46459138
4888559
12727426
13257312
76485571
70162079
6252198
58082419
82809616
18067223
57847346
48511340
40370839
89231719
86729820
53946706
92641117
64381419
98739898
91823801
92335825
26074701
8004030
84437218
96734635
78117082
16131286
6020161
17937058
53869502
47852659
90303573
7276591
37875011
6489871
40554286
62224317
95408090
14603896
30100631
20825419
38160496
56956058
74253060
30596007
25161825
22050232
84504392
313465
35133501
21799501
80917940
60163574
30590081
41712360
65843181
99951712
53301605
70760475
24479398
20901733
69794055
41193741
47345129
2616393
38962831
72848495
54710477
55548165
84726780
74344134
16357382
83737295
21768808
54758453
14270617
76483552
81798085
41318339
77590718
70021391
50215707
5160135
95292687
53098976
29747069
82765165
94340422
15753108
45572887
4109702
94140324
86014648
81076611
41175506
2189486
74983501
33256324
28856885
89962785
79310489
90320614
7290681
89097329
82578710
27888274
47217826
82852301
91150186
75021583
99374631
36487134
15703803
77433231
6517055
42253396
20483073
86672475
82883982
91236019
86288989
66374752
98499413
73861800
47859439
49422400
67933856
28692351
7714075
53431649
9557448
3543224
32620457
18026810
87302656
99415447
69372212
86922800
35492930
63234066
78173541
64236532
21973418
73177985
42269284
66570512
15517844
60023408
8254567
5886547
3569211
88753653
16197439
59233573
1703115
26083888
16487820
94898182
39929690
53373648
40646619
24521664
59356882
80104642
41762410
50900427
3049994
2219765
98439711
43037446
10807406
92789949
33708842
59236711
50716901
89318837
57037915
65822126
18071407
39430708
74953300
63099921
52696383
99726148
52823626
32716047
80442615
95907456
23202251
11581288
65112039
17212215
93872742
7226278
48534374
45509779
84650345
55442998
28605240
1834764
82531011
22534600
8621345
78759182
38572373
62059228
22869537
8579463
42789131
17314837
41940459
5514610
30209334
56932827
57784863
39075232
93963257
42337702
38028050
46726946
65859959
36531200
28899668
62057715
69620068
70835197
76130052
67011739
70555749
27800180
82047302
95283943
63030695
37672399
75637509
64912907
73953122
30000303
67468036
65433229
73107320
72333136
27618869
94768425
26356568
84250747
81797353
27775567
5876027
56391609
53730872
72156509
63820155
55796639
59933228
74767744
29547666
4884920
11984220
18301138
87121732
38584739
54354148
41516066
21990708
10807415
25729908
63543956
41307054
40395032
52121852
73934521
55067470
95461945
90754685
14016031
1923943
85698894
6704676
50404008
7889798
94683979
23613676
75725299
18818901
23333314
42618992
35584847
6611913
51938322
57940197
48656890
66671059
9210819
57113011
68652929
72317525
6920513
14690699
1886486
87054736
66833756
14746412
15073145
50561146
83755299
17142800
17272520
55537184
13137002
45375265
49626905
1515537
26821104
51045809
2897140
22148927
66744455
76640678
57986585
85884140
44587305
92154410
4213593
20526479
77188301
13736828
46630670
12507657
89891443
15699112
80524713
53553860
76343817
38703072
55281843
51310800
46094513
21774294
60377072
36069334
41152880
6707635
81649685
24167982
79313999
69725922
26479042
61686666
23526921
62196491
25545740
38117870
82736055
24970352
78195279
73699540
60888982
81788109
28237536
25419986
78556259
75913853
35136738
50629443
23781342
57036504
74775504
51233166
34847961
72202295
46717835
28006407
70700718
95819600
66892442
73205853
56970137
13924339
88343125
91579081
67104927
28862395
11989377
59947549
27595297
16710187
3136740
10370023
22094405
92918307
32611435
73727223
85813783
4882529
69899688
69365039
27171273
62016188
10502936
98057616
66342882
90440787
53142024
85613528
40699620
99991683
60486152
69165951
37107374
31115699
55577194
18844329
65921320
48861939
60955595
26953813
66545102
37212804
49660570
69208862
35564486
81472377
86314152
54869592
80292224
76308101
40832590
99465270
61110728
77806060
42018118
48920129
4527270
5392693
31290771
51862299
64680034
21424413
30267884
21940419
41228331
40632538
11590919
70643948
96110196
43106098
90846870
86763060
73906271
91217777
96143160
94270359
25619045
61495077
45752039
4224603
84383661
99854164
27486110
37973733
35062734
62750093
6197847
49316344
23144893
46283390
28341983
66038095
37589329
47313694
98010898
68592939
48405614
95300393
76191727
15344737
44573029
74510598
28856116
91166676
43552577
10699572
25313529
86583633
60570889
76748332
2655831
63023424
36870566
52704323
99759959
98213469
13717954
49264777
56182569
83983729
71724664
45622032
50988846
89885420
18111265
12876542
19322114
19115264
40544683
2580024
50423515
18127253
42847527
62515289
92583516
37812432
77876548
38958706
61870059
91955407
13251877
57732440
17010897
33272553
1890804
43362697
78122555
38511798
17661620
97246117
42361712
21473265
50588214
85983910
8555667
99235338
46136414
92304161
92262094
68339888
51401672
70419416
87272758
63722404
41970977
45662900
46282752
98822163
19564322
79761000
79222420
9507399
57176489
8312268
27547359
91358171
74267464
89212383
84044835
66171351
83541366
44066500
21403260
45498711
38740130
94952737
3896975
29759004
58853736
323009
77212750
85424423
17141247
86278093
41458143
21607075
17605808
77383081
51866721
51908265
42689534
42694808
40839066
67444536
67465486
76835040
26829081
10061904
45192251
71533261
55999873
39913225
68131674
80293756
79639964
26902264
14812574
81273774
16769304
21582636
2886084
42767683
81815655
36551754
18903362
94422304
1519228
84203601
78029874
23601253
94927382
27288087
6242362
1368336
38157326
60428248
54388242
80124632
70966117
75503871
44412376
4692847
17843426
89800532
79367989
35955685
31417334
44873495
88379663
54186378
73167660
34768445
67039978
92692694
47570497
54054484
47538818
66329835
42275995
95697228
7944397
15126919
88238790
7290348
78733158
53206456
66801889
77837652
49632168
76308939
95210178
42291075
44457120
77197328
39876372
83392283
82331458
11361453
2420821
5580980
96101650
338460
45167249
99767925
36507564
87226778
65114025
94631642
46520414
84885305
40168155
7752147
92236317
93077407
39630525
93909184
88953033
89717465
59331028
58792259
60918852
94080475
99217704
59031996
55113233
53278030
79448339
38393897
28445284
28805164
25913752
30701858
71363847
70518826
50507427
92337634
42226035
38736456
84525640
12447451
94534240
28601511
84796322
44864671
90485802
29045886
5436816
7696756
92359826
24824800
25683569
16977345
44427435
77423087
37430146
82864508
6435235
12586133
22803894
99368444
84633202
27293600
8166900
47568521
64181514
91608058
60805088
87290351
13688048
80248626
49193720
13446888
50738611
77876085
76352072
24509552
33604852
47725501
27308844
9294446
43695261
32240214
45829283
44765734
51593673
31310820
4348089
23503624
26069421
68859475
63707440
22892613
70772568
42838931
28242653
59240168
61225189
78260601
51586933
60568437
98670621
8681868
17863580
192745
78568334
24779269
30013567
3298060
53971497
22447722
83873189
95344345
88794645
2424963
34763816
21768614
18644036
68769844
55340101
35263983
87490314
61511796
51289306
2909500
13848888
7981885
14998211
79485834
53793100
13003275
77797902
79669759
49075532
68860547
5941200
36883690
42642343
43218550
18925220
91711810
44346129
25992555
24512049
41221468
56649411
88280531
50475110
19791436
29215501
98483797
80914287
37551751
49472540
62031754
10525168
40468218
71657874
17647000
78115344
74046647
7621633
30596853
45994832
24940510
36508979
4981468
41640261
10217493
43199014
72862305
69375693
84762391
82820825
21002362
716452
32845868
56350303
9046910
33780951
15848752
17320950
32303393
44478294
19325740
88894540
2326731
77432757
90024027
34122032
98397805
41165578
45708124
49185280
21864829
2632573
18548352
84048018
47974438
80459653
54452827
90611484
83702359
65245095
70471662
67066581
28880176
18296395
10834013
3682081
17445406
62602088
15406866
62552711
2925960
55543582
13524321
31381570
86752250
7923118
79761769
31245928
81036233
50824989
7576150
63434260
66986654
79316923
36478329
92308880
50813844
83791373
22113612
16418938
37765295
91378376
40206612
71820537
50543776
87166665
80960953
71349450
68803489
90667673
92881997
44729865
69783435
58224744
98109510
68533376
37096618
98579711
21862503
79631779
43128325
59290923
11602624
75309116
61601717
88913020
8522287
1563475
19411075
55008139
54626801
27520329
41755080
74840527
65225035
13614712
23682642
23948527
26464980
64822892
65243534
16117565
10841145
57785902
19551848
67415844
62270506
61086970
4288670
42287598
53905078
59783662
78783288
34912403
63446176
29324931
26678231
55068885
83415820
95520668
12002871
49759915
56104244
30249990
80766027
58453972
4875216
42753882
45929439
62345460
76253160
25790988
69349087
98518944
39842350
38583161
42500868
15189410
91360298
79361784
79842330
46431659
95384387
45565427
57059748
8005579
3268073
8165161
5286146
99673577
4767985
88431765
54272397
67013857
21148325
46932320
26566481
33382246
39113057
25870695
35850955
57092066
58632497
24723574
200749
12884762
12384537
94839888
14061945
1575529
78407291
24578764
85732441
10106054
68660762
66002375
32194226
34216022
65067742
83587130
2221091
295992
76896171
16273078
36509408
61054581
99420063
15039376
5420404
73328745
73782736
2245748
26219359
39217710
67937556
95002422
90126561
36624534
69721795
51577635
69130785
26884333
79643219
31371410
1850671
9444186
5065260
12617956
24246069
59106684
61896621
85371309
63038713
26732567
74001917
44094476
60749399
72835535
67603227
70202011
86672868
92422728
80560286
55864978
22741700
55038663
37192007
36162982
71986549
74918738
76153678
41476487
50024599
26441669
13951416
94446661
75806337
5606089
38918547
40104026
92608448
40826602
88531907
27258839
84994347
74227859
93457820
70647659
28989443
9703318
52551752
75562125
8458708
12141221
52684417
78386051
17909046
66651133
3230278
1536110
69436384
9487978
31509704
85580876
40791778
55450781
81116221
25211468
37760068
63597453
53161657
77781536
30908131
19520886
79220275
30399108
39188411
30842649
54476004
50018188
324083
77654410
93835258
39988694
32890874
62584014
24986010
77482168
83052913
57861859
30307234
3338368
66554303
24345619
80729420
15020151
78824372
58025945
25913140
71443399
74640721
83458705
89575823
60167321
84626535
57053058
14697823
13442867
45873447
63313525
50563751
73559883
47064589
40822544
41919207
23629614
98755110
76396401
81030558
51280173
36396068
98024130
82898272
84674142
97021994
59376155
95336047
23350876
88917334
35783891
57535855
45065123
49899825
80561468
94148139
333010
90486595
87531914
35084199
86298616
35451006
4814931
97402655
27506531
79864479
20358435
52580022
766714
66229446
42310054
82423365
20084687
89919680
52973390
63608375
2102043
31703025
29351588
79273663
84609032
4240323
26344914
83439269
83835067
4117643
4424049
7331404
8734380
90459875
69288601
77468350
3982197
25753826
32062297
26163651
65369900
5326185
47586678
80776883
73814242
47235913
12884008
67363837
24804103
41672217
63633719
11645718
46772260
72174367
87351495
29206953
66260447
89644193
30007433
72770963
50007592
23377188
34653478
64726617
61140608
99288594
41994132
25797431
8645196
60150696
88309881
87635939
74740926
51928880
65830896
97447592
71684353
2401610
19309169
35187280
28475444
95511310
75016141
28996766
84256498
18568270
26120401
25596139
18544977
36456495
46269261
67256915
31595665
31095156
16738945
49071573
6544055
90339255
79177278
55556205
48615519
25349147
25843442
70470886
14324587
48741178
88902420
77713997
31639531
15889929
2393969
54408612
90821216
65532700
87648145
49703736
6851411
80906018
99674116
78309020
88701090
4566612
26324970
38930424
32566070
94994100
80962383
5422627
5495542
24283678
13015266
25521507
24043566
85225530
69503855
68161482
18886923
83454397
86866148
15223482
14372421
60680891
75862810
96031643
49247929
24510870
25954231
11020877
65125983
7122376
6746499
10657740
15687151
52522367
86124326
47031191
58674100
64312948
59951737
98299479
57132703
17374976
27506107
89033980
3422474
98311070
62345224
60605313
9024301
25149679
89224072
86816392
1173361
32009626
98336493
3968350
95337192
34114353
28006324
69631612
19044476
77450675
70326108
46605118
76646644
83033971
59453466
74512051
17876216
25600530
94976790
39806462
53282327
6088290
54348660
59848427
48256484
77927770
5914521
28357659
40992599
63659419
61315399
41588512
63263272
97490341
1937520
63796467
95848221
7018398
49597144
45180446
8475775
72018559
19029639
77221602
43024853
37517140
54391714
40684912
34358839
36953956
60446417
36886771
80274151
90656406
78063988
95520968
71499295
90269983
93383238
96696939
65151022
86861091
3850215
79372704
90486742
83298998
44856389
33845833
21140357
6880967
93964569
58801259
13444169
48209976
1843049
26397358
86542944
49467711
20038417
4548352
85988175
52735029
27123527
67260887
18183535
30962811
37791199
77280351
60433476
55103296
14571216
87246420
90515728
25574441
45863556
40137330
27031447
10139986
11668458
8717644
44888809
52125086
48195096
94012471
62589746
11478073
60413822
29201891
35268367
25184376
46331801
7815757
44588996
95988860
33816120
96261573
86044750
97977565
19565511
61692285
8094160
28334626
22859097
15885030
21061619
91829845
78644359
10456066
82648316
5930514
84870157
1225646
22380916
37639434
13218359
96108795
56915719
43773480
70147486
473480
13299189
63964002
11325378
81730276
97986619
86699587
16529959
24952690
87609217
33235873
76426139
53591933
76410903
79354809
64242557
16797649
68436869
5458926
38867065
63634025
1746283
3879386
53631619
82124273
64491713
63830123
59915424
78499391
17737830
16773419
94929348
38312269
76907437
54298448
81982086
44936388
22317834
585543
56433426
17174474
39811673
55246338
73595938
66900690
4431271
97536008
47352603
26917989
25655486
57832872
59536500
82428023
82540604
81609103
17566570
81256740
87781389
90680113
79459320
93554022
91334218
82005262
90806753
87112195
31500987
72632325
55812109
8822282
75548151
79113717
58317186
88157416
52826454
97033015
8779400
2761571
31634639
76161407
63139640
35071242
50892246
98298560
42927586
56477729
55810253
5491991
66194782
94344141
42504138
94103798
99733374
85514763
56431012
52726733
63393107
99236754
82236869
5618159
2855278
86379380
12636516
7098492
79738605
40444633
55687196
46012049
56988365
83632312
61692201
99837817
326408
77887879
82976832
67214823
35693847
99894293
7350776
475314
53928912
29237317
21838128
62158592
23832544
80673336
55827676
91165669
23965495
34801502
16971250
21305253
98108062
46459470
8613318
81310592
26971621
9724975
36605701
94636285
7650874
53747606
71491150
29244466
44053518
3440818
25706619
4986078
42319412
63945320
69548235
67128737
42003848
63064948
1307078
50671432
22029952
5147144
83196719
32787507
30802496
13659266
40071988
85082773
33998844
70509128
72218799
20409459
72729757
42726117
38974921
59163262
99710310
36557732
72686733
81175093
97794043
81608207
24873706
75843782
64561680
87574130
59830428
22357851
40547196
47256144
96220034
5220560
6028764
2216547
94251250
42732106
37737797
61805950
6347603
10298881
63429970
19048775
31377704
74148753
90584525
72534615
54679939
20009181
44244163
57468001
94323536
57285215
19710729
14274649
75336082
34443817
16698833
23015729
90194367
52264860
26174956
77644118
14034986
71923150
79785723
89733420
37110649
34892591
65839003
11023738
65995317
40272356
74427716
43803942
77082416
27560072
67731915
15761799
22142251
74032554
42942555
10394749
68645443
37001135
64957141
72675168
19299731
59522738
66263554
85781793
75472248
9792929
72899998
39626046
40684685
54322931
80286534
63171160
20995222
66706348
73172422
69961078
4522179
41003403
6759561
90128685
63220001
57836202
28063556
97180480
9868262
18609716
12384349
53509875
30056096
30710920
80861516
30811610
72201467
58744859
50793597
3073938
49046059
88946999
73256101
67321076
98911150
3747401
90741220
18820551
45132908
37390319
63477092
72622075
24193749
13815589
10432673
85362165
20874676
28909148
41705121
1966061
57011066
12586047
76480662
81523524
12552925
59773558
11112673
22447316
59595495
64555704
663964
62024739
63008314
60750263
74010253
32673604
17166849
86681877
5706012
94654227
70810445
98820055
22196566
26851091
22727027
30721140
2380762
74112126
22978079
67685809
7070166
5221235
29795283
93828374
47565119
40113727
22501158
20472576
97907125
98934631
63203154
77919567
655501
67081315
37427115
37029674
94059518
27474493
13939186
72890291
26271485
83659544
2277705
94525963
86151392
66825124
48602446
98064788
35821065
32750617
6913615
76808764
69954556
61532362
19265501
78684669
64403915
31222312
66758780
67543925
88193237
53763820
69468712
39754502
55400560
65859229
38108691
44058284
7575343
46551243
37769607
3404912
75228307
39773760
9481028
55599397
66241150
75211415
22260353
34971713
37135312
69249555
64282831
63263825
45382288
30872387
26916934
65049760
71175466
83501321
33651557
65526502
86367365
23055179
81437253
67243369
21229448
54550415
49300258
41556933
19113963
71023361
27728057
79915358
58657792
18397905
36807560
38661857
70245318
23061278
66105377
57815108
94731986
24418179
65771775
52301893
21594347
26721305
60371113
5439413
72463943
22748125
98149820
93624415
93977012
91063420
62804562
80910791
20595693
43267683
36181045
63141500
59385429
59700333
7789730
12840598
92849566
99676905
58790314
75693647
55954731
45323090
14992149
6682862
40019875
9020324
7351483
56585937
24181906
95720182
27191631
45731929
28540125
90443789
65271814
96324517
79567374
49665730
12652244
94011478
71508220
444249
6567242
58392495
55763258
67287693
7063341
83702297
12200197
88260389
89297177
1554906
82954893
56735235
42059853
87218020
60469533
52494388
42602555
25924043
30764714
6185774
10235977
32495321
89861079
81840263
11673515
51889751
55834170
72460160
4470762
56772516
97242374
95730818
77644224
90970899
86707376
76205372
53726592
1607696
32932216
72711063
50157456
29407953
40703491
43922654
54652794
30014512
74406519
82490350
89667970
72156503
7442742
38499756
90605927
26779150
17872871
93366493
4186898
91039444
39041997
47770770
77658813
27069624
82070386
61368677
43208431
98116754
21765018
6845972
61368824
33612327
95640064
11880262
97313034
7312463
63771488
51653839
68903691
57099978
33527183
68865591
55919477
40249002
23422576
3729281
72086156
2645049
33308339
60690946
26283339
83438238
89195224
46396208
95354479
95219674
76987440
50399159
72335089
30906515
53858011
87036113
20643918
86579841
45248404
38937930
90333902
46168950
48809596
50880969
64447856
72779396
78761743
10374901
42306921
41247040
84477661
1093541
31003018
46917466
23431318
34564576
53108268
64839626
40552382
38370014
46324646
45205165
21877365
18101280
74524609
69750470
4894659
33699383
91952201
7222002
42183280
22901537
87506884
97933874
27743441
3093063
99233888
57277775
14711368
95118607
86342431
85183694
54920014
23026103
86366043
88134757
12763077
34698642
56966060
12498985
25552883
22729172
50838061
38007062
4061221
64797774
22431471
67700198
22406602
41805071
44966623
82586415
29211039
74144385
35630199
12575940
51701849
44480213
52627893
53250555
72935989
93291121
84800626
73854188
40524834
68199790
52042712
61659212
19792185
2246860
8793253
37348529
42238155
33522821
13944801
90938099
24813922
37679982
53384875
78018121
294455
28008893
54433050
6693061
90406232
5584448
62157520
92142389
38892173
47058153
4882788
26664213
99202897
54925305
53573329
92671742
93938727
19835032
32874087
46475623
28280931
84710778
41511543
32361353
42033685
34424560
52610774
16235667
20595624
52659571
25588364
26964820
14643994
94151710
42668562
64596768
18412622
88118708
21536309
86728582
34012549
40726195
90669389
10446546
48781076
70195102
32908431
20460748
93037353
40268694
1178214
75734896
86695753
84336060
98782201
80967441
11137864
31115951
6765729
611659
87009170
54103878
28868657
76095368
74312287
86112910
70375052
64526351
44372325
70391034
85230805
2319079
9322664
99070495
64761435
10971316
39520803
30032652
39312275
13383120
87003853
37113584
17799831
67194329
449205
90606584
61433941
55986109
37881674
32319936
40240555
64702896
83450741
34499594
71904779
22268349
76563060
61947359
54431420
8440361
76271796
97668351
4734587
24049576
35743285
73569126
75273605
7264705
8887710
96580107
63016921
2611533
28431596
32398590
78495295
1746068
6866469
71940335
10781976
87137923
47230750
85944796
32937014
97191598
11009786
25539981
33388094
75263067
47805504
3710666
50851234
49398195
67292340
26907507
3623168
82531091
30608659
92102634
96132291
3534876
74569616
48490138
25513861
24019120
85789616
24850378
23828046
76210405
23184290
40366937
94619857
11384680
84862551
1265107
21036011
61557085
98466437
21819298
67459919
66579381
10079347
47950471
64696329
50737880
31305533
15298969
54366942
97711451
85673864
10392196
97439870
28717539
84359495
68864161
25353185
44486124
23578897
96343211
61192421
91195963
53538829
89720016
40935653
14967281
15239206
2806573
21873751
64145358
61794963
21738253
50406797
54099662
49514845
57187723
11282856
6345454
98841840
34000903
29579790
79393191
13638626
41456787
47822856
28999978
47825532
53963347
53998786
87583462
88617104
7609717
62852505
94088880
86476575
66291347
95975578
4267962
48439311
2795899
62887450
19130326
59001303
85872388
20004847
3819902
58274092
69952077
63197238
99899333
18479043
40546414
80013299
73592352
84158707
60413936
77617960
74517441
61987350
7322440
71982614
8592221
91330206
54383586
90502059
3039253
37066799
85647044
59538914
20315474
88129778
33800876
69597934
44011950
93171919
75389031
21997083
43110958
57680717
19992703
17975867
77580228
4291744
86866845
6202016
94670828
83741214
23191276
78592520
33882814
60796544
49826423
46644077
43856761
49909017
13346154
11550675
11768468
83666935
952345
49957303
38126324
36602536
50117772
7256582
92744724
92723977
14080878
39854743
46449780
35402304
47922740
29655744
19083360
17883640
16946952
89186216
41919397
58368822
98554078
61905197
764268
88745953
57730519
49841481
31063823
43236634
39287150
22315602
58996991
40984777
52555196
91204188
10343766
76175770
45817501
84919571
58622182
59368276
49928267
58416628
64242205
39746874
86205668
85450444
33290969
94492690
22524745
61697594
10609903
39939880
3115190
30687468
31866025
87536473
53503617
75838988
39470392
61066203
14795080
52504888
33333279
27411609
11649040
8874800
33399455
13618208
68614620
62946204
41410196
17722545
83516159
49298785
87757945
41258387
55331206
42405736
75552074
1537372
50453505
31959562
53131914
71469075
61831882
45165645
50375331
2811504
98432195
51372585
92767773
34987450
10223771
67458433
15850139
31639792
32715112
25879211
28052047
86758992
55168910
28818717
43519260
15352163
38235420
31459879
62413241
66222133
61799232
96749287
7184149
27734445
67183184
36151243
41852280
57565903
40157168
10745577
22569491
38518223
89799634
67510179
90029006
58170868
33067287
66908724
94377078
41221024
27870268
47645157
32704702
68317870
74732189
54061324
14831045
47119034
81533635
42237769
82692868
76398627
14515164
33232937
30524252
35652734
67073547
27650986
91766618
58880310
99973574
45491401
59691566
97141265
65875561
98035957
13659868
93244721
27842485
31584317
86725132
6948091
80918850
85208305
66716078
86120900
29869822
72416264
68514422
31648191
266449
39204218
97213631
13685684
25973372
33816818
36784965
98100624
59888835
32584327
88411886
57602777
53894363
69428855
79864024
71020397
69815862
32148998
45515468
62126981
4410420
12738945
57108272
99721834
97641206
11168908
68145982
20171384
39597112
48804408
11174853
76775701
79740185
17291507
367183
79140721
62458632
82727282
41722108
50725366
56325444
96549279
53975563
30551885
29946297
32997211
37655525
54340944
25668376
71551727
57383978
79019486
80417934
19150458
76282904
68011921
1449350
73735761
10559644
86769479
15387289
48263492
72926551
47478778
52975212
12750477
66410872
93871569
22972333
41592478
37133223
21766895
73212927
55002314
16870994
58262927
5124414
51062679
25985201
93988476
85602978
5676590
18841858
36617708
56665721
22713644
93346039
47745485
78542327
19369856
13582449
50007780
1358953
77971137
86326361
23285557
30951419
72647548
42106969
2709318
1569006
79878164
614392
83229001
81375306
68501165
65559636
94000966
84373666
7532775
45656223
51171915
75406469
2848576
40224341
80006990
51111171
91675476
3140909
13469238
96932979
18498122
32583647
12598586
2457186
38045201
40657598
38147435
99603996
71924249
59796547
51591412
3689204
60762021
88996027
73993427
27277765
86558192
62446829
82121721
46725646
95428166
99044918
6466226
49253429
30996070
37382661
74290908
24972880
9859169
87845312
60475984
81900645
42204890
2436820
45588844
26330397
15571898
31764539
3122413
90932428
50656380
98544064
48012430
94836218
17338817
87280827
92993315
26515748
66435541
34368965
37745885
69485208
26434011
52217704
97024746
81480904
26610993
64235008
93954421
70077791
32301780
73894486
98039478
55191616
36605483
92419410
58301833
57134124
13947225
70515756
9957872
6427210
42411421
55386326
90948786
20249757
43632788
33105351
34282969
99640876
96269880
2310469
8155294
68634925
99258997
71782977
3631900
9175215
92307699
42114291
71535459
580815
48374130
61289931
56020640
46157120
87256551
66238740
2249310
32345467
76441590
56769915
97184832
59643263
78001536
64743354
38229868
26008879
66487161
94847244
14400753
64066278
17677316
59319299
27513298
11809660
43833300
6421489
75882466
66136538
65535365
79890697
1314309
74279256
40633659
54963915
44683774
53566858
14011205
47171779
47322815
23357266
43443092
14295613
67734773
48148845
17797381
92658719
32595142
25412716
86502197
94797513
43682464
63206339
27181756
97632819
56286510
1593996
63250427
55899951
45359232
15753895
54848740
4722690
73697068
51670661
96296122
46930737
29019143
91342083
85371111
68485545
89022026
29514399
64194942
79607836
89342347
35788832
94536467
48641973
23000515
7619498
79739893
73812749
56407461
34520046
59110555
26371342
65941864
57018858
21135399
51674219
25796772
87771596
44994607
95043762
49085364
48487639
81852978
94136998
49433316
52531769
1721225
84714442
290421
65664431
33840622
4644142
84603002
90167015
43233096
40146502
90225646
64495377
31959458
43023360
99918145
97319011
82800003
61724264
76210589
75416164
20309092
76783779
4000510
54173635
20937774
81151051
59975932
23160969
96629190
93336442
49500061
87391811
4432224
75865614
60854350
44529611
32476431
3992717
48004816
46395300
62979034
24437950
61482220
3179412
92050263
6205124
80333757
60826600
99988560
71596252
4556705
44760497
56764978
12774407
20918439
83500968
99137423
16905968
5057676
29288227
28168322
20273717
79214036
24358449
5462257
48352041
80628522
20823909
4845714
40958278
86020406
16022138
57055505
62203114
59766662
19480258
57343481
92496616
24219614
37520623
50899692
51197457
24061354
38652264
27169450
99448162
79931011
22874076
78947347
60988284
5611067
56348831
40190736
26018284
85762690
71932667
34048903
2589095
88311102
2296049
41660527
64426734
74588929
84751733
11856809
51464647
58484484
38159473
73165628
95122852
35553050
37303525
69198488
74179723
92998575
89319007
11886344
53103044
24068838
2238198
35354620
25093620
2026140
82582055
36947916
52495750
1298049
19311208
67418921
61985911
16560332
86187279
39277452
48273387
61734402
31599607
76728532
32720466
2883573
80498857
27036659
28065475
34257021
13767192
25182685
38061986
97927432
23553422
97165642
6819432
54736557
8499316
16492327
62184294
88869868
85482795
14181527
67428962
2641777
68093994
15643096
56403681
28997684
76999008
60514738
49552999
17935919
92199623
90554180
62108618
22264979
50508483
31457749
16305770
5641233
76890008
62007558
71703700
14185319
46756245
44992426
62161416
65549433
69644114
11096243
59548416
36549446
47377626
27686307
62794845
10570775
57294297
30234284
49794412
51086888
33782838
98277848
15357514
63989572
37585483
31035442
54156004
5186602
67702148
53584525
10352036
5212823
3068450
4082830
85754147
53572017
16158461
65269754
80640915
17580845
45671174
80571968
59770657
66559706
68940909
5028819
98933117
28374212
82472174
86831264
58986454
83571563
79660958
81101398
33182791
96219608
72306525
21698940
73365268
20987150
73366748
21759983
45001874
17354774
6782451
65560141
60075081
11673787
84268475
14619102
44401813
49214082
39731956
74178408
70504705
4415880
51424539
29628867
33780167
24402285
26344477
96704461
37205566
56819696
2700290
79052048
21750895
98031286
379636
42789835
99089268
20072830
25746185
10282997
34456467
24681439
20179044
88032766
49789528
30529271
65058856
12259322
41541956
39494409
19738660
34162338
61566303
36036130
45017553
98732521
75401889
47563651
89755043
35361896
52468987
30919607
64977672
32258549
98921464
52341934
79677440
98940396
9879336
99376773
32682809
90106174
41507187
5588441
40146095
3202307
65605831
64358772
1592653
17722742
33600933
45936690
32714826
52771671
61967222
4014584
6610173
39236817
66262002
35001434
23325220
87331530
79898859
15516280
43875791
72061994
64844437
1883470
57598965
60129767
30254122
1189871
58191669
92879165
98283194
1145511
3428667
1169255
3699791
80721697
15644544
13813256
86940996
27456320
72059195
25039710
64037829
54454959
78765058
55938989
38008675
85818074
76394638
76578328
71621349
60337606
34238918
95274232
53117722
78533402
95256697
41405302
8044789
88541440
21089499
27930536
88175448
47751885
99991257
8828977
5731483
7440136
4918468
15040694
83099754
75318409
18794779
88402199
54530030
5440552
43225705
67708033
92433225
55275207
10984838
8733721
99113078
65429703
4492968
15404478
63659467
81720191
59158631
62327896
70450885
56879689
62512786
80974644
24038748
96743772
60017490
38906690
77250646
55377968
72100549
10083966
68642913
61788367
74331747
35634134
68144650
85590349
64634794
73718378
23124267
16622520
93876967
71674959
38685077
62517788
49674969
12536680
13437969
88650628
50789959
72599139
20781393
1166683
1301788
11133694
33887180
42934487
98724006
74130189
60220445
15566915
8193962
19256126
5752320
78637176
10539748
28301437
99143257
94063612
56424129
5750513
8907597
29411077
87288928
15971578
42497357
96434705
1810654
32891699
61182844
35926136
24050613
83384799
51627948
44236596
43764553
86331135
30767967
97683313
94642478
90507083
27108823
17391228
48425776
92786117
97484143
17908869
31269621
73657128
51852068
82189762
64028183
51299601
98169769
73481027
4309256
42011594
85211098
19839460
72955343
16335403
29721436
20825192
77199147
74512939
98749098
21114045
16379818
85717986
5034175
4728436
80016133
78374415
5141236
72648512
41541434
64188698
43671834
37490469
67174304
66354993
52259330
67259459
70720313
27064999
99671040
6419794
41742249
84330219
16412930
87073764
38042885
21644362
88668542
15694630
23325010
85560855
95580720
17027216
53950651
36006060
2138203
74562862
47202440
78220929
7552962
51823706
12058741
17544086
82364099
44761263
91935637
1503291
48609256
75763034
93446548
50108089
65863787
45630052
88842053
74136279
44598912
34341185
24483274
65875384
21930592
31507405
67844888
38921841
77669764
37992973
75507035
99345297
14236010
16227254
69828592
30235593
29265966
75360712
97010857
69271057
65439906
50216449
56551346
79897779
56934097
41044257
28474521
45309361
17421484
58515995
54568933
65575069
22161407
49820641
9107238
68784320
47924446
10253932
49696184
94137059
1468439
25370250
53421254
79033962
26970798
4970223
64557320
42171083
73787314
39280748
80558303
43280826
83678088
85441621
1201339
90189412
58258932
39109735
560203
62359591
97270427
85418839
219303
76513285
50902609
13250287
56957356
5602379
13151364
18496223
46929257
12852268
8056996
56144829
41214537
42429944
17262548
92612656
66967447
74126637
80351241
33303615
29261971
52251833
71569572
87532342
7106317
84913443
15340778
951073
56707221
51752295
45049820
36370171
98430102
60196183
75562675
10309917
995198
81084146
71954144
88651384
44301812
31797371
2764132
62928902
85403280
61616635
78695958
71657982
43118998
83450182
15639337
2573020
36383015
43457963
18161770
85772141
52723939
62362744
68125963
1858863
14236273
52466189
55844392
41507601
18462526
8831284
83195690
42539676
58097208
14276849
63981072
39617498
56653794
72784218
82569618
20043619
52087593
2761724
97868182
62263154
42387981
44301917
49147392
76014535
43130477
82366415
48549345
78116179
88129410
17189898
26484878
51978726
47916012
80689478
86086842
7215190
39013119
84511381
81923160
90541678
13161659
73667135
3406982
91578583
57731803
37006336
71439004
81760588
44152720
68624422
2006278
89160446
45755818
83056525
79661621
748463
58908928
13438636
63855418
52930192
53910340
9009458
1537811
70796722
38671489
58523626
20945931
97403105
98305915
27591338
35999891
10664979
69933493
15015959
20375340
38296489
54663838
96979938
93710582
74010994
49372191
12846799
34959209
82904356
60035316
80668190
66399757
59566118
95144925
34203694
78043744
78806544
35221507
28321687
48505556
97445689
59741208
18860918
94029190
52915433
64163407
41851207
16105182
25385780
42908994
16843207
75215449
74418106
13791628
5681580
9869190
36449405
40427122
70527509
55076957
38911646
28118100
4739769
51832429
4961980
17058608
33360537
89501795
10171277
37754353
47738533
73693767
71394587
9162355
8869797
37759039
30926394
61235613
83334471
76901007
64889915
4728619
58252875
93743943
549669
88704605
59375468
85364439
87066823
81880543
51837456
52584309
17493242
54968177
53760022
28460470
33067509
97143306
13678458
96622467
82555617
97909162
25133909
45709103
97585513
70819516
62108233
95653696
40711315
50464285
84932859
49424780
71529997
32283114
30174017
82858587
8523495
43867365
84458607
42937955
6357702
27152200
56163223
50707397
80000312
59187307
84713880
57974832
82941437
88417875
74148184
79256755
16932657
17697664
31321113
51725704
2446115
87353090
82078677
76073176
66738209
95468363
84573101
73566068
25885167
87595086
6954157
32538255
29650646
12872720
7355265
96527333
39265112
44987515
19073882
87513868
95586285
29363848
85880107
54757437
20838208
13842718
68389083
97882478
9121856
7142628
93362223
85852826
10466835
9175030
72084163
42726731
65551258
746925
4164637
16318204
78642674
53428309
85723219
63883797
79878436
27988938
26774754
83496420
7156234
17840769
99945573
18365920
83059946
86963472
86147893
61837054
2363974
54584383
42678690
95151668
29027525
23904364
32069772
99552627
97527691
26187398
61199589
49868628
93445340
99021284
91925216
8993648
96522341
18423428
38555866
2176080
92544949
42821188
85330621
32482809
72496187
62308575
48794174
14177513
85839958
82552526
12447338
81277266
77958149
12910431
4583262
58987734
84461291
37755276
12423255
68686185
84965445
89564963
83244429
23596956
95393919
22327271
42055421
61564897
92756976
39306451
15472875
34303828
41797717
91752961
31675066
29577343
43598188
16379465
18295004
88965946
95544236
31810390
44766168
62593567
25688139
55599319
26125112
64810401
63252523
12789487
78993076
30882566
20817288
50668592
80222121
30875089
68140625
75391880
56932687
85009905
88576797
70024787
54332773
49471106
43878237
31347011
39818406
58593491
92243709
84055460
22737521
32154678
41520802
60966506
8587477
20319233
64208417
30653156
83269269
15994601
96330220
27701814
8604043
97030280
15307978
39608409
12400981
22516968
63471290
66591577
83060117
62737236
98864712
80485468
33698820
31682266
19080948
79243926
87130041
60486372
46958197
99894035
31754548
85489876
29966080
15481491
68042537
6226542
67483653
49844498
60839936
5478448
94181698
72181078
1533534
2484488
72760266
55470749
94342840
88955101
88278532
81976300
98751976
87033889
40733855
33546952
20003091
16469870
51173715
81896384
57765314
44057617
97459890
89854784
68929418
68740904
53799249
52751520
97319861
75297352
58889865
51905320
35495244
78955950
29039108
44202293
29023592
18464367
61553761
43502803
57226811
63412885
74619429
61708443
46768163
21773563
42049973
96632030
77777516
54009638
26552232
25191982
41632315
17831239
69642685
34216133
14113524
22661566
5208380
13234160
42664782
17754726
12401094
40173249
63362141
99786184
66440677
60946734
28022738
4089491
62642261
88471750
55880488
21982006
76903255
96140007
27036527
74338303
9272679
28652768
13106867
14222030
70524341
29107132
3256598
74616841
73503097
52743855
68220741
71677514
16877746
46404381
2262652
2794080
21311471
99255049
78737104
98207253
83095129
51147844
72057677
9618932
25349648
23358670
45023989
14859975
97382288
35066334
85373892
61128642
38201712
19671390
35086992
36611907
86216558
68373923
42272162
23396266
36628886
72593581
67439762
8495696
84600673
78745128
53423309
53144424
53843488
44221407
34328445
98642485
41765735
44033514
28752349
36575590
51319868
54049284
3235116
22437182
91427826
7450738
20544273
71803384
76617524
35643231
53769795
3401106
41229146
94702261
54358586
60576431
88410428
14768183
75096787
91487752
46872202
15636933
24908409
7877657
12906903
24543752
31188389
73524159
74679387
40634088
49981797
98864906
6910974
46067278
9217493
47017725
47599885
36294091
25550214
31569417
36649029
15141181
98601245
72695085
21251378
25806962
42726946
50946519
64046344
69060023
45233454
5041424
99399474
14896266
79317411
1721491
49053315
49474442
68937986
52506771
19966073
97037868
56957015
95931820
81622487
95386019
30466692
82831453
91617996
83133053
40692182
4641786
42031967
87796312
2154747
12768565
12464688
86799764
42329700
37023162
92473897
49873571
92692136
43504637
60163935
39425499
52301487
29079279
48172627
96800723
78243225
30024006
80437853
8197509
75723704
64906572
45799061
39649768
16365396
45518695
68504389
39570374
76284421
76804327
20396726
36359956
30347741
64576117
50885739
72433585
42903778
10927771
90989292
64850358
44092566
74677307
70780244
47706694
23919218
88227617
93107788
28847459
28133430
4805469
87187306
41360230
98165730
61292034
80005684
37112892
52787443
89025320
60602686
34115840
44884845
91030404
41084991
95485142
81806063
88843397
17487295
92425778
37775255
19174927
79284113
51812641
1299023
48513169
38589570
54388056
17307097
75857430
78222916
64535039
62697122
60864100
59384614
17691372
46079122
76423869
12488742
11814304
14800245
47935634
12286540
30277313
726645
98880228
1886426
26859100
60395464
69715533
28258256
85446679
51273385
77569703
62697876
79914155
19888396
76140449
7071131
53430884
82837197
689206
3334747
20210613
3436896
98160547
79177976
9224257
82439960
33111949
19554184
97090501
67510384
45464942
46423299
34508907
33486684
6525543
98676544
99095993
92573359
31887753
50855276
18849502
12882330
19459275
81064095
17049518
12939588
62222019
23843846
72689715
59554926
46832500
32224949
72299563
30323515
23109504
34291374
4579513
8925403
70931600
6319535
91714754
32899767
58829459
11597848
79104289
34842025
13318511
501380
78478760
84415273
56151059
42208565
25111953
84169642
77588339
57550333
11098761
94721510
74759796
10005421
18506267
76521774
20413551
69855914
5322721
5717408
98657665
64932675
44588880
54824079
23200409
85809473
50734626
78459371
60771567
13769968
67483053
37396219
65444065
97343004
89629223
15392696
77298125
94755491
67239968
44219124
35078803
47597269
30436027
29544079
75244694
94792545
83702325
60874658
10114643
7484793
88797070
38489776
28350745
25684620
85010654
31343957
35558800
51018411
65339413
70017685
64157261
91314734
48333256
98339301
65367987
52651085
16681498
95878723
15745037
63415077
40961985
97620409
9126083
62441088
10865016
13696948
58033036
81902501
84834050
85207778
4346022
67872638
89362766
94094958
99410182
10649055
46867754
60853925
82295082
75490767
92702660
28278101
39600904
56496482
35601793
23679362
75955565
31286616
92501125
80167226
15937791
30349727
65234242
43831329
91584148
50089920
8438824
89244691
79371798
26617576
18297736
46729911
11152879
77977837
50455029
57180607
37506808
92762350
65074837
35939177
36957740
11260684
31039487
78748427
14963415
33186118
37379520
87378798
5579367
82356031
1203999
53742337
47757962
18753343
997303
13147614
36376641
31413374
90362381
63391312
52536305
2857122
63445574
50999280
17893855
16080227
58666890
56723255
23512452
8958837
94262154
47236525
73722513
21182653
70514657
80973340
17664498
398499
92705655
86710456
62342505
1391515
69280483
38476290
55570278
45156000
8808162
56895839
75495969
68616951
63890134
89358355
3766313
23496824
72190380
89707525
71746542
61113899
54295612
25849866
37559689
88832634
30834667
69528336
31391315
98289669
81865525
61829186
21072004
13657502
21810563
73555033
51099245
87251665
33040794
26031244
82647637
69306928
41101398
32637639
95283372
3546043
80198962
97959003
37203167
27574792
29227256
57352913
35442698
56861721
44735990
72973043
32049520
73661103
39122418
92687994
42846335
5351815
10873894
20545057
61059033
75182553
32709561
67849559
32657873
38112435
96698321
12380098
46580857
84626998
72254280
19482240
51670005
29363481
91464829
96468587
65536165
26329233
96524704
85152826
62730361
34689954
81225948
27748354
45190058
2140153
89284343
11459233
30106434
29462807
81257079
47562402
65520459
37456416
59032045
16872597
35650337
17712844
14847803
81038226
75422311
21685663
92312603
66877070
3932370
63699695
71585052
396422
59730796
89636997
84403159
32623418
28724684
79532100
36790678
59339471
92528673
86641535
52894010
71435373
7891667
8601689
67216966
91631209
96939173
61798905
57387116
91380224
58000302
87488550
36132173
28731179
93058260
28760063
85649837
20429720
65181402
85856259
97322473
4430146
94218564
25071686
13974771
37048078
70683482
390796
80033675
83975867
50191181
37493594
64481473
81666735
41627708
77766082
47589940
9030558
90903831
528273
73513822
45198668
88874122
89856327
94140559
79141266
52895670
20931446
71205151
89594706
87120866
10545611
85758227
49665349
82946297
74655709
71513536
8679046
92022412
81609427
43625416
91434794
9338950
60480530
50248332
60114950
3147863
87162270
29077947
99532029
57938073
7302460
65668339
7628497
6753370
3372088
65287892
34810594
5528090
31474843
61590502
28329130
80412055
26317015
6975338
23633772
18278149
85175300
39850198
62917221
31838379
19773386
24600118
98047131
42727567
9738016
1976168
44081104
47400685
67942967
82681279
74980020
46321336
43252995
78182057
71352537
46116673
68674430
63673940
92308517
82166540
92813920
76647151
99761295
80133648
18867348
13193001
64146921
97890149
27654818
42697815
5904810
45299780
40318843
18951358
77004219
93577397
98606097
2695082
10252871
16230522
46244851
78064519
48480621
20007979
57523755
54245084
41165962
7339727
45765152
15926758
948315
98551909
78749169
90574254
92655789
19160625
75713206
14516555
61187372
77634905
60316972
34157905
27305184
54787982
48108980
53895313
45737332
46011867
13242771
79046115
13297880
71870208
50518414
64811096
28529574
26831080
35131167
51689918
376591
38246831
7422576
13907666
66068249
22507436
14871154
44838605
31364849
64545809
90970321
43084041
47291355
58324333
5293767
22437724
31499835
37080239
99896508
72144425
47392055
14401335
35622849
34118250
51518160
90258052
39220593
7169038
28618653
16851379
1703141
10616555
28018714
62902223
66638093
15340964
28291521
97606357
6658786
69094400
94972376
22387471
16414185
12403077
55629992
31548707
44628726
14357964
21177002
44601695
91062280
9199420
51318929
56354513
19058508
84065200
19102521
92521087
12824229
95421374
65155007
63719910
16615549
91960302
28212061
49627580
60290099
91517016
7498127
36798619
89538992
91823984
83811130
72658806
92580237
91339284
49976364
73842889
75183941
28052451
54178878
64926294
62462472
24634943
34804539
32709262
68912546
12902197
61127117
64850311
34823401
33431232
10406542
98382648
61127189
53749297
55689739
20408870
24972563
10922075
42066651
78887502
50023136
35276715
9235457
16503988
6096708
94002591
57727177
60302109
60027218
30292027
29580443
28355663
98395636
45891673
86888025
49458145
60176304
61745081
86904435
6776859
89410844
8129261
18078491
71941716
47253064
42590214
34214585
24029025
14141876
10096280
1491499
77713782
53092200
8496531
1509735
96557230
52317240
29672240
30228459
97786748
24519271
66770450
92304279
36806328
75611713
76810233
41968120
2968244
85949449
59908758
9904190
13323909
65556857
79188689
13188162
29484463
21898819
2784933
53904356
10053195
98763159
29718138
50465226
14932704
70172939
94516825
31749610
39181542
68098287
91811443
28586743
63967508
8512243
80232354
45061474
95519019
87639980
95085841
98304105
60239960
95092405
91936079
88941570
1360477
10638856
20395635
51078090
82200617
61704794
32343839
86998147
85365266
45035494
81298070
82264516
54693695
12236350
5653511
56609393
80705063
1404635
99501338
14650774
15043350
41998281
18118434
22067541
30988318
79285618
83105417
39727262
15332953
39391194
82276552
35920037
3878901
72593755
91691002
89624554
51236980
97500670
10551844
25626217
71173751
39068803
84565059
20238933
31750152
86098978
77079842
75312378
55928436
64195874
72186779
74552101
79052029
5419423
85420020
85660658
67793577
12402431
19772639
52106825
85463082
2293469
73845344
61102679
37435684
28428195
54695043
19545484
99440018
92444289
71043463
31770197
45575969
550119
9655452
761754
93809531
61285610
37123452
65256086
94351399
93722197
78416470
13489114
77959255
30387626
6788839
21583199
26938391
57601899
27175255
48010637
60102793
17985562
71088208
22077555
64505663
15990471
85375891
46203081
76935232
72811469
51504956
21825178
73060873
74478248
50461283
59699412
55193386
79033459
12180280
20711866
40687703
57483330
75545633
49023159
41860078
97057533
43203633
70507268
22326078
98634497
21392739
84347911
250394
93491033
88550903
10449904
45368141
60992204
11826635
39176912
64155455
62949221
65429463
12579507
78136630
7721524
89797320
50444420
68890354
19072766
89233881
63182153
63424596
7328749
14607215
4149599
61030485
90183166
85532710
81134989
73304890
97850234
61966131
88237614
12604476
66226374
58969856
35545333
54518249
21327179
25038090
39038895
51102318
95888145
21549304
20227724
36209302
62915836
38765969
97897856
18864595
70269278
52705851
24517926
47904478
66871943
8339530
99176907
97566304
623737
84286044
75344628
62627978
59767679
28587837
75503791
99211924
1199621
34295523
30658295
98889902
13739978
61035423
40885402
59919764
34331789
36649080
56197613
85128944
85372942
41475417
2304908
22806895
12527623
6649205
80309341
97490711
78682003
94664557
82391822
56177327
45002377
74588020
64818245
44379143
23480543
13600088
47854527
47130693
4986501
71260389
49103142
38631469
222480
88789121
72010445
70669458
43301981
57923875
85126990
17908081
29129967
26079469
71533328
51777929
89379194
14838154
9130633
91928420
19644925
61816517
62687412
30436504
15353146
57658163
47941562
87203981
78162027
73966731
83314912
63213977
17767678
41583754
6690630
78448551
16116740
61410524
230962
72435307
75509319
34575153
13201325
56510677
63125956
64678400
49102220
71054918
98472473
14644987
5993193
35019532
73336950
63558771
70902015
55962563
96331898
95489207
16242052
81938616
56283771
89774053
4910657
11839781
26998372
74865041
81185559
18376514
48431768
65723807
38470194
50321551
41775746
80444428
51156668
11965024
72807571
33531829
92514816
55711928
56867281
28291597
91699259
49232853
63891193
38730315
58821999
8090110
73845023
86875283
74154327
31886729
58330897
81193449
53131643
30501050
14357524
36417324
14427002
61003059
11335454
99019566
43405488
26618231
5212070
49162083
77887621
76894176
54142469
12564379
73607913
17142667
93189985
37710732
72226225
81940689
90220211
64546662
19069415
53198936
77767297
43245323
27422494
72782408
8784329
37261644
33573790
12132948
81999808
55745051
58956624
36206276
66381306
58984656
4515094
88035219
38721064
66028305
57397518
50089366
92274454
14574539
85384193
10285308
44882180
18090495
89175898
16346364
99418349
25706907
36506280
76411572
76768120
18138916
86791087
77404373
75372136
28112513
48260246
56287402
63663222
11155134
5223770
39122529
50784973
70345088
19564035
46284650
46046762
26448048
14553770
74213101
99382042
42264896
90163017
85822782
87825880
67763139
52717372
10601822
36014376
78409087
87859796
15809238
21573175
38004490
16664484
13837365
73689655
92567195
12696462
73981139
60040764
48261880
25627075
53424223
88423505
53262589
82936650
29782081
87420360
73494613
95992179
75767854
28040135
57801285
30312293
60578873
86824842
33540322
97403279
43323082
95744811
98176382
69442000
45793995
30377210
30369350
98216016
73789035
3489390
26024243
15541915
98508723
17803781
90268856
31137818
2021614
25716330
75966956
32833937
29159982
3102682
38493074
43586949
71135058
64771444
96689585
74175401
65306206
46058367
99891539
20536701
32504013
92005422
28176808
74143729
29293284
38113580
77226718
19882155
3958425
3491621
15354434
41605679
58165233
41426967
3728327
96193430
12679505
85633388
94491297
84466384
80223984
37360507
82234644
1586222
90315999
39741143
92067187
9744851
49315694
89598168
72424761
47122331
2828662
75891553
3132313
45267299
17252288
999196
47752354
38920731
38373285
93259397
35635040
49981687
39116415
25447489
43850629
13203656
45616390
71353709
63855576
53510158
18644811
35416788
99475616
49654110
70624700
73842211
18410282
30037122
63642924
48710810
45429459
7071280
51246858
77665410
67396298
86111194
82382554
81097258
45248463
31512649
72778422
77180697
48116059
53553430
24721147
346185
79655298
84734432
10281587
51002462
74688898
22227787
96618249
72192603
75011384
65953325
67830466
97663156
32374439
13593804
38139294
69582388
23215456
85547092
122911
37601837
61274408
48048641
49878153
10930048
80386806
90178471
79775689
83319985
57662427
5992472
31125806
61337661
32066263
35006845
17468620
98967949
20519298
67535346
88692149
31212500
2595097
85470610
56188817
56395889
80853030
28062354
71448238
37560854
3492647
60209074
53389921
17389766
62180554
92703302
87510616
40304243
42068818
4981555
67969141
42147140
4064372
67697384
52407917
28255297
4167307
71798091
76043161
47702105
32442280
11734204
44094845
91671418
22991824
17174228
63065602
80250942
4054732
35527970
65650538
52585734
12892782
17514856
45992515
93412108
44997109
94760620
42376810
50593702
80941050
25503944
29032023
45727509
83886223
50010388
12739475
89161418
84002694
40554078
10864376
19385344
11908421
65953794
8172079
47858477
97151990
16191870
11839055
95986715
53171215
75002081
71287234
88508633
24207007
38923351
11125108
92997631
69574578
60561294
73429510
5250806
18855145
47689476
19197904
3607019
48861865
94871969
90229554
68025766
39457624
25904085
85371110
3162756
93477819
65543995
53075230
82175102
43105240
40942419
32608596
31487334
63822094
7214586
56577865
87028478
27582074
50157142
66095767
78843749
54587174
43547147
45373245
38010011
57155431
81828661
56922686
96942401
14135664
41935713
71455680
18586972
10434588
63323915
31043109
55325796
75190534
38278070
46497719
86308730
45155284
58225818
13364661
60593298
21073571
87693202
53166512
84025932
72189209
35017186
89224209
36931994
80268220
74717616
65935463
65172929
96775079
4239635
82810415
72843648
87499758
16915872
37476873
97393667
78274406
26550085
46163977
87388984
87985834
10468570
93506817
79429672
40070967
42007741
94926504
36760106
88008088
29621062
8214708
47099944
92699837
86088259
48713575
95804205
83904942
51227587
65345799
75786514
86483944
12660481
78362563
3168780
37298476
53075774
94932674
8301668
78669850
70622388
47496560
32538064
57851052
85676955
63494039
62895149
54155998
27403315
56915210
3888117
39282700
3551019
40547917
30640306
48559839
65250434
57268483
11247741
13536373
42872683
8820565
96715380
68353274
36022885
51510648
18056265
91826811
29350625
48994490
69864169
58101802
26769922
40440433
49419726
52870677
89093116
24152698
15997283
51295908
25518586
85891887
12700230
10864122
50956793
59223293
78653933
98889945
34481773
42689203
637805
346451
38746970
67358032
58673754
20415914
2687880
64574369
86629911
26704576
8078551
27017610
6574706
61679959
54551290
82867053
10378296
19152376
28752981
26744395
70739578
70218346
3177636
73677177
7711517
20312478
64553855
29276068
72305588
84964714
65616751
63856479
71868482
25141821
74072255
99550325
64973191
48351701
60076339
34034046
2554269
51161821
27357424
70537944
87958044
65586718
13256751
59490256
46096282
69012581
92457760
97473133
19100766
67777643
60106330
80871559
40113172
53203901
71290979
35090483
19219103
85782081
42697357
35493358
96600924
77693026
61091235
73274646
56737475
70088605
27052433
93708175
14979679
47563913
69324650
89590744
92151399
2078718
62937319
76622431
1004956
81268595
564329
24367350
64913537
26606777
83336257
92502311
91856034
84461439
20750152
55135384
94662874
28577431
16144857
82776188
25831266
79855780
7433821
45692750
22151460
43638667
90053802
98255696
47172191
30984482
86047495
7711605
39073908
90680038
3566832
26602328
55861682
49623847
54910254
63136686
29444632
24461426
52658936
62860721
57661800
17380720
90016308
91162413
97080886
74647358
59947683
60791141
51076710
14017130
43494279
96484014
74237378
98107398
30922776
2381050
30456490
5430632
61617354
84167074
1645945
47830817
36460345
80475422
88204895
52946415
92470744
43190283
39368889
33152041
54332497
94501370
54308992
83250021
48193172
49457975
19309760
2262247
55543764
91120502
37277050
84016112
67735578
89584270
92727888
75309770
26926149
60468377
14361236
7048376
74165408
53973990
64295027
56798110
38083756
2517588
19312863
90049183
92968705
74048114
55316079
92031016
82328474
25943329
37035361
32614041
5578847
96378946
615953
37155844
52044721
56593095
28526984
12674290
35430324
60525776
50448442
26187043
9104900
77168641
10507765
24317121
29455320
42782807
25680356
84261988
39186565
20787611
67193280
20299674
20350631
21101215
16157654
5123812
90280603
96043411
25927901
75107704
88342061
88876500
44104525
82642989
9790039
58917098
91317785
12540695
47222412
20707470
63357057
96192233
39977141
51595125
55271318
23272427
27805657
22770378
43231908
87983559
40886824
84900912
95166378
66979368
36775763
72798909
50118571
67931128
14375164
72807798
19922526
23876691
46375077
11255242
59239507
91927131
95704458
3757196
11970774
20800375
27667781
71133614
18739406
44610347
84156066
72890378
18750499
38009110
45261818
1788024
82296866
93362718
77136262
33869919
13580703
24193619
97181539
87541271
82392979
50276917
13550991
37295750
37484762
97631740
31207818
72161518
29097783
95505310
4744859
28010980
23986692
68703716
28263178
43481732
4728506
74922940
52971346
31906416
12424764
79144486
37141829
37619845
24489114
18296275
77566592
2432119
86974817
147901
22412790
14774994
82659683
95558094
39669788
19861334
42153862
46685752
18011841
24718698
95436606
35057455
84806229
55992659
87401484
11011387
28726989
93306842
34282195
61690059
25254165
92403079
30811702
29528826
68346205
97537596
48309884
4059116
77661536
19834189
45280131
87129715
42696446
65603254
43449686
10092270
75132073
90220594
2766803
64177965
62366462
63018827
33173557
20552946
54317418
15080149
8971951
67595329
86809074
50660646
43765350
72184480
27067819
28945848
61779113
25365724
34422743
17454575
32277040
10985799
532466
43436167
99265668
94320044
70706581
40959239
13818825
39254502
43949659
25691474
76217050
64941820
46919244
35849509
88031927
38382173
70587445
39247383
68889635
16516312
59153296
55337260
52422610
13378177
22851758
70749007
16970140
73035523
61403684
56785342
67863067
51046668
7350739
90671580
47117060
21065208
86570587
27556403
76307654
53743766
46525992
49618788
2508877
74425302
45620641
90073902
18270094
97933134
39739090
87761808
57245777
96630582
8472227
21915603
79393709
44721413
17481955
66839430
42038712
51467485
30675772
36975801
30954600
31366186
33957448
951561
12956807
495696
96901226
66762216
84639137
81112293
32768446
88452262
30515472
99714220
6837567
66576156
15434964
99091307
5933748
40414994
67732109
4862151
36783081
87042568
46491047
73414137
55854964
84102432
51371908
98148040
14071506
72026119
71891675
73012780
913587
16824408
32573328
18182488
13262117
49998561
51842861
63009666
49317827
89746234
59132534
624002
12894900
38573746
53875394
79271321
44893272
15399086
75379938
46024828
5119846
96667642
82725229
25393738
53665779
89164878
83838141
90413029
64962800
93091666
10480791
19038204
62865535
90203911
58722573
13150379
37745738
80576833
39595535
3516080
10411961
16506948
25197506
76975736
70485765
23201808
81377635
62202908
32569061
15664449
88231924
48289756
60882726
23948567
20026747
88723896
15033748
62006594
90749510
38447641
41876171
96187001
76161614
99890203
83055618
16497517
87380892
55602639
72642626
5858750
86779304
27175443
3520702
5564182
75059539
37873974
18605642
79918146
88642481
81610728
50346902
39831087
82593428
30457350
61342442
67377713
42246409
48130962
4836581
215425
5505232
84613747
76499432
19843698
10668411
12893462
44562853
37953313
74521502
7568149
67647077
27021029
91411394
58887408
84060682
20039069
57970501
84592399
56040028
23839028
41209070
44928057
4771648
79236805
14486727
2877940
17804240
61030741
66761397
85134101
48399207
6450760
84142479
52150432
51541903
11827775
33634855
14005956
26113572
36811194
40968975
87601884
2254697
19758354
48628223
68580169
30358296
28375370
313025
30253716
30276303
18802861
39037789
5412848
9714205
86572175
30113863
76568502
93238745
23758869
21982950
27450021
50280077
79959712
7840269
7409934
46140792
65010501
86002702
73921795
206104
68636414
21605332
67814827
43172636
86029146
71532146
47606171
38552100
11527558
59854570
81298769
92922665
77254047
21877360
73626569
21823299
71578552
96186594
17796119
15343025
35852599
74556118
35316206
74772259
88925595
61565804
10657
60574325
93527245
72459785
67759294
83556326
55769216
23906052
81914917
84356577
61525878
18929615
90336717
23656871
19173080
5434004
20329789
30255686
24669436
9340275
9116567
88312082
13069668
86016080
33492219
2740451
98430359
63756167
20340184
39859993
27048415
89232000
74916198
70656473
96229344
85707862
2173935
968245
92813397
78725448
66134171
54205907
47439229
33273709
9427467
52964149
67273185
47421460
16243870
95595582
5381375
28716638
34480577
66426884
67846665
36433346
87431775
33038614
52071876
82459232
62603307
89318502
60805076
59845501
50298109
77836189
35893264
31423616
2906047
42769828
99214433
41214350
11614704
47714539
43647007
89647370
96414741
34568840
82590195
67343710
28223156
24924589
3918337
23828365
96234744
36865273
17698526
24911377
99651643
70875147
79845814
99631257
14797647
72927163
27249343
68994122
82096326
25583761
31478256
23782548
64991395
49526443
35467536
65464110
83804508
41917344
21983471
71869683
80748231
58617990
27420727
15321595
1151556
97895446
37202506
94836008
88070237
9201117
19274787
54911900
28536308
14420981
63533961
45287652
5490621
49807920
26952220
5562126
21115255
94415506
23403610
88430466
91967203
74723140
50826178
59200025
50649005
95261157
99399093
92780655
31532471
73564932
81243497
4003538
49975942
95817071
97178764
66380660
7904788
92109588
92736488
79104785
34215301
77577021
94129976
61208996
39356242
53160173
42003638
75397973
23486708
17991562
46198711
28511644
35617308
54307052
34881075
9099420
63668167
18652060
333967
86951062
30402122
83924375
94452470
21380662
72212648
69293072
85437346
62340230
51191365
6685957
19125340
90280548
84425448
52468215
54935642
94893367
55771612
43268372
28965700
92609651
37746553
21273603
50062734
1600827
90015053
77856007
52442899
19772978
69363197
20974082
23250069
11151163
6738692
34247049
51594735
80339755
82262086
67753567
20984915
52462473
50753977
9503152
79050039
33103552
16313661
49836531
15422167
16729510
83734420
14570783
33336579
95370908
24882280
69066338
42322887
78629800
8829354
41330169
71356105
12182056
95182377
1138872
27417009
69981300
21612448
32538851
26618034
97289608
69053832
69378431
83679644
62467174
44602009
76900628
79798571
88432223
34712150
48237730
9992004
31766027
33339485
76713749
61625106
89808579
60479774
5607680
1081113
48710233
61649836
35254937
69103072
7428431
5474005
87320180
18888917
42321401
69713408
90160730
80016509
85275810
72571336
11773658
41207026
24672589
14927277
12627030
93702978
24087248
82684007
80069446
12770121
43932753
99831248
17208674
54761969
44517753
25422627
1617255
92985721
57388705
26087102
22912768
20889341
78830336
9144596
33285429
35862599
78367112
65976635
41455182
77334213
67740405
4639512
29220504
67770531
48928087
36091330
79394113
6755587
25915935
38003470
5886519
77346050
74932334
24289627
14121293
10522007
1246539
19938151
67100248
96865248
66268192
95502687
78698527
77097924
11488671
29209426
63215307
31950354
17013270
40282802
60405036
53586184
7348492
52065515
33467798
65418303
66326097
28589305
61585215
46468557
96587013
55225711
28593772
1950428
67613328
28335743
69141920
92429930
97585151
48040371
24274292
19908924
16867098
76470443
27753588
63764945
94345357
630631
67489655
96964182
66414110
83850172
59636533
22046924
71539077
18849628
60830836
2975690
19062111
91064061
11018159
88672367
27261581
54303927
99385133
43410215
81386674
74549101
84649021
79617272
64344238
21923830
39510560
89878252
46308778
64030608
71038849
3097227
66481611
33241754
99981932
15751913
80706782
53725478
5054426
34872157
63483848
25955493
71849184
85357483
69683493
74350672
1621934
14978328
63979936
6740101
62055648
92827344
83785118
31883999
88239824
36415602
17080152
91808146
44093941
73748222
66185587
61243944
47479482
15532675
66619633
75257066
27845114
48903500
77981103
84216947
4938422
48934991
27430866
28576365
4769555
29143364
73087600
37104668
14231417
54328701
84355791
9221997
78859205
29021249
30855319
75728366
49120722
78644909
91997988
41263538
19141124
43049247
29615528
30283560
86447433
75379122
78097035
73343359
18138216
80726916
51384328
91542250
73905756
78367974
7234389
87978365
24614876
4258636
78573874
32915181
59955219
35402031
50374952
69112406
83495670
24812462
98142754
14074160
48596466
42871707
91461987
81337574
92232197
57487559
48914581
34846249
23005669
80822310
29299137
81026112
76786522
98926978
23866607
79283265
7112390
85114479
80415283
60257483
52967870
39986785
64947694
82698610
84865118
37471196
92005829
55802071
17991088
96184711
40138410
82334553
85449678
82711315
59972299
77904895
98130806
4818888
32225022
90295523
48670304
13771717
1816677
95745844
17017327
52853865
7299821
51163013
57839624
9280324
98348428
91721748
18695797
14143164
91926724
46305109
73343004
25933252
27922787
68658691
87135024
38694928
52986995
86993242
52732287
94629858
45244201
31794476
81359916
31502690
42391912
35993486
13223685
76172297
15181490
34685050
35166553
31551448
36981048
33418838
94942825
58288212
16474082
25970225
31965643
71547963
25518786
984271
70925346
49292872
38601946
16514527
28258909
24874232
33904626
75505764
6281153
97437788
18268649
62756281
66845832
64486725
48817424
71229264
98261647
17334886
49454045
75378135
73175474
20537800
27146841
22569068
6748378
19363912
57091683
18594714
47769800
92418945
64879916
42996571
13580732
73505738
23503302
99568356
7538810
49869029
15761499
13390436
91033745
44027294
86862962
27084892
28363545
85089983
81178288
58785271
37611173
92632986
17339467
91396378
61266155
31828480
95201591
73202967
23508349
10969389
62167987
76585645
6468733
92987502
54775530
85485109
91669137
17627193
71730840
71691039
97874437
42016143
63995750
47861943
6262456
40359667
85534705
31248043
13754060
55705664
78673176
94135391
99538021
83480770
19675280
62160434
92873166
82929692
89403042
74320383
84234319
32323871
1087738
26520003
45824791
30834848
50927458
50164147
16425532
42820983
23109981
32769618
90792054
19506955
44227042
83052946
81607000
44327666
86112529
76556791
74389756
2976286
10510197
77286251
80242327
13392610
77274876
96625039
52717730
44589790
79817020
22835110
10013594
81659543
59006705
93918708
56941176
74447509
98009723
18053300
61214104
77647627
51130700
87073143
1675307
81457881
52047118
60712627
23052398
43035090
76380679
84986378
70484765
16692642
21601549
79570433
59309384
53680776
65323665
90144323
25914598
48484693
95376486
48529958
43775929
85912594
50167746
4054058
34621486
63013338
14554606
57396673
44471737
86722802
50576865
65533115
13536511
57296086
9986924
42106648
97463273
52438191
47104431
33058578
21178159
24055689
9783635
84451715
54757448
32253186
48769051
84777606
50674815
21225176
51696608
97240198
84603682
20052757
56707998
58411931
27824566
53660665
64663579
73205764
30001635
120801
33402637
69552036
54254101
76974687
62683794
6870039
29476079
49992518
87473618
39716248
39878309
3262169
46736568
31008333
16506402
18188032
16800289
94216978
31682527
48593127
75163571
90978540
70532253
53130574
53768791
51893768
66835733
48992027
4604406
73153317
4878135
75225237
55474555
1733356
55654654
16957450
7940508
15997568
9145510
78812418
42386812
73086923
34332537
41471117
658412
30441675
60923710
46612744
35074960
60368684
44413209
27955987
39089544
87017606
21933423
96541467
82422746
98145394
59479778
64818299
72519079
56618492
96312447
87446037
5923903
70256538
6194344
94918724
23148570
36759793
5392347
88054299
6408495
42468715
29244657
48426496
26168897
54473949
80546212
71736884
37042115
60368366
21107655
61063851
20519477
81346844
40412252
79142912
28357834
97900084
78819849
60912495
42268081
94088717
77514135
85347881
63901716
67580562
70345497
97867030
34074633
44508596
14251618
94400300
60150090
45450593
11718854
56312564
81973777
80423114
59462712
95080432
4989377
84826480
39354064
35889045
74274264
33033226
47890650
43408118
54170789
31085125
75224433
47332232
13002088
12393677
52897403
3481607
71915955
26659003
6578408
34889952
29999804
35729956
88457494
81207411
37958778
74150132
77558007
23246131
30808264
15177826
78312152
10137946
65173538
95056311
93707685
91985896
98631557
8842659
29230800
13176366
44160871
90561742
73540086
41839387
63239470
38992077
78907204
16116784
21682310
45947369
28855866
8212370
72832504
76311900
63679141
54034233
6527298
86236979
52297613
15311859
26273166
87581752
95020343
35885717
81161865
96883175
90921497
48630178
23205748
7685537
90438449
832225
14153155
9938551
55311272
67595065
63546163
44571999
68840929
45657042
25543572
600189
73214523
91543171
98696420
7431942
96830757
3036774
61725279
75533361
16744095
31980638
29387447
58231680
91224235
16404134
22744008
68219915
57075136
14042689
17587908
67856697
53149693
10042678
16242337
31201368
5468239
76056934
44053380
79108813
99429942
7157966
41375387
76781804
48490901
39154586
55853307
14794247
55636720
6885122
22069561
25196328
32238100
41593899
78719680
90169394
22419983
54135023
1803026
62003407
27405808
61251421
49315946
78927161
95978873
35125702
65300187
68601046
37285201
33071853
90804758
50957699
78293877
25607105
56073445
73599660
37813403
57216473
34183541
14656019
31862333
45432851
18103622
17642353
90172800
28449135
93277959
22342085
20865269
46022522
6518706
32032011
56953050
48259578
29785252
86518394
9572122
15010590
50069965
60241619
25473401
97034522
59358942
2702498
42586113
61612895
91998888
41679143
81106155
24183525
50925097
41885118
48915968
64722071
65112267
17678212
72387751
39634937
92799450
41216977
5056220
25145723
43393790
31503648
64015534
49753870
12582335
26008162
29567476
3243039
78354624
96795848
43133337
41925623
39952566
4113823
92301625
9183710
84086849
74633239
3543683
40377134
84414446
27659787
12162799
51450125
37621083
80691080
60781915
59615315
18664673
96575794
93094825
14242179
30796115
32394699
19234509
83508683
17068680
90090007
74989405
16060497
36449811
48345958
60298945
77103690
56258982
15289418
32939917
32915284
60345273
78361732
40754355
1980904
37916782
42357975
37696135
35115238
36415320
33283836
26635388
81621280
69640520
2853134
53111971
44270936
75186228
59022927
86694045
84901298
99272153
73442968
33612434
69051216
73474543
7898568
28484914
60148721
81697249
44193572
67098499
42897868
8908038
47095897
42287448
63105078
57668197
15001685
26520786
86878451
24493090
91574980
55685405
15965
441867
99319939
35553951
87135000
84753485
60484961
82273017
96275097
19416984
26117514
40627916
75170434
76528688
20182598
19831655
48922026
84842315
14433504
72430573
52726110
37423281
63079368
85539376
68948605
34693978
71112057
77442208
12009867
76270785
6408304
61490104
44815134
16225312
44025228
66726852
873677
21842014
25486243
49141887
49882328
13953271
25962643
90288249
88137758
4902389
96183395
5385304
25191364
16923230
28587778
82962480
89004815
93221265
22010432
13398336
70016212
7469910
22129922
66694628
26584319
91727816
18345201
87871755
98793566
59446048
1157056
52176506
91777745
97146447
67354818
18383204
17757366
72181607
18081697
59798459
47060495
21823248
36740512
87076937
37890693
20757179
63475317
93314597
83624487
45414577
68559126
19698732
69734633
93799610
14633133
81480823
77359998
30256951
41897733
81062967
27787429
83916210
8704046
71427156
26532729
15425907
25415244
6752721
35687699
65184606
21362239
16435988
30238346
22849548
81447059
37431388
70140513
44325459
68769853
16470038
52459194
24019632
86551472
93096627
32490168
33150004
58633491
49337463
72419237
43539053
80237723
95353689
78508183
74624324
1072063
93482012
60223194
76789050
28676482
82834189
76751060
92361755
53807201
61146425
80766257
50130466
80616723
55813373
6988863
86653001
54268794
74815236
99937584
16647835
11836201
9157102
46640297
66540787
58111071
54407074
55738807
9529008
55085786
52981815
21765057
54655817
23120848
91777285
98980692
91504901
14804096
29798656
26422427
35473822
65345040
91749707
90042028
3750850
83776780
3489049
18643216
39938507
51488837
42409277
33681460
66113799
77831234
58089891
40776677
44850529
21897500
86301724
32061464
87061520
61312135
78100500
25270848
99121624
15321963
82073482
14075730
85863120
45509802
27634103
96368091
33989294
49509922
53368542
33948309
12424693
19317541
32858748
64522538
46280238
86818724
39174997
6491703
17945972
5035555
29362980
37851857
49143698
24082117
1684757
47648013
93732209
2948270
20594868
50875940
93915234
42543729
25255096
87345270
98084630
64535003
18582821
93372459
1269592
82316503
52936586
30736891
71436901
76336981
44003674
24567261
58799509
37369880
72966471
55334942
63976351
90929193
53413712
80770157
9056845
8578757
9103227
62140342
7034768
78666093
72089234
83750890
46328386
89200378
85853990
13276705
19366696
61911289
16488276
47444589
93910351
60663899
73580403
49316080
94440890
68055032
66962061
53283191
13989707
46316079
59745977
78842335
19799915
96381260
98654399
12189699
73914477
94138526
66285457
38709781
13053388
59947309
76171862
86087397
11355909
37139296
73446986
10700589
44888729
93884283
85172052
37321693
80096598
7788324
24529095
29054588
4534155
38986987
23981044
58190118
12981187
60547311
84818519
86907173
3880826
3608409
24961314
14480987
60402266
60375000
4687395
15805138
6047602
74973018
66207186
98256540
33712245
86133977
97216162
61068312
16798018
62897024
71362745
98099001
5267214
35911564
42255529
92147629
62077273
85630085
7211029
57276982
37715234
9598305
19171577
16619131
66696033
57979552
24656695
66126212
97047710
11623179
10314857
83235590
14352477
19567272
10244698
33441700
63857791
78280009
20918668
92028248
729781
30055966
81013173
3439584
55715513
7800170
14288603
60898335
91414311
62119160
70379025
54953365
24021496
66464943
97299359
90217429
72498364
95168948
19558752
10269937
8087083
1344725
97365750
60452136
33640609
67331585
68972115
90143833
72700095
28170998
65668148
1433110
3772328
76830800
60901891
50594859
22115983
57817969
32827037
43397774
47003063
84927699
36645395
50640246
36960930
14551024
54288425
27089047
35798047
41274288
81458680
1081432
630892
59340661
12117336
59939754
91949898
31484472
4478858
83837970
67549457
3243961
82787500
10259232
50674915
1927023
72374245
26909417
99487716
83173692
71864035
34911928
38058427
11153649
1817897
16165109
85610515
38871736
28480873
17507644
3799467
7531540
30995846
39885335
22159148
73499646
65388186
21633390
49188229
15184708
39457264
16084443
90258627
24929193
69073252
34789821
60909889
92058559
99434404
21951403
89472673
56712820
64878922
80927678
2481718
98907717
13432465
33909540
26794196
25171985
79016737
6506031
84257383
97969365
72074375
14695115
97037762
54168068
84674795
70203868
44980866
89371872
10286765
69664783
53972146
38275482
84188528
93226193
43344457
23415351
29756318
35990228
87312701
82129122
76005721
31473922
50998148
88997793
73386221
54793043
12171134
29141535
86515772
47963787
58725449
41742031
3242861
72872502
3579946
47806641
28390765
3596290
15746480
33206128
79334054
77123751
1965202
19745302
3872549
26659226
34078518
75780668
92849321
14519607
90384114
25638265
71787326
23278456
54881286
93356126
39128785
15844396
96509270
84120097
14645383
53319306
58917017
85919541
73735200
85134564
77847747
24077564
82123483
24526598
47596305
63218251
79102936
40129967
20203376
95052925
93923578
9042215
34906463
41338269
58099478
94661618
95575567
38183191
67251161
9820794
36924560
64105536
99562931
80845182
77713345
7240505
11626832
40912157
6467126
2659973
21366900
17063909
45536517
71271383
75641602
83715512
70608756
93326938
61719506
65568632
45677342
82630047
98976091
87819484
76649575
6112613
47111998
12616427
82612922
16984318
69871326
15566687
30922075
40605580
57842384
58607696
37316793
32144115
64556880
99998264
44624460
22290063
41456521
23359803
8620319
32595192
58901837
88108566
53243094
78422830
31382007
87413974
42687539
37441313
12922919
36173170
33044508
37308293
85314075
95046258
26102841
14742263
60097781
50384823
49268894
85146371
16982648
74893850
35545860
88852215
92910634
26479323
4486067
39027084
45140057
55939713
78324040
6023142
5748139
64241645
17677980
61070949
38759670
37577638
69994516
71023375
56560821
77538470
86555781
81801369
89846198
5909203
66507613
58783890
46547176
37395997
37100913
77378851
61589962
61680339
41726939
38423731
62304925
43206803
11609334
4241591
81327520
75372130
48679324
49181265
48572879
66885998
83802580
46801726
68914545
19990979
24819886
94846732
47701776
48830469
42732494
4137936
74993163
13898108
14960131
39849898
20429256
60610185
17146486
18197044
97779241
9319374
3800312
43444576
74810976
30444615
58892656
6413225
77615260
18196801
70853391
77143273
78502357
59659549
29512766
59545313
38142320
13518120
90213777
77136001
6737420
27350198
64327890
48604991
63920066
15932580
40022312
8926120
24121729
91520866
3013276
82225847
62226037
44832371
17640122
85160850
36383622
92657066
46951168
3030055
19236794
63528484
53383060
51432878
14006508
32787066
7756877
54605924
69917900
88434560
91709313
98258521
75441278
55726613
40698411
20433820
95991332
94510402
56333290
75045831
69275294
21288887
84606982
90820625
97162111
16370978
24653396
10795950
34540795
66279695
13808473
71331490
48669564
59810733
31999214
9275439
3980005
83015028
28534847
14440407
57009809
2316454
19233616
75023358
75601044
92274164
23597238
68021918
69382557
29744785
19883028
91128187
82803812
8367074
1299563
61680121
54681631
91265975
24365013
15303651
59689785
37301449
61531543
6474296
86313368
46248042
92969081
86405094
25743861
52343722
81224892
37752731
78861272
82029645
14434658
87095115
9391234
13063094
86030041
31736231
27504053
16631285
65100707
13141889
50651721
11937275
14018239
79399402
25955555
56798526
47548453
93038878
68708597
58237087
53242894
6463301
6069244
18507879
60114690
72718349
36922497
43935176
33307188
12150252
38020299
83715027
79689146
65502570
11782269
28641320
8655980
78325344
81126370
66241579
98970662
16670243
26132284
54177737
31295273
65603222
68318483
42410375
27332191
9093852
2111423
99632306
51960838
21576395
74955980
68732206
26719193
24899327
7472453
86794765
97728611
8826153
31097211
47624596
9560258
13776862
43090262
82358838
27462188
86668394
28025470
25245400
357361
62848502
84526611
9375422
23742711
19713431
71311224
57645403
85037658
30731452
47735523
29125441
26756268
21309260
68793044
53432699
92330941
25161842
24687047
20939385
11864970
90222197
90805964
26267826
56812545
900480
28855192
30364513
27132611
71926701
68029407
68805241
12597162
96135966
18852898
85944931
10677099
22891506
68888412
66803602
8016959
55924301
91230557
90833663
6342725
84123682
2494340
39475753
13101504
47212610
83253487
83352304
5596344
70604770
31501056
11659990
48900521
86315045
11344466
69372339
22461782
96401191
75856186
92270552
72384867
63533588
45628143
816403
32081668
30151555
93856558
57365544
99823982
50409438
41095702
73482890
80507810
77754798
43875563
80468208
69586384
51861597
79212818
37209746
30856437
28675033
26078808
73183664
1694032
31494598
21083383
89086745
29021160
13850205
86612164
97766408
97194964
85519911
98299087
99063275
11505253
61772353
12467472
41020286
98690106
32951468
39112547
66097152
23686062
9767705
7360323
50326209
88085379
45892406
22780947
53017717
16558891
31375327
10376817
53542128
46507524
57982065
51455364
65958641
30431140
27969006
93997769
1948616
47027573
8841031
36840039
91838990
42851919
94299560
30101796
58508511
85017647
58336969
5094364
48533046
3414162
76019623
19698000
32967565
25172459
12560350
66181107
24787737
29730245
39551199
18125836
33983786
84442315
73790881
34773299
97608798
62525605
73047601
50680304
91388673
84829772
444099
24830498
58445244
82862041
36520743
5288221
64146427
68230070
93702136
11163768
70033522
1590312
64942271
64304017
56543122
305880
31557677
35423573
34406329
81395502
10907449
71838134
30017637
27092283
21141812
82252180
30624207
64476979
64539361
63900083
17109738
63924334
94640480
12376588
70842493
20329288
36768316
98980629
21207159
17708845
89260133
12448487
69904684
35611583
52139340
90665553
40678138
78618960
26721294
72883435
65400052
86242611
13318583
96102867
65125703
51211293
30502884
91800468
11376254
69378972
56897204
76428651
90782988
31947696
46896002
92107404
4996908
37170698
72960970
8160749
84720917
79199018
91978402
92213588
18513858
70773352
50354511
65565054
73099556
26145539
84836880
61542695
37700863
9783905
16955044
14288509
58014945
55966692
17372657
23816065
79793037
86057456
89162411
27718042
32658276
22656122
8327074
81908838
85487694
85548405
32968025
23098482
35637516
4697648
86443875
31715445
8359303
55869548
45723532
73776003
51781062
12925608
28374272
78627853
58364794
38360835
18421865
50519061
25481554
40213902
47328111
75635994
39089231
54427230
36457817
91808695
95732845
70438646
86148191
32059402
25306201
87407981
54278324
55659525
88277254
4109168
71934448
59828158
33045668
32417227
73482606
13570855
1495958
51015172
15904556
84180712
95037994
2148380
27793764
21720119
306725
85256209
30758512
27044322
58818159
64161525
89757658
62164529
61425113
39720322
80608588
41527034
83735987
28889523
79884820
77039016
55283665
90570753
26580481
81049989
82120973
70391088
31916477
11638740
79114301
64906426
58794606
80350488
50577865
28638252
35831605
21886129
53178817
59309370
68234386
67439211
25618729
97803434
34461775
48247665
51112676
77767280
2111385
11315821
39533449
85630346
76791236
40450329
21822027
55459324
22696047
80317201
43170693
59586257
48149438
56390415
73623349
65108036
51618744
93766633
60284811
61596756
26905675
7655172
17180420
97581729
94593735
1306255
22190880
37950990
60394288
20778939
95246891
52625220
80670178
91908903
88480384
8203134
65680220
55806446
29506602
25874464
57498924
64203487
37972237
94659799
23309165
60524403
59034824
89125710
99304699
46640575
43957055
28562534
74903416
89516915
81506104
85879454
2267799
54407836
59255383
85165722
92925230
86440531
17455838
39477122
87614032
4378182
15714499
46678234
67863228
91191933
35889417
94433934
52260619
72330217
26315683
90811413
20594078
98527495
4975479
80743841
95257542
75437360
77317353
89206352
53583200
8953526
14973279
30448643
75817773
71775895
8424899
64404820
72431776
93036633
76614348
9326448
30166193
54897115
62717899
49524577
48480287
87946678
43736673
79312287
36113595
40695711
35404687
88518615
13863409
48859496
61145969
83656208
55360405
80999172
350990
40617664
86494520
18717512
47442673
8868004
69317605
55196823
80555701
56084571
16282374
70851499
61889283
53456043
74149693
24857322
89957407
94525751
64789752
83280055
70464566
97088918
54222094
85444103
82928574
90055299
54032955
32696592
39205026
80217662
90376665
68925507
38214364
15491292
8458559
96382972
32444436
40742388
28330204
59937132
67753642
69440747
87689377
4932286
9050464
13588430
24040664
90601086
47673003
70901376
56820944
80466213
91593296
32535919
37295183
12349210
31948883
35580354
27883369
80480273
39426164
67404132
48266341
24373903
33246666
48468529
19874246
62425792
50509220
39541528
71366238
14990950
10320521
88042322
47182152
98920632
92449546
70953049
10950139
41385003
64214839
38415101
21278950
37068472
98740497
9885551
59836923
62293891
79062307
60937218
69287329
77364428
31452477
42968273
86969191
537101
95635882
33404654
31646010
76254504
7268988
67972203
99657622
40175609
46267817
42449333
70208809
5465262
14673051
8590676
24384584
36958322
14926349
44492126
65619102
41073560
23999443
92271497
35477765
20504920
11753569
27449419
63985853
74752006
75743778
62765265
42744681
84199065
95623121
25575669
18032538
38311375
70715853
69156963
88867120
39882786
70454275
75624747
39210199
27513581
57928624
88419004
26805691
77043361
43904915
3468278
86107259
19312866
46783587
8849163
67983246
38473602
14152501
9815036
57166338
74285779
39779286
74002998
98266705
1192805
24664696
34730492
86492222
54728395
991655
77279092
22335454
55639921
83952863
36720553
99068040
84174576
44096937
8249836
3800576
30839437
84417697
83922933
74080806
87843923
88955346
74203948
96636573
98693361
11305450
24079637
87292415
78395538
14543910
44100829
91113645
54720257
67361165
78885563
69160981
29060378
68165806
29607108
71027012
62952379
80174012
9385850
62935945
58762847
62265402
50394026
39834021
97943920
48237708
37307508
47170810
45608359
9299287
95472557
21459416
43941718
84455719
1696985
69958746
68443258
54677212
27933139
48604434
6075637
90544363
70810946
10895597
26421358
95170055
903947
24408592
99921546
39481153
98649038
23528513
65994744
34205585
75277542
57679007
22478673
6792906
26097258
40560424
83386403
23153697
3233308
87107079
31587058
36639796
51037640
28204031
99665237
85424559
78757638
19397815
85686188
99983912
46324780
43028807
22647406
17833203
9301354
8175332
22528929
18964460
72022276
6414619
56144268
83869665
97987019
24104447
12102724
718852
61135446
61086465
64528681
28681353
71415189
49604191
41312182
57587489
29432120
627045
8309567
59023184
99109834
72911485
75815729
27880921
47542740
52438616
82156976
64564437
28362567
21942692
36931961
81117877
86235488
92503107
21464280
22485862
80171991
5908472
39805196
62863225
60044860
79306840
78350263
28286696
29228025
74038833
97490183
26814103
38829866
75949975
60299446
17087549
72683592
82059399
56601597
29441025
80980249
79843079
95380656
58674958
11497723
54846450
95557745
99805905
11003137
56514888
32073284
6390547
71273406
78889864
48019592
10802293
5241646
68019877
76213137
69945487
64174641
91467163
51771932
11576145
32363581
27218587
9784379
80727319
94624909
27941601
5489147
63424047
64155742
85998551
88280505
53944086
28693673
1734152
13560943
44209051
62275266
3300386
55066070
76359632
36521565
15831242
75180025
98801295
58987906
7185618
76879923
1558333
1507474
94391426
12344624
66769217
80381257
92251040
12106853
17796182
3792267
35767684
22612288
58999411
61886938
45754114
95979426
85554016
76957695
67343664
48148313
51242710
18615811
27681302
91592
70257166
26806998
53332181
99124253
8529945
44910539
11932283
74543523
95014164
66340748
90872010
53287291
29928727
84118637
91325290
7190886
39033785
17073493
41924420
53731238
73463450
22478805
23210421
77491153
81039831
57581178
81819108
5342197
4931850
64818702
62474243
66089742
21440791
18845053
69210317
23753792
82255748
85817797
57276272
82682127
72889805
2792329
37058809
37118551
41342607
2953449
14670223
44958524
37946081
11672262
88289627
43398374
63293544
77049156
69953721
61242605
74101023
74164718
50352265
77750116
6120706
43571231
76717623
5431423
33717789
84717246
27845912
99739852
93278209
7240330
81652775
33373287
26765330
58775270
61490142
47872976
72196813
50517793
99227226
37646462
50186978
4487107
37432738
55052718
59450218
80805076
40305967
20467728
35622385
84254854
93897918
81025199
66996278
61066874
70485336
18865603
85137628
41937740
32590976
4654021
5314853
99002104
15135137
20484310
51983287
25249947
48270978
14388724
78094778
77208811
55265900
52607390
41541810
85990021
4539366
67423763
93583623
3760315
29031035
15781928
22849251
70819755
16183765
96769985
53604145
7787124
41121135
66842762
60486666
9114605
54718781
91739176
75657743
53178388
89847764
22274990
32905244
85924054
36763148
72253871
71706726
52243521
51415297
72031067
77199103
97694055
44090978
5482878
50012129
97305656
96158176
25545848
15282061
8290113
64185919
65811486
5741334
2549997
47436676
23205505
73513004
45308960
36128719
80613011
41899703
30862846
38984280
62216169
8977245
41282194
54153741
70330179
80411832
34518180
10298176
39558304
90817036
79223517
52760625
86460950
65445315
89490972
77253081
57654263
79132540
67491846
46971783
58509480
18133765
34278984
42949507
21263100
4061589
69268372
63780097
580332
74905215
86786746
56819945
27353892
39505501
13240551
18745357
43656950
26632185
42296781
31488365
11733024
17351166
66075550
7188151
18500588
27778636
95059206
18812658
30468964
77439364
72895146
39315672
94719705
90179447
96406000
15707059
89309712
24924846
74319444
45946750
69129058
5616960
27860994
30265833
47257902
71808389
53838698
45385397
70048163
23367768
93900093
43494296
13295317
1560431
39036516
86149087
29457372
89007384
80484427
15561167
36132980
28041327
23400581
13938939
10538472
81326464
37788945
1598009
32186414
41099107
81950055
89150036
67057108
548233
65284342
83267324
43077290
63307386
74702585
84402154
2473692
35411547
16270944
3019334
15848257
37927304
81476065
43749329
67099796
21438215
80411099
66062835
1358936
18566392
84074691
19852844
85244097
34595948
64034538
82621323
32292176
50793960
7163183
98665725
3277164
80450611
61831835
2103380
99433838
3913025
24615054
40926501
7962972
65109192
6548384
99698789
30966162
22549461
71315400
31696951
75509261
10762902
94135793
13709849
76835445
41833041
96485881
20420905
16894443
2223389
27812255
9620257
52684488
88075846
35010041
54223700
76903417
67317518
22357895
1023140
49637338
11884160
3363967
36061173
57049198
91471665
47427074
70439296
88364783
14699705
61292547
29442456
38177527
60769880
87531014
99770946
10374836
72794257
18301336
96160040
68546187
44490539
21290222
11896297
69246086
49811750
49841631
68503486
33004930
2425422
17628936
55140102
28482737
86551026
35180580
61860569
54490669
80221387
71276557
29139989
69509700
45911639
15503528
17494827
37985822
56713300
96575275
3799031
32749994
14326544
52716437
33485361
31602442
94265310
56916153
64257492
37646182
41709943
94775391
82313347
89843624
68653008
55601223
22347407
52375620
50142338
94707712
94858767
84061771
13466158
34937390
88925405
78277170
66103148
71339835
57038461
52990568
8093469
93190437
56108114
83397336
61761284
15471048
27850461
26923229
75153110
50315050
90538137
98190835
46287762
32169671
24749252
94502402
96380948
85850797
41273881
81419336
38766334
11062482
57840835
37860360
26143397
62314526
71524894
87289124
89137097
81808065
77693956
18678805
3769353
7256601
84489855
59266178
91244745
8725195
36799035
98589370
32687706
86741667
40010571
81166888
22505669
40261575
71410339
71356978
18697321
81444433
92399601
27539140
66865249
91610914
90411596
99152762
89878888
70195116
6664611
89025970
48189220
23278947
35958231
89449886
29925387
68290478
32511408
82830363
725660
37924956
56911868
13200367
95345508
92807853
69172884
9869914
36641287
38534834
6762559
13426785
11636981
72946177
10866794
90572696
92620215
47486975
65957121
18048310
35554194
37107128
95832047
907040
21837231
26910797
15202597
19365072
1749393
62437613
64666649
38684506
92645367
74876948
61505700
81979679
82417484
98539860
68602366
96781430
53065623
41658152
86618489
27854127
54618379
35334975
57946962
88228819
12307447
27661742
72510994
77278649
24428052
7542294
21976372
2375910
37751619
30167226
71740618
11386127
41671147
2595584
14964610
8281965
53617798
11807147
25109271
32332384
63221743
99746130
35345889
73859678
52749732
86442306
74284096
94118870
5783439
30006891
57982056
21691257
36904055
42406642
49144343
76186563
51967128
93151492
61222688
73990008
72395790
92984810
85685584
23123206
71893521
6579673
17237976
83244654
29392824
78215179
82695262
74454908
60333588
63289675
95028905
97058008
18984351
25448179
53659883
93486021
42013097
16493
31460569
73928105
93474622
92638145
82773250
91321104
11985084
68399071
54880929
99748946
29906138
40922494
43316504
79543352
25571724
75726337
3384219
55949733
83227910
94225103
75680029
16231742
27928758
56644339
90390156
21435913
21327044
50565199
70271568
93079925
67044656
57669339
61469566
61248206
46593126
16133954
27410552
94668692
63383475
52392047
26117818
92372090
55689975
58159783
2750409
28402934
32796207
75108781
26072231
41254399
94708784
62800577
22530264
37912254
64722888
422959
5836162
28614633
61443601
80717808
92134161
20026012
74315206
83522035
88159061
11280098
55429293
63415690
42070899
3388911
81392231
39332137
43618500
33884864
36956576
41880959
17007014
68429516
78080544
67457395
25461901
77014798
44479403
36635345
17383371
17688144
31212748
11721836
1326737
9123929
25170914
40570600
66253875
86253186
35758952
54749019
78514782
87780728
58802589
27291573
74203106
87526401
40045538
31687125
66254242
24424653
32546198
2758650
24271149
55723982
99748229
76294406
40368132
74099576
4078737
31737406
39644686
91982014
1990029
24362217
46988487
19723858
67956106
37585018
11287760
34318102
7523560
41607852
5555521
50140091
42715703
38081411
66650540
91609850
14326700
3633213
20190513
75175502
82205861
92049830
87686998
71404403
57508786
89968373
87447470
84531232
45317502
58232181
1589099
2036582
32448646
18304937
1148486
32873919
83485441
53501524
43893664
1273385
97435378
5213276
44425743
39968244
35270563
34906656
23767886
69272051
70066547
28694396
23038356
74628423
28736359
810665
44746851
9238641
43246468
33962162
9599867
36981523
86318451
38891449
22195648
22995221
97299303
14174848
33682392
68506370
82254654
45977560
26438294
75408894
99557183
53363477
39053344
89996888
23437244
79688145
13992783
25510851
71526220
98821449
89108397
20212572
95945284
23089669
72999510
1804606
25035682
54356166
66832509
59523297
23922324
31293507
98722906
83080598
35143746
59576366
31872268
99427177
45922501
56353193
4491483
71354523
38956078
10929544
29232045
71238861
8344757
75819888
76447234
36613670
7714068
74339076
36744968
78066638
90618716
69512175
7477973
95328157
81065666
51019861
50874285
22410920
42330394
76613182
36154964
33375470
86308883
81211061
12635631
42021489
38990840
45324815
16915154
75124780
10381096
75145914
77967512
73056884
96575945
75223322
85091347
69617027
94893364
58004123
85635128
3568611
31363280
35055356
31584231
82520539
34249229
21062126
48542513
26046170
89182505
38783725
81574825
76284068
24236769
53785121
13767620
96091051
22150450
92371498
30278213
53661838
73013629
62256345
97017428
7730163
65486797
55190971
84260014
25332373
50693142
7392644
83671808
73316670
37933836
46949517
83791808
54783148
26312960
65132701
74199143
71529527
99862232
90153015
1629291
36635712
28696161
91378118
91743016
58762996
19813197
62261560
10233803
34198608
22280128
19279779
24365605
20919872
1495614
48782161
3243122
18097100
35676175
72101623
34265008
69065879
24613187
72334412
54982254
90081969
72638011
43831380
45772275
1175746
53692107
47732323
76277992
61149737
5769483
76760592
86950626
27065254
56666073
87259479
59625091
78902473
59548423
77796588
31537404
93316919
67860484
93932987
37444402
52643660
28579014
97382691
4836740
25173417
32886892
17651107
99485053
21400950
9995904
56275393
76112533
68273449
75032947
25542052
56719660
72818883
13184924
89616531
10965115
87335297
76039150
84309406
89395133
16656760
51461803
87803996
6468303
16339280
14042955
55404985
63282330
97440384
44620284
38549492
61897527
72313892
74670131
86721986
42975618
61615296
29571592
71350641
99097597
70088577
62370575
84152732
43226147
91737027
43122538
60004471
98739096
47610511
48636603
84667147
87352766
70586039
46970599
52220987
92900808
36246045
45704492
54659956
76372843
33197735
59072569
52318226
21854749
16145065
67356055
75048285
59749635
95801056
81272655
66977397
90567746
43167754
95432235
46081233
80633332
7105848
82650070
92483999
2637463
53326404
25932012
69428739
97679771
1922400
91184446
43152701
92415515
42357165
17685103
96209996
68425899
5671314
12681822
53306012
74416051
12045895
46754215
47269076
1380494
16290346
18222455
59542787
22797108
24145816
45547010
90526353
59636877
21499192
91530150
63973729
83814057
29836884
72775075
55382904
71237681
91997841
13284626
98056027
66223781
45435830
22867282
86433003
56051221
33722122
48783055
7641747
71086504
77586484
15955539
13126250
61304045
85512237
84743652
49204418
73763095
43560321
75189129
49700670
3973681
71227484
8293581
26941171
11825940
42323466
8739018
46611956
76733099
70899361
9444185
20053155
81983560
62024016
1238836
84346008
80423096
24568759
84903474
90246578
48883084
40100735
44863156
25277975
51343594
51702871
68573596
48971957
70683759
16674846
56750281
70638081
38007735
16072353
32001372
95159058
86341685
41604001
72464437
52368512
81580335
59733873
30570021
78529143
70245841
40435977
76278404
84716945
75997843
45834953
66794994
2507219
21866985
2853255
99471370
29106401
10347725
68785379
98700017
85855352
61802983
54636706
65366589
37060890
50020127
60645676
97258125
69370029
85411081
1584101
20129012
8002294
60145979
794856
60655689
79811714
75072307
39113051
8129541
81482467
84221954
50133920
31254097
44107455
83831758
18166800
27666042
88198900
28364232
19086467
77665586
21092119
70888149
45519889
48663580
55565784
65113503
35266863
93116748
58813805
98873254
13523968
71614732
67814417
62209114
47570681
69225313
11750823
39045643
92785954
7727972
59140280
6426150
26541796
3471596
39347167
87922932
88042452
10935968
40300751
47093398
8264215
77809816
8149582
48880670
98048573
75666078
16739512
9436494
18316925
24667589
381124
36531725
4884515
1593094
76147158
61881694
13329861
12806422
85399176
88473292
36859035
5247864
21912603
96778440
8944280
74824412
84121278
46795120
64077200
11035007
38635517
43876932
78402235
50143384
57768191
58790363
96266273
13766100
58294709
71913655
97679684
32271166
18874372
56305294
62371318
56427594
16386960
83000946
87804302
82660313
1742150
47622825
86602752
66555502
76881267
61601660
75740187
61360383
31201612
66173646
78722604
24883020
61010916
11010730
8421755
38403802
61780076
44933167
12211260
90247190
13174419
45135143
31869831
81845839
88284543
56306004
73672642
38016795
25157428
29957766
43320199
36566507
16273233
22464905
45543890
46675648
48183545
13500358
49188975
438854
76563224
95393507
79496031
34850842
43678626
2576979
14226835
51312042
24168899
1677438
43049273
90995433
9982567
2221198
4051254
26244816
27881548
7278431
75582867
75091858
72018837
16481879
57634560
69273631
96608675
45875184
51462914
92991582
27721405
28703968
12087224
67307176
52852391
79050999
13210802
43789215
50571149
97699229
37211978
57140353
65974621
58099063
90845379
6676582
17474660
54806350
57469946
2614459
55619994
83982119
8460200
92504951
59203508
35581413
57263084
84810317
34979910
32561233
65905989
40924723
37131357
48659836
49100501
77350275
38829035
31584359
18755613
58206820
9286810
15818097
68819215
90321194
90833189
22547363
35653352
95697328
36980031
80578105
24304846
91669102
31060540
4281253
76486553
66228560
75940772
70416458
67936002
4806064
17714164
35737045
85509452
84575064
16129362
39293598
71170292
61669734
99377373
86698542
8891967
74912649
94624379
98891990
87748991
46249333
94024342
1035328
10487664
46140149
89806081
27708999
19232795
29851685
33595902
92169787
69044560
31457965
27531920
52759979
50522465
15056022
62497719
19706724
89412884
44896599
91545895
97126859
8268937
21349324
3418092
63097608
92022172
56067293
8738162
68932579
46756595
46553858
10122108
99578329
80671759
44372033
61574283
8007804
63718055
96029926
98637966
7465419
92225246
8218785
34885069
92367514
72123986
23757767
92198916
10087721
71611536
16202198
52238698
94683334
29799473
62857098
18654577
66604027
255237
39892667
83436477
79442023
40809905
28514645
50871556
57934732
83015648
74995731
46450687
38772566
24002896
53227447
33316497
50904692
14304933
15841250
41285051
45847148
20108792
15919168
27355446
47402064
28548943
15763061
22576770
6451651
48517320
39982189
513637
34686501
36582091
51434060
69467994
80632495
49671255
98416670
40138183
52202806
80022028
29410923
74113335
44899561
9985492
64880600
74994879
41976280
60601407
21433970
98672227
7766911
45308563
62879328
21679013
2705631
51685907
36804576
60548489
57252730
22466790
41185228
38663022
41569181
54048645
23624702
98732960
3197703
96662621
44898080
26226903
78825863
20747208
92401233
12799967
84867678
27063170
59607301
81079302
23460463
38074654
69823922
3549015
71116925
53351883
16068235
21430633
11753419
37180566
85926914
73355976
56680193
28810139
39045856
75011813
42854168
17053883
81897377
5305662
1114888
91703610
72774039
27360318
55494695
48780427
41533120
68574090
97450040
14496940
56421915
13521531
48785912
72281569
35392493
19251318
92195188
3166305
39706190
23080804
29635510
26319692
91994265
65505398
22141459
84653361
21599127
37560595
6563697
41493944
14663273
60839672
43716728
41292294
71613107
17773173
87035889
67089730
23732158
90076282
88882253
57619816
253037
48653854
37407381
77543836
90738199
27861613
71635254
25872422
43234633
51999076
10035142
672150
83502981
47329715
21143705
32483021
16802153
17213158
70558119
52272325
36770704
29421805
34726689
85526922
61730779
47153345
69106285
12921620
37309360
46795497
22632424
14932685
20366648
72473268
23176003
58992339
48907883
8898077
5324509
25835763
79374939
76277264
61277295
99040172
39696609
89689878
93111968
61813249
90220756
45395188
18005911
33116179
42623746
42307736
46953160
61697581
79923827
92529148
48074295
59913567
85095073
56740248
33479345
23077238
58675620
70858932
13119436
68043950
55610913
64233959
31687977
46414997
47920046
48700458
85782143
5389459
98476317
74069765
66742937
52577556
85379415
90593282
90792431
58241609
74622932
28500561
82256380
25815301
15137687
52631829
17982222
93529322
62582060
68929950
34555454
44859071
58612065
10254989
61958982
15242359
26894042
7646743
4408587
10373035
86642243
96158015
50104726
59920136
22719366
99785420
68653943
13838059
27612506
53408443
5373873
34303990
92908579
84829685
42363077
30802893
16936430
51588321
96712422
11453320
37899848
49548051
85571112
13664609
61298820
18537124
89453007
56707902
34800835
63089824
80520690
93291509
45733985
52779328
69207892
57700326
35290556
60228345
36794321
27638615
41579720
58984018
98177126
98967119
77975895
66119242
47407786
12522771
27879617
46389233
30363752
99669501
62618455
79011101
64796919
62795461
48036743
54726154
3855450
21863908
98823362
86623677
70028254
51868183
59084705
71258486
34329541
97932325
8140366
78545035
55969816
52528434
20421484
6734221
86889100
62664820
60933231
73724406
23005410
18536987
11555605
48541601
43743649
31118376
79630977
55942046
59643465
39511289
84513783
74897970
929784
11818853
64559181
92529863
2992480
55107930
857395
84663825
13558439
22855134
64019710
81337608
92621513
46448177
73112558
31703627
85205377
53338690
57601138
7299093
51739737
37871295
16734836
41040155
56491811
3586966
8177224
97666682
94681422
78322042
2507679
51392841
66227472
34296280
2307969
36502617
51238503
44182664
17096842
59215138
2505749
71807356
97784895
16006339
31495235
91704358
6630171
99259611
44779635
4315101
9096812
77504080
98477627
3152441
59693134
22647932
42653955
69520041
78716227
76746530
77031499
26528450
25268291
42108247
54227994
15235600
6809924
2417874
52562142
88048194
79927059
29113168
96285682
90477405
73224310
75323069
1672019
39143828
33743120
88629950
19652087
2723643
76384154
50851379
73349986
46603010
63315314
35210669
94306296
32648674
26222823
79485458
72171686
56849485
64571171
42865318
51088148
17469502
33027589
76990110
28171438
23795019
19919433
25558970
35611335
73770581
37809201
81728116
93528701
65716069
15733333
90044079
56754160
73344392
27947674
5572645
75049844
57255903
92304155
10333354
85587818
4987300
88139194
45469154
8166167
36045952
99326138
36974402
35261137
51568950
20236918
91883178
32008401
5146387
15659012
52770773
86958837
21641614
32243604
37487324
35806889
98784731
80988415
48153870
85546751
51700693
45347052
13694303
38365849
11153238
4421419
4756074
74360546
98932514
18662040
77377286
14175967
3242576
45174888
78287625
16056943
86411903
96549254
38779112
93759637
54919939
49814981
55393554
16359607
47236302
85477763
27539597
24611534
87300035
85746276
32153314
24801626
80811791
54405481
58666140
11079142
70932576
62270247
95513287
77570119
7913808
85724827
84924297
47004256
85541085
15917028
80500436
60314992
96698316
33798554
72413447
99443193
67696465
46830424
39869186
25692794
68577217
8358509
78417908
31523236
22243163
62499201
49619606
61329435
51689516
37030398
11852712
6572103
7687677
84778726
83296269
88925621
4049311
96103493
80284498
35398041
9100586
18283432
13020147
14362832
79317939
29982859
57989175
70860886
39012695
25017196
37897600
59567803
74343133
69851102
45254791
50363370
25456560
56439057
73390159
44421916
7406502
4665879
41230766
92013171
25791663
66395591
76271114
32772375
83719525
89339243
57083782
5093450
45537578
91065344
64880925
72542594
62302053
62019231
72058093
5030776
10413185
20575955
13654617
88271579
46734955
95741110
16256375
96544586
67678639
46326325
2018440
13154753
19263678
95898506
21364895
22411333
98203591
72612417
59291874
45145390
48150780
5656440
31487294
50807895
41785063
63443417
46798121
83254763
53815301
7954017
34793391
56477703
92910576
24661737
71689657
24105714
77812144
74694467
67137512
37807570
40905376
98153197
5418990
4231161
58347533
2196190
49630604
52556031
30830397
39216171
97645548
68112911
55690033
54830776
29663288
56051799
51055852
82622354
76058414
86453613
96998105
12890400
36159627
76451578
45147626
42068458
94651354
35712595
53858910
11285333
45868945
36606112
32411094
50168049
69600762
24937341
65497031
65410818
18058399
64755967
7166662
44638814
81749707
59629885
4207747
74160295
64564581
1860449
10844180
28232544
5782650
2341095
8203353
14471311
14007747
90931070
2050388
91208428
80666326
87195119
32516523
50106685
5397113
1772441
49306095
82385720
62897132
17897922
30386026
67689560
18225208
59311666
89672539
53866819
79500514
14646228
53790500
38576532
42266724
86205973
51488107
60174263
45107227
82686044
45383615
17779428
89550951
68712357
379162
88972997
74603298
74223963
58850967
29525689
6710827
23316853
16145186
80768126
44305285
36042974
68826392
4984689
41230992
67596067
95087962
67294303
76078169
1701898
79031656
39875824
69604075
87296767
2391046
79535717
1806732
68882574
52473371
8750568
14024932
19123461
54203439
87665331
41399494
75460413
10219589
4567212
62271293
55667781
32880329
40135102
53620888
45138959
18775681
70504014
62866200
7170790
19388857
23819103
12937077
15597085
39091963
18109754
92737500
35245968
60177918
30353424
87158412
66543665
60320707
85953791
94634609
26798006
23984054
72341947
67780936
4912305
51320141
81763478
67745729
14453072
55932748
89361374
11721736
65099139
30404851
40229525
41022249
61429469
24732012
3668160
41331217
954287
75122782
23900132
96856261
88209193
5895163
81973219
27688742
50369995
7377772
55699048
30929773
15711580
41518779
56823118
46456263
92393032
9244928
58734697
44068173
1803690
69521734
718324
9771210
13972774
3909618
81434550
84000986
60640633
35900545
61903179
2213176
89206226
68505652
87938426
96604732
42156678
68811796
14376112
62053476
22096696
87579726
66103673
18686102
89196733
17221223
89120025
71453138
2661818
55655393
41380784
4517217
58598896
70569264
39214137
44593184
96864468
31380575
76830351
92949445
68369203
45783199
73621928
65058038
21626773
83668977
22825010
38224565
23209063
81200604
32230934
56791612
96037214
37070386
17980391
70400978
13198425
9887793
47584518
33764153
31162480
63307276
47328070
19415172
60238948
90738141
77906499
62937853
52433480
73231842
36185504
18011333
32752860
88869028
28887685
9478400
3243197
93292414
16974049
17250454
25568175
524823
19601201
88506978
79035104
7078846
73380660
9940438
19763957
2221270
71495944
22283469
92515981
15887140
99077351
21621803
67226539
46558436
93809076
40543302
41606527
39783631
86753451
73254794
8578111
61772148
75890758
70297218
21509360
14783829
2235879
26932576
3319324
16036391
61471689
78195750
84913158
46366027
57085484
4839914
5239528
37215388
21560637
28100252
50179107
37297877
22840720
81827736
76846001
37138134
31589240
73624879
45716189
49549766
70603684
9925502
54307901
39833359
89446279
61698793
93823705
67133375
44147057
88349868
99335429
2599097
24929185
50595478
98390994
73910650
92799835
39789221
8895975
25714215
81121836
84059798
66455747
46597152
70506343
31775029
63701485
96646953
3531050
61611648
19886227
33716614
32460156
56318716
16096309
11362086
21351047
67008685
12072403
59167426
10146372
58558874
29379314
71210549
15756829
44123829
61449130
91829670
94773063
63861185
67679188
10988725
92779669
86620348
8517576
44156192
2334210
13393022
40353377
11089723
65810801
15523713
48164768
14425775
41265610
29917363
97707957
96872882
1595649
91583746
18271351
58712434
33105327
56588349
8118823
19853227
43579392
60042281
7087491
11490004
84610024
92718583
45248278
49225017
59436772
47869195
51158124
81333295
36903628
28098030
87702727
31128580
12486039
65459725
96436216
21979786
93987303
10639929
81644126
66832289
71541084
10741893
61456636
60520859
84045183
89718377
51947222
21915574
24958168
73099809
21869568
56135698
440594
89910269
61827083
98161594
62385127
90319963
48472248
18612631
90309370
31009347
70954552
58408265
54241117
704264
26869185
96134703
48997824
94416987
4843117
71470364
76180218
17977963
28505643
25298578
69603874
54884547
21199176
49719954
19592040
62920088
67750308
85609842
29838811
8704866
69477940
53576621
14237853
49086412
66761696
12695233
32093099
51635494
79263850
44982199
75812882
54057600
98391877
62108113
40721262
91107707
21605094
96387578
44434883
76567971
19225244
95809715
14879708
87186065
81235863
94931798
89637113
44787592
56678351
10675149
30130566
17277830
83753652
54428000
7900053
96420271
81644949
38770791
10179616
65516924
29840157
47881899
53278445
58460045
42657110
53443109
8101284
81509275
36073184
86151933
63985058
90689050
55889260
50837684
63256865
36980557
87483230
63670189
67328732
65702220
6862047
17903119
48845309
24618642
45876997
90845095
98740578
61276852
35229215
73317847
46097209
93777449
23757260
40314738
13282028
99882881
66287634
21808160
72486710
49086172
54316838
65779678
71056071
30918969
45861843
18870684
17248945
38317708
51477457
54180112
88941359
76191560
30027249
57376213
57275239
21839318
96912279
60352067
51834771
60339130
79809097
82099215
31162796
4018856
98393835
55850155
54230353
16392489
73281648
74875065
6283203
70122815
74666888
54038677
74806497
56811759
34009249
35800169
42526261
3082715
89083238
16117868
6801872
36006217
9259078
62068287
90094655
38093853
25025495
63497127
43873601
3885306
72256749
78663058
64474753
10181581
86303407
36841188
7549938
49060522
59216187
97104893
55227901
92499366
3067299
66208627
52973809
35491808
48496342
51000860
13607628
61521590
99581848
14991478
87062033
61010893
35165301
18591908
78147045
44790409
5966695
69425099
27524191
54182830
87470979
21239424
36055179
11337428
94767299
86841990
88919129
77896668
67393348
84725374
6296441
90590266
76472732
9757660
30039755
84416418
90394385
86842876
46728342
42713219
52770646
90108962
8380655
64718683
59475702
79335440
23287392
45128526
90003143
15603224
57493612
87671962
58187937
90566330
75943465
10823062
27522668
6771615
74960039
12759255
10382595
80579948
77815096
29020050
70214831
73187367
34177615
5979835
88993597
96254792
33814760
52700693
10552836
44639919
15243700
83147089
23064482
77433678
51240700
56270233
70558490
52319860
81696563
72357164
77926868
34758875
44192700
29939860
15573093
80064466
7513717
77769891
61884036
58400430
93490411
81087662
46784779
65265148
74860868
64481998
46207851
96113718
23951252
1473358
96275218
36679220
5533656
43586352
98586032
85165716
47333058
63099052
62970803
68683690
31367144
99213877
72069468
26857734
61851135
17021964
35582997
94474462
15921591
50064274
81228147
66422618
64926189
30577438
33267792
15530796
86776532
84758622
36672699
57538946
57991406
9911310
85689056
20859611
99907324
92296308
90441215
72512704
3727128
47808226
50133359
36466686
47898979
13249321
8426687
37794083
3422723
41171243
77053926
83646680
79503197
58296908
25523398
99749040
23202077
94494698
62185292
76446119
49942679
96559560
35646770
43534172
86548750
29939848
43700179
12493118
10912393
30101374
61217424
42755179
53337848
695264
75468109
72474789
57857692
17572538
70649095
82134151
66720397
91237308
81902719
95211901
47906552
71815038
59248679
69448607
82915666
10275288
77005629
39253984
34583260
54421342
40007404
60258802
68757818
34881263
41013452
6662964
15454092
15033184
42112901
2074180
78871547
38320280
31433943
89461693
44337339
34094540
89729329
84180360
68378918
18845636
23723493
62119814
48517324
98424163
28053216
95038529
94766855
52013430
13807003
97594150
14510557
84316353
9342346
20417077
16303076
81781358
91183436
53046907
31323786
65719526
75253778
36007503
60987115
35730252
10211406
45429821
23656100
17081858
45298405
65711633
2048987
5690105
1835311
71021016
20544040
75997329
74683820
9118760
71468934
71738828
5782530
81243414
37042835
96110342
48194202
23571722
1257184
41535770
19530344
13376649
77626944
33641471
43379467
82518846
10363500
68138587
38475742
83950667
33409637
71255024
76421071
46620412
24022068
15930761
20339383
30574049
24367397
44369568
57848949
18498363
8113998
23349633
18943415
18240659
71350528
51953322
15929204
47459743
63927150
42525233
19265785
83509223
18076133
70430527
28517536
49100733
3986229
11835459
24667621
90550226
228919
77323412
64755993
32192626
3555634
29555578
49321594
20666865
48938573
91961643
37471692
38997698
74291880
86429848
69994397
88258778
53317964
28540430
88319044
8204724
7257784
24933240
1238786
35237858
45892944
30056288
87516431
19308812
3092050
92110535
37288734
83027603
37619803
4143895
70193473
77537146
97331616
22084139
58838330
30087698
2071170
41954587
11170946
23518780
30576279
26519447
20587200
36888092
77873244
78613833
28565470
26137916
66302463
26143306
31077157
81866069
90045032
63504949
46842548
62630935
24859848
10559139
80680354
84147414
14209313
96987702
17221757
49589801
11962181
75376380
66424511
63527253
60838512
69193451
98547738
85156226
32674465
90346791
52839917
20709207
34993066
3708596
15152806
56133957
64767594
66245637
96694685
54937336
42565558
75438151
67065127
36948245
37277763
8765788
44090523
37928231
6201464
45861692
23050716
70064084
83886805
17589195
61926528
8803606
53608390
56048478
77328492
584542
24547229
36009044
51254659
18292126
15855287
41731206
19127783
59063079
93583320
63758540
78191622
97046239
99783481
82943660
52910562
93974160
22174127
93271978
54603801
837176
63021996
2342642
67810335
4328162
11534955
67871138
72803967
82243317
20474809
87166657
89966616
22356733
92931574
18457502
87112335
61966872
71565255
14960822
49237540
26109152
22282256
6814513
77933061
82774770
47863375
91861808
23605002
60830133
50189576
17022779
58895012
75906428
53915918
48732284
48463963
92907342
26955586
87435805
63660854
73631387
7560357
93739465
58231808
48842511
3091612
29933890
44041681
60726976
21992014
52853594
4361998
45282096
54717127
29847489
95345649
2145830
9295976
60047253
38962641
59409042
59805650
25902543
13045576
57971320
76414101
98088983
6025924
1698974
14665394
53036834
12519138
67678995
8989493
40883990
84586659
37530835
85493820
21519808
42900420
80560899
76620079
477497
7122556
26320550
10555680
75664027
2486420
25245689
7921674
77413714
69048829
83573014
28353215
3232860
51434230
86291265
82723478
83573838
23920696
99508588
78862566
29588110
3125378
89248529
65538194
92692225
3780072
74496635
33422194
23319281
83658514
37697898
41167579
7715723
36647829
32421272
21226383
87862702
81328231
38633063
40071784
6720848
81817767
12342472
36048857
87761717
62015231
72421826
52185922
37213607
64144862
28236902
50372903
27572782
74855734
4921183
15080886
64220408
41361767
46015766
56266142
24582939
33128492
11349338
7485164
67971960
73353528
88467675
26836174
38724464
64216980
96506406
20154554
44359780
77595854
43752514
65334690
63016387
39526413
58984399
82357725
29199680
16481129
1393449
35169078
38065409
41186046
93440423
68619477
18132409
98366488
38459082
76985637
79416285
78632657
54796186
24784918
77099562
82052879
23254541
94645652
50456411
32483749
36694908
21478430
40055219
91145498
28504228
59238414
22521167
50525784
13110997
40922614
53252646
19852570
28952484
47799104
59228626
10480449
14755403
28180397
6815654
59215148
15897206
48589222
46977945
66000949
29287504
61964978
42396270
45242549
45182415
43595108
90286403
76022326
80911297
48499942
38496326
42183620
21158583
89521365
71167228
37114593
62876624
92826720
11367699
45761810
44445969
49169916
21148597
87077429
68165863
33067997
57645640
58809228
44216008
72992826
20079017
86390580
33298905
9142589
3764044
77641630
7466451
48178748
65647002
2732223
63058797
72697366
64655626
64859285
71434725
21725601
35966868
24229617
19995339
45363993
6865634
64184440
93089979
37531848
87745699
58688134
79305581
34146525
92958785
82543018
19715909
79372503
97059737
43232667
41530948
30352497
24577973
5210634
67523221
35041103
62477696
6350044
13338976
6818429
74131751
12357860
7024075
95773663
87297881
72379370
41038837
41808438
19379405
83294385
55458529
97841882
39367779
99034896
25052897
10063924
37836540
59031416
65611125
689027
89227324
8013550
26174463
66052564
30282205
45181746
98177909
73902102
89394104
43828234
18755488
20449619
26705363
4209835
43312997
69688189
39266570
3602735
94791593
80334973
8354144
52422212
59695275
85647415
4226962
88609018
43155909
98360658
79278073
72063981
39359385
17553859
1901362
56951455
12316972
25074105
80711755
11432438
61084561
81524040
73426800
93828755
93718845
71199278
92190949
13599286
38492312
37957782
18383215
49313297
31549446
1737096
68036777
2649081
9302200
99866371
17899806
15455275
731605
99223969
16862913
678462
65974216
93854529
55030179
55373911
32825117
58939480
40892609
29403216
30078688
84805379
33690944
75638511
52212477
75286296
49657978
50582687
18833704
71921369
30653533
44334272
49502216
46287900
92663866
39718834
14959369
78629309
31058047
6126208
93748812
28040808
84604345
31499362
84965067
78491605
45666743
81550371
65770215
9532416
52648061
27962956
69215841
69247527
59691536
89434883
37214423
71709084
86668096
4219143
5347835
91011491
99917180
47136778
4260496
80187958
50183425
8015826
56692770
26389389
42222136
98269440
1324494
76401432
7032333
37808044
83913961
96984884
49374925
20013096
14602508
38293165
40618365
92308460
31961591
83295647
77977328
14431652
17353591
40395421
98180452
73606914
7382592
69949700
46831969
22693792
70619832
85437052
36955646
44991763
16065489
59374472
62838444
3727997
43056169
50804180
91441148
3330526
80397301
19243332
95116256
9425848
90396230
95734753
6207412
16974729
22124410
48133205
90777984
55583579
66272894
73565521
54056232
13364818
66978566
22721918
24716501
23365938
42961644
97362612
10336389
71103799
39886427
74789582
24139176
6727096
76378841
19716086
8766771
24541850
12572221
25462804
98943937
84040911
2392849
43743194
36068932
46047001
79726385
31221580
47172548
5377393
12229185
370352
68144449
323461
27553005
48640642
60429860
8269685
75503366
53406178
91202048
73702777
45448795
55111339
57848276
39652566
51360577
66100763
13593847
21626985
49321294
4323783
54699668
75813835
39969247
65859420
3476701
18005407
73548737
33108088
13627391
99732763
3802124
36172074
51161635
65776393
80246243
99073625
71590116
95498069
91822910
35332787
81945050
29245016
91435964
34498052
56430235
63239479
93862964
82751050
36841316
59320266
9944219
93011785
11615914
86797016
83141205
76129308
75924940
14517980
8379357
28309049
59088566
69939243
72963426
31436146
27212891
54646537
17915575
81898030
60798796
91527268
25001284
67246940
69383865
28044285
69141094
48174857
84641286
55961022
24019607
27841282
54423688
31345601
33231418
22464698
2832736
19690405
52111232
96583402
14412874
57319180
2893027
85094905
8423231
54753246
47555341
9013425
553700
67766012
4344641
12448037
72423732
1124147
46420657
34013219
77842542
81273423
33566331
74131062
40747127
59686514
25593093
13419040
95102275
33880939
60354151
76256442
24406674
46559877
43360121
60202416
63418314
26761108
78972080
81577943
6495254
13082531
8916848
40469553
6264251
42262588
848948
18476080
14004709
45664957
30826868
990937
50413843
41518557
69544394
70493035
31558673
28365735
78539462
46513385
10018619
72213777
15331427
53019831
81836122
18266527
33378427
50744947
27902393
83494041
85334542
87923039
43595154
78313306
59357612
99307241
88910907
12814055
52883091
11565271
91597011
6262003
2637433
249125
73766768
81426926
63831782
9468804
23796315
80003854
41607029
45986642
23223906
23128311
69535568
80892658
25988098
87093603
26473866
55312740
68837208
70659418
83356795
83589849
35748927
75298368
29573119
48609177
2385423
14913803
4237920
33412420
57298627
49978933
44473578
47813523
42230055
32047702
7331649
78316713
4674669
2339152
28807171
97079528
12249388
41497155
51558195
33142240
6948147
66111152
63598049
84440669
28531013
55811929
8798223
45329443
65155635
25327274
84649635
71908199
57407854
55595330
53020300
91518541
79605563
1560368
34658851
91784912
32282632
64330815
50877981
54800541
2817833
92512987
1206583
70059621
54468959
70730979
84194830
5240576
75372807
27590832
82863046
24436962
82625957
1979005
39070595
1152653
32510537
28577110
49484864
51803087
48013089
46825292
30321984
93485975
90271670
50810428
66911684
61722224
9741999
73692351
74992889
82418585
16852756
42062057
62885734
91873073
37707847
87133002
24501016
69763114
85572260
75946623
42955980
95612681
96181287
53243236
26090870
52399890
50575739
95079043
55078781
76506809
39725185
10737356
17681413
8170674
84211146
80157987
27923741
39977281
75430423
46805984
54538505
10028923
63776810
29630928
86643517
95654922
81995867
88390926
39999062
22287624
44995647
31418258
94061372
43897660
6914858
56849805
59368313
82684683
96124161
13022820
44290891
38602140
96461564
38220237
36468157
84962081
35259262
35964422
79031513
45616206
3574637
17315817
96692356
31475851
5121727
4035596
89317218
89583324
25979419
88131377
57429653
79198281
42495948
93957233
2701773
20713073
77697828
7917669
78375977
87520900
65908131
34146207
30678960
98918104
90513463
72192835
4327466
5522883
73290963
60627912
20304609
59430549
84854643
33820236
4700281
38018912
55968191
14097092
99932450
33328176
26001417
25553737
22155094
92796279
87879563
91921177
54925090
63683510
79633231
69843393
513756
62418205
67498462
36717630
39587509
75818232
25896142
81457581
28317975
41489921
12210060
88900041
88251077
81056748
7338710
56387035
197948
13876652
87738581
51841704
36416806
45040136
74670610
56962179
73826054
6647775
64054284
33686747
80778859
91908596
52065047
89064114
86341404
68106397
27087960
38820471
79400541
79878103
7812973
80923922
23122401
3932339
7297987
88482801
71371847
52491538
4266329
62154602
46159398
71976627
51247250
13562342
14042542
66482199
33345040
17587136
65500975
63865469
13722800
15771447
89577305
67035437
20469117
35482471
46936426
38664640
43095721
57998818
59358644
805201
33659838
83348096
43228520
69865546
18109469
87420228
62066883
73445273
19507383
20475784
36562668
29988246
59670858
60431331
98805354
35684103
86330109
73812235
73953370
20696008
61803801
9346526
5332013
55703628
36944476
80156523
74303023
92241783
25349966
92408973
34902030
85688252
23503788
91453430
53247493
97281017
14485339
10866732
96914025
9694739
53388913
21628227
24718069
65484638
15560373
28993638
48011862
50204141
26249238
94287708
34017299
17178655
69056881
863313
45516674
88214684
88022109
78072260
66204528
34734192
90280585
46820427
29682215
21989797
42180070
9225387
54656305
29294355
60881943
14800572
34702195
49278095
10292508
38427905
69790259
59635164
7911352
27983172
60092884
46303690
44057670
70488132
81126667
68669768
31161835
47260845
54271203
99574569
66549667
68820225
35591887
23418569
64486523
72373221
84047691
59158475
13104655
34046668
87330841
2060654
33791194
1362078
20773227
86219495
84440687
4323782
31891928
73343663
29368490
12419258
38003802
97824602
96023466
39755282
63967553
13651946
3947538
69070938
4479631
80926977
10666413
77195699
96837707
93620593
26807254
33704035
49835704
23206752
24755417
63230055
5431522
77008775
59102344
20881452
80640648
20918386
5520420
79823206
10838578
42159493
58673923
6142520
62814437
85742255
40718507
39250972
73972098
41596384
12769532
70391065
63769643
60303170
94662662
36001857
3012280
47964685
30745032
83298831
81558457
59377395
31162869
75016332
33227686
58913081
41340941
74849016
51259348
88015756
10719174
9415561
50123749
83490865
79835314
18957284
85789001
46444955
30324135
54469588
11628103
9474345
73460146
40577565
24120556
35335385
18816878
66112766
95341289
8791979
60178257
98557043
33042757
99544962
23209218
39849263
80851442
51534826
63844301
40423867
28293222
47501470
82063688
8562873
86743927
42020157
3344600
32633439
95452462
71369535
90484376
38845703
63370876
45036745
68456537
20405246
97667283
39364130
11015560
39169422
33460292
72932911
47630122
67651720
6162192
10230452
25916943
96764023
74323061
20809923
17985862
14485382
92647352
55023665
62704900
59261598
41813425
62727963
28237289
37686090
39439235
22226368
88479692
55672563
63089207
42677139
21130681
94681745
51925287
41021790
90203385
55205174
11723672
3077477
656761
87687291
5533954
15344252
39065020
25889374
17435884
82304913
24321502
77641612
13643809
88349706
1191240
17214984
84506396
90881230
377072
97249155
26920129
19528982
62074956
29169198
94599388
91352354
81031474
79624482
39268902
29080746
16651676
43207569
66201910
591752
28875861
90578816
51386661
35088198
46621148
25639628
37376686
15697361
24945725
77686798
82391728
83485624
2346384
72096821
26408878
40859151
31926309
29910160
70854291
9547234
41212246
70078572
68524467
19184063
41596244
44767617
27518141
27196762
6915189
43760935
14460140
30508864
52302541
96390778
53432069
4708410
1336925
33133528
91176660
80055570
56117821
58603292
67233786
73413257
14048414
29379656
22184958
91013314
7684253
45722348
31409118
68695665
61509073
81885206
87412309
15721195
79784416
74740263
82460450
13766700
70440590
5872714
45106110
46633587
54609970
93330980
74784271
75528520
62883350
20645381
12636820
3214699
9388323
1892311
46490693
16768966
22694098
899025
75453474
92778355
59347537
71163207
84139965
1101557
90321063
77701684
82547411
80561809
60576471
52225947
66324926
53659765
38423842
59991689
53471217
60999993
55630714
17931983
69399450
93650487
13101186
12007664
3617832
99584061
80970845
36847650
95987763
90006756
31240980
63851698
9006378
22429657
22406866
41313617
30737841
41033197
61664380
93046404
17548125
75331948
20171674
1105283
90351765
44953923
77960432
39379440
29519850
50998017
709944
13947085
99438129
27429170
55450990
51408254
82618824
61627320
87233046
8360923
1023784
19511867
3017981
75121038
24541109
73352895
17625514
48401293
24494827
28997109
17684927
9379063
67965875
57405595
10072160
54039764
37855693
787193
92719466
99639495
83507104
75773178
58728958
88306467
90552468
52990496
75407627
12909064
77726303
89038824
45935042
8313063
69914485
42359379
59874480
21187983
94750053
85973025
18742132
52274630
17884431
41875522
99817574
41680207
81166862
8313388
43269209
11420250
75054757
7212821
29398659
55660729
91225230
82958336
70673662
67203804
52001391
64081809
67370248
72249874
10516517
87674107
4908078
90151908
24152013
6425355
75100975
82148401
57389088
42062865
58640713
57408686
73464158
84141913
24076209
16204209
24483687
31685862
82703173
44827359
46273828
64865823
35945920
24287943
97157216
10897826
19776520
96667298
97776342
14829098
78571839
22046599
23569357
96158986
64104325
43791973
40994672
20708405
68443925
2498756
48917313
75131107
81089835
72181473
34321371
24004523
49680277
46921131
24406159
77460155
61471136
62948779
42004644
44781284
54010822
82898989
49608975
40259043
92978141
25419965
69290665
94892830
76380176
90100206
90104894
6220407
29771748
42992934
12671860
76591744
82657084
19493921
19066945
50841667
7814117
99115926
21439037
75304980
92998494
80609019
3125296
26682771
60708889
72157392
19406142
33798883
9149194
95051012
83447290
55505990
56069162
46756965
30041409
24453039
98731796
70944122
71386710
60296258
94514024
4070999
5724013
5571647
35582224
36226755
38693580
39801895
89786195
3080992
55053414
5321097
92333742
10023953
10990902
59733090
56015882
90297495
23853183
58996324
4653979
6047500
76707260
5470168
51595652
87056452
71779747
33426417
36811593
47519017
5199892
59523955
42260568
94639650
96784873
34280415
26329537
64511521
21725457
47217973
45835695
91011178
74516135
8713161
75859771
90372415
59557574
96823925
21779477
51544929
27210871
36395610
91351265
62718217
76942341
60276922
70958489
88718050
56601910
16653499
80746900
59759549
22648919
4235543
83048464
98094263
98831160
21535945
10982355
61994237
64805290
83538381
4346393
66787311
19335360
99135087
41745320
35332007
91513663
64129764
94530763
92111081
83484516
45435107
44041930
23705388
96336417
3003947
19781115
35065629
4466926
21412412
95166101
89838536
98550457
94034568
74199380
27544233
97744592
41245576
62614655
91643188
2943757
69692620
84039146
96747743
15214426
3381530
68170964
18525791
98339441
41234477
46892825
52977506
9967331
18278044
82506896
87315836
45638748
11010019
90388567
76260888
79420821
87362026
87286995
89103237
74340361
87616853
43926899
60319027
38149191
14338553
41262126
36309218
37943336
74825056
45640736
92330563
4853865
81411840
34786680
11617357
41832431
2583762
9229954
11662313
86048083
14695996
68754364
76841470
72871531
75709597
85795886
6577713
42945825
29053299
55021179
42654629
93144909
84113735
80638595
86073120
73334648
32322317
97416723
93080557
91905750
34237730
91486172
8139769
28455976
373082
39904748
71627108
52736569
70052134
62870305
9087597
90605974
99829605
26579733
68841567
1166367
4937747
17095179
67355463
64880389
69402942
78199309
3711154
56026568
55976770
70402634
47170646
64586949
73945747
13305776
22576348
50992092
18567279
17116063
50843115
78639585
33500192
1379872
22342025
20857518
90473876
63704911
7455305
51120313
1054681
62607837
31463408
9743203
76920060
738742
29041371
95016753
64347685
78731696
29348105
99893878
72199106
25008255
82533012
69634764
96201070
63285704
91107244
2713477
55609291
89933631
3701048
2976957
23628455
12212111
77294513
11373672
71990614
97004250
66671137
64124830
92100917
2897776
3398404
8767536
89498322
67652528
17085299
20122214
19059642
12867424
91361579
43631381
5475516
79919197
28394767
66058964
77626543
66232794
63985103
60261845
46030618
57077034
81877290
16230979
35944528
31165665
88061046
94041175
47451150
39209922
28137615
43028991
45886184
49194311
95880332
24941545
29247885
4261131
66103784
31413919
35960672
86544007
82176056
77203063
2271534
77631196
10047151
18511284
32821642
82033573
26846747
80559173
20092217
96935583
62329395
67370858
85588381
56594967
3699385
87524614
24094661
75937383
67771189
57465641
52336682
25105375
36915293
91881678
80973262
6034225
43282609
43772975
87436880
49045661
4825984
39570147
20264076
12261771
51824646
50923377
36525047
4992827
33583544
72099967
19583317
49823782
51537138
7055169
85355413
20659501
17788272
88351665
3077598
57599271
75297400
55724769
16217882
68015067
42335432
37041745
21622266
85407168
45766838
77620000
33832732
4100574
9071003
5348781
56977118
70663201
87321335
21646633
91269128
90141290
39332252
40842722
68475743
51407659
47107493
2925232
59496577
22208262
36806102
79047920
69807663
59230767
9629458
82730723
54368452
75655318
28985310
62664564
62154982
56233867
47674812
94604255
45303611
55031423
55273261
58167874
60345954
93284116
80305847
63387345
43008843
82972349
38118409
28544089
46945133
70313821
32932027
10587013
90892769
30171836
27277065
98542535
23323532
78338651
62068750
66089952
3211105
2998660
44902763
20342869
64268449
98481953
43776855
31783117
14082345
38959156
272699
25684200
5559962
11094372
6596474
91605573
59655081
64980910
37839343
71327182
2922150
25197337
62830381
94206265
84776275
53844549
77346962
23794875
52841084
24739107
85791372
97356080
24421695
48533762
79417401
63634981
54450281
11866025
59518806
55231427
3590747
64575279
73532351
10018039
86371089
64149457
93673715
23502861
2455371
55730350
5318417
50407912
93139867
50285781
52897307
59947570
79211291
23144503
2685455
24264833
59014106
89001461
29726405
32630858
40652752
62830871
52324461
10087328
28780864
21231353
11070730
11679263
46026656
62522981
41948436
30857791
94852253
83289154
672651
35259785
82993673
21134391
73134502
60848506
40927269
46121278
79042404
67095560
22413593
44636112
42190359
93738921
18734488
89037918
95912731
96674098
65391792
92472507
86305740
96424971
22549102
78428823
53955301
2625769
89226347
77765593
94060371
67680526
74243349
76845523
19934565
42391394
86783377
5903953
98873334
62090145
58183277
62295332
42030897
30817984
89083177
68264046
28415451
16029404
40708625
85211794
93497830
50181527
67317985
38195139
3116201
27310811
84511750
22466771
83620935
82988999
50675637
79627209
79161127
24560359
44167497
78190930
96574456
80228794
51599530
624781
39896724
14038737
40495881
24460432
96042358
53771892
57714209
69904195
76799534
40582401
12016974
97795733
18566910
38767546
67377197
77994674
67320381
63314070
99781807
94552907
27637958
12759318
30306387
99096600
68242249
86488243
66203456
7180094
69906619
5259377
13627028
67597630
46707040
76243586
93524493
82554129
42861051
25023299
69039413
46726620
49294411
60166653
13875557
72513101
57742945
31058994
5310844
28645259
15879010
53670566
87852354
17061606
83430991
65654153
92111587
47920798
40797686
19171308
73117354
78442382
30344460
24691750
72045458
4793775
29636246
3932652
75704604
79289792
648529
47193985
99371986
18881923
98250667
54883219
90125480
94673566
28773491
53002869
54542614
53474116
15692564
81918153
53430270
60798751
68310893
23721765
1153864
26442129
84537816
49849262
44428531
85974283
75077845
45764072
21133218
50454943
27772886
20334356
77961453
65183657
24795052
66802568
27739979
41454967
45378279
76023535
48006888
99615500
37858278
53096255
87517865
59196331
38862654
11704861
49379590
20284701
82895276
3054244
16475759
46972671
84444961
81027457
93154965
70825073
68468799
10687692
23964992
26773784
89399498
6230019
54336432
7752052
62156291
78136761
12176507
70187534
82792985
68087408
38353524
33710393
66563325
5543025
24176062
40102872
95156087
93097179
67645452
13497933
85359973
23666039
97750216
74167562
58175646
77204741
96712859
61569619
39809335
4615387
72067491
72637632
74352080
38709476
42603022
596431
13018986
25199055
34148107
59976757
51776712
78699266
8668112
61728530
98004994
77829767
86969639
78727850
62112436
54157402
52648023
99856527
62754677
19006810
2737221
3650318
7183406
25467848
48369186
74803027
67642988
90926594
5580776
15960799
73225439
31672674
95489180
77009408
22243134
72235922
86209196
26002476
91196925
21725871
89520521
55599278
64802787
79593063
63671940
50017645
25889535
35567683
1795604
5938136
41498922
75351772
48403863
31764784
29667378
76854132
1467759
46413403
72211897
54731216
42902963
74813778
74878213
27716271
76604150
14854971
60726366
11115544
39357149
96191467
40817406
21728276
35270089
21180059
89891595
96478152
55912336
22879871
46954673
53403116
60815182
50999087
98069294
13840649
64245675
10742403
78045769
37017515
7632308
20130844
55712591
34739294
15492683
38532136
22443059
98121597
36516169
44203148
15163570
46253556
51754897
1876728
61569284
80811340
8113575
86056966
72849141
4752686
16248713
72102794
97172044
19231522
59983122
89784131
48450795
26242649
56382066
26807719
93470524
26178989
96701480
87444684
90932459
72958680
74945530
87537862
64947628
71820641
94527153
36997661
60415992
11479709
33461120
64913696
94463952
66304758
41377638
97232637
84413853
51710455
5419565
50937028
86314635
71169024
33514832
73896552
41429762
4240345
84216457
93723103
8608067
23671766
98914370
78744249
77488549
90599902
42563111
60175402
42799383
87050016
72660866
22253363
29495737
4873403
20852352
49124193
71295417
28995333
81417367
91925466
74016255
57806616
17912590
43559803
15498838
64974654
90710050
76052349
47045337
39338443
2986479
44600532
28257060
91196119
51030466
33343317
12503983
61486699
67155928
57033463
43556405
62612793
71241704
51098573
60774403
45957745
78372240
88388847
61919888
10305790
89026384
46385424
76375128
44346565
99198487
44034312
10040860
12853909
69269355
69335922
87734080
45148307
60005119
81879548
22825627
6280928
98094805
46976369
57237314
72331538
80266675
80936700
65735876
64613824
56658371
919985
77154958
30170676
4166178
80576709
14888088
32651179
34529971
76527956
48920402
46925954
11976393
2524874
66940781
41888609
2158070
89040135
26790362
87157086
30896895
71463901
88855658
51136063
7910229
61806307
8932810
1852602
36047892
80350011
77766170
68817632
33029293
55082196
23935483
25192747
51732625
68594454
10077621
78598295
91448476
43442944
4035975
98939130
58395680
84488684
33759837
82746665
28514521
67209674
69573645
33045047
38567924
82626151
10678545
92561059
14838503
22842671
48145587
33263539
59368214
57151988
46167238
16600931
91758222
30227463
38919879
98775507
75057131
70180656
77702563
4290452
50528590
57771590
3347996
39715327
8446029
16985572
24037755
49539020
55977424
10232021
35150484
6649766
97845086
76645186
17433381
62548842
42043507
24343403
39313420
56404907
63353361
16706380
90489882
23399315
3321272
94463490
64378271
54267545
55833168
29350096
38349358
50242218
60103167
17718337
33112370
34184994
7867988
61690365
8518791
80851334
64612758
40650798
51826718
79890405
82062313
60993240
13426801
90067226
83815799
27867006
21883773
45690407
79598446
60065118
53607266
51185066
68776193
78050703
56776045
50671405
83099561
42961225
71138217
29622665
27279821
50586660
61966367
8488336
11432654
86661445
10199121
55431562
95336592
34096518
31667164
17415439
97600829
94514001
19469306
95975524
38233315
88395096
4145287
75090805
34869026
20351441
40341715
97400543
15014105
33118603
89621836
85150679
49239936
55256899
28157282
31811671
43262996
16638885
33646929
33748910
42204041
15880570
76746419
43617070
57395113
11952390
703473
69769760
77705789
98241673
15235439
29399535
57702173
66365739
48752035
48260053
11271379
50984401
76774579
21679846
4475889
54508712
21500371
24383165
39856027
58100319
62781781
18391265
88248880
58802828
28403797
49444949
27569565
33922140
32787898
47846553
93170573
90563219
24250834
10237642
32824292
61392502
36940352
41365419
15019455
56031162
51892237
26299612
24490083
90944299
85944683
45186761
96172357
99715830
86503070
9600725
91525430
86841716
79606507
10782114
3623501
58165247
43569163
29510996
65138767
98600314
28798532
64267964
90751676
11838463
5223716
99312778
98332725
69087447
54604060
56452922
24897967
77248965
91277629
72233793
76667502
98095471
15653866
51915951
5100046
23060253
36286296
17283573
19444610
30368959
31373864
40976820
63676735
72403852
91399084
87422609
97771155
85706100
74582734
35197454
42247435
37539713
42981686
90630115
54726754
73425533
48195762
57726887
69315910
50747298
52690847
78130471
47682360
77490704
13735161
44653096
35598384
95682255
58578846
25795437
41339612
42147866
19508200
63852576
55604097
86020070
67053032
84185421
99896702
77003166
39031704
64141822
65845520
48152018
53383738
19695972
56479718
73452584
70282115
11440699
79978764
90820680
87444528
29362047
3264660
35262564
53854183
77070305
66224329
91570239
55999034
51782631
68612304
55356670
85348527
27851264
87030545
54573223
59180916
97626575
12611601
28412290
38505896
5900020
5689833
53680915
19571186
85097066
51442150
45355743
64142284
27350662
74019371
75214210
30034751
20427770
27085204
54924781
31567917
22876883
79539434
1775573
86375810
39126124
44083251
39982199
33782114
51829883
88898595
77589899
39276630
2307123
77247491
91747173
72419571
16134879
81099632
86018380
97768439
92326587
72126188
94374095
67923252
47416336
2335485
22633168
91088739
27440831
15638423
70205450
1964896
85484597
8461887
19502986
23160780
18313349
5879677
85297230
52544729
67702816
20370530
86438380
50239711
74022188
20781352
86625513
82997715
21102697
70144976
28898051
17647153
67179808
44491964
91303958
34206721
29324739
84331125
174413
66469999
79993320
62819187
71816781
56541266
99119786
56008325
68983187
4992787
21600213
85419202
46442586
10255430
23838825
80073138
30742460
65793436
77052438
37032615
62539710
14427843
46297097
66857125
81328613
6666602
70201521
71661959
8441879
90274755
21171056
18283437
19137080
83295565
81102083
87562447
28911396
11969154
54967965
11207729
72976360
97839495
73232255
25474508
81744828
53457020
24575171
92924134
69743817
62481552
89609033
43373330
10377467
44286843
89992990
39379280
69884776
12796352
85662247
78458425
39880981
31631090
43000201
55419175
1187741
64881174
24798312
44126456
38930178
96335204
18300003
35916188
86923870
52193479
15590700
77274959
65315902
29682927
79483320
96934565
68375384
82758854
44364954
14776501
69610391
25411640
83926102
4472053
29773386
91609376
99569636
44266707
3485108
26349676
38581132
3000019
16730628
94289883
72937731
53874193
15774864
43110056
49294252
32894927
63359059
96681195
28324829
15374397
9293713
38158399
98989393
12261935
60523399
21605696
53675839
21138415
70720061
88472476
45633599
22650673
32228971
88759470
36615325
17417680
93201442
16407359
93063519
18693655
9468284
52531826
33372394
13913800
68497684
17178191
40699437
18869497
7452414
88384114
23168823
37400064
82813299
21194614
97647758
68245954
90299116
49774381
49259807
62288244
2719002
13550791
10059600
86867201
52668031
21730963
5528319
73858355
34150579
56091998
64681258
18545202
38592434
90305666
61883591
15674392
34553552
22368604
99978766
87286619
6500887
2271190
28030022
22814938
46542125
16022489
36481021
97227835
31657943
18206745
17861169
75405571
7273659
65892263
15694285
17722931
59302779
26911284
58030974
3820569
44085473
60051666
14943640
4088889
87732162
45186529
35496417
11093252
66474800
59905775
76726108
81605490
16163242
17157140
82961338
51189401
40058503
88120162
54632920
50244041
63638624
85999267
76378297
57647672
5598089
10805601
56376789
8924435
59688836
67422105
37688957
97885808
4960449
45138566
36305211
92757679
44016521
47473195
73814460
67344078
92856981
15155442
65557012
35494557
79074476
63834725
88121708
25554777
4245911
4275269
22478850
91389693
30618528
66900223
18534140
94776599
30382099
26898820
70163076
44018978
93019169
11080277
57318333
34103736
31164688
87216718
33993513
87010816
814943
80643283
72727711
58624565
4751262
80642145
24296727
75507812
10875259
42722929
33927504
10822826
3797430
78818641
6842971
1392189
30287574
7261635
56727802
32083845
96757368
77520071
48657406
19629431
14666724
86301236
96968345
82612758
34616034
49823422
20531431
79936625
92940887
72380590
42075661
72267478
8741997
58927578
92787715
77051344
74463872
49199223
820888
38612829
8899179
41807962
43335233
50496464
74040517
99648411
71908969
66633250
31899182
61082202
78955824
47493403
142254
85266312
94847656
5847771
36022666
92286395
46132203
4488431
91267049
61951792
26465675
64034904
53941615
80104892
41878125
2050942
33177190
49842624
26804443
77440033
90681423
32627304
94460441
21964780
34429607
491649
2440023
38188898
51856535
89537990
40494581
94589627
89493128
70548407
63882257
40730378
18100514
59185996
44837660
7815950
20833582
84854017
80901507
9802174
69515788
51195872
1188492
7000534
25932211
23974655
73656172
24732819
50715169
34552027
28526182
27716863
72062089
41091031
39994008
86240771
99261966
99219159
14496532
726859
85481186
64241451
71697053
8232402
12914074
11135236
71560125
62456522
83208850
89204631
12583116
94949108
49013018
206546
62313321
69452668
44270270
73885519
55465644
62455718
76631432
12255610
19264239
16760392
97982438
73290068
77877159
60919421
76371294
59219904
57934248
90314937
37514610
2736326
31814427
77622638
11340271
92044236
66141211
5233513
58666337
68979383
66433598
37219006
63879207
3066310
45461274
7439766
89547912
48679898
74794555
59273999
62818376
55527953
59932970
5809882
61683960
87289919
78553456
8974262
87526863
32305291
78001926
68376164
71034380
68224231
37713834
57213309
30702686
70736175
37051201
81952368
26745740
34899362
28009889
85705771
60895884
18987715
16988353
66050886
11892388
97652970
98785117
86659830
60086361
78629816
9921710
89716124
63894758
12994318
5559415
13739112
75489880
48513655
61277183
74452944
20632191
87696771
37852945
69707327
70665172
44443735
52923325
67358485
99211271
85004048
84724356
75095743
81016336
6780512
57341632
35775006
84012852
87309155
59416806
40374678
57024661
96269580
4254818
27687201
47433404
6592930
41292842
10472520
18543941
24115197
60341867
45087846
51542424
75503526
91554132
3978665
42812543
88033995
97025892
6396756
25493122
35686542
79871008
28715046
95329548
23682482
1617680
24622756
2812961
59291359
34993553
59646395
25712129
38264146
2132736
64450258
37462559
12001884
29138196
30029612
63200995
7913336
19802555
72229523
66872387
57936002
70738605
57894034
72526903
29187132
72350410
56317460
81075153
4084475
75780325
11144580
21865158
86371297
69403983
32348362
95401396
47534840
40673201
3519157
1552702
23257640
55741210
67599094
81849636
24705299
7391315
98833952
78643429
52307172
18636788
80221232
74874508
87034765
31670322
23670947
34165017
7038188
43393176
49539650
38953159
22297951
84516940
8903006
40824735
84680987
26927121
97659063
91133629
79463657
24232832
83397100
17855202
4617404
54093518
57882469
40676413
86098819
89168716
11484942
64260373
5211943
48297654
5140911
74704649
10088137
89500277
76389140
92147431
91754253
20464688
42769809
22139527
23523822
26816781
20466762
7449081
96643333
59567062
342576
45242773
77365565
71990493
41056217
2718517
89992801
88614501
17958138
22175066
53626569
80848670
62357261
51320327
15767883
60734981
84359540
4212073
48993032
82011599
62464531
7527453
10834768
14244948
94899791
89611129
61162289
66270086
35945041
31036612
22609824
23573396
28314529
64194083
93372955
29601157
59685625
53824576
483475
62444448
28399472
29263852
70947195
18827668
53586109
11655034
36602543
89387050
9546449
87552185
85895190
35010567
82517803
75386560
39869726
64844780
30080808
71375750
34205621
98637044
30616371
44120134
24683659
34042326
16484730
15438972
94630761
49355056
98549939
72394087
57774585
84104959
28220161
78051606
69490945
37633178
38734321
48461813
28914252
22102400
45863158
85148836
45829799
9986331
50120071
71402270
41875614
1516452
23211426
73419905
17361800
7941188
32079443
25165233
33479289
29951810
14286790
12107445
54495343
69172796
39435537
10277504
86383498
5190489
70073065
48514884
30109011
43629448
94992602
51111173
23640254
30882792
38647487
93276469
95523262
85792649
17336701
49818602
9601880
50918195
47605958
17528378
40635899
51902081
92308925
729167
67981753
48628110
44787409
8957771
81139027
74648355
50940181
38507368
25765294
90556434
24580693
43842482
81864533
90349848
33794158
57793944
22035440
92469095
98126508
93622497
61029242
48252243
9466030
7539897
1807611
20920555
64668202
81108375
94872546
4381325
57905604
78008673
13418513
99175291
91662398
80335480
78505757
13616072
97903730
5067821
78146146
57134361
84907598
64014275
24878683
34649820
81751241
29068108
14434345
29591682
89122073
20676254
22697679
39968661
86305983
67407622
10017609
89042720
15795090
93319763
93566522
81469040
99046890
46365719
70983958
79944182
33145189
93409587
26126295
3109841
4669368
90118839
30553267
868714
61345169
21413810
30263491
97010151
42764033
54164169
10927089
43083796
92740040
70248417
8440985
75132769
68510101
16660112
88711057
42066856
13342347
60315805
10588442
40391798
16028129
60478974
65848347
75495318
79547575
30919860
47481700
91944111
71384457
33100108
96271220
88475136
21648981
92354493
69929090
49524569
83566636
46003358
6470494
20945326
25655557
17355394
62075969
64237485
92695076
19855705
32968308
25244759
4335730
42882663
61792096
83027503
13007562
21792580
9055297
36471093
10800794
7507250
19258897
63823421
49758272
34776421
52633873
89482519
68607599
28006046
2538068
81397759
1215256
21384026
64467804
67942847
67166580
21419372
44176726
51532379
19653278
51055411
50536438
84350645
54456819
94853310
9949648
44869383
60134412
3021352
50351342
10184076
6516961
3612834
26461239
44008892
50540213
70435586
98106247
8520918
70500751
30149926
72424531
66757936
4685777
18259120
82830645
43699214
86265109
97591859
72045980
73685887
63333734
38592230
34766594
99587855
19556435
8575635
38896232
85918884
84186058
69588366
60157386
78415927
93358163
16135705
86562022
55970406
8019263
37294530
61697410
17695346
98810819
38519037
44960114
49469118
25360454
58563610
69361573
11713660
96368299
80597653
22125839
76015003
88146988
59499226
7686410
27462999
63218106
35154208
89199410
2137448
97249508
93817504
5953010
63966809
23328467
20765446
77959024
32957770
43567060
65344656
71087515
64219283
61462512
77572749
87783756
28536403
4575181
21090668
98579202
95279425
25389163
80415862
40784679
82740798
4462770
76628573
8832910
36363658
25817313
58881845
96125425
67174283
31936673
26518322
18326588
34884213
77875400
61646664
83895599
48407347
51627290
96256598
67799646
41708297
10983828
97943992
26358729
96616944
76801907
22201773
900533
85059986
35827223
25062621
64744073
99830455
84517320
89258118
28205613
30186187
75040045
62446389
26986757
83379924
37161432
58231138
62198553
96497933
70822718
15164066
70106650
84739009
20975071
98412000
51861954
97404241
78482248
19040646
17322533
75824824
71544700
43007333
96669743
14568256
41004069
48839300
46142801
85323640
34994128
61830727
13501502
77040050
19225860
71939035
40529703
16728697
76088686
49354652
88734916
66104256
3524276
48458796
98742479
59269398
94265114
49943507
4299517
47229755
78276568
43877116
52369270
87188782
55328139
37986373
63248199
24819193
33811891
48767064
58643963
70377070
20638310
65835852
26554898
9180151
80660431
45161424
65893730
69281837
44167352
20980568
75945830
4312005
81875827
38552941
34436791
1093170
61806552
79006604
36899224
71911195
39018028
45346583
26948624
47916304
29891463
71510033
93739742
27584466
44186134
77310792
70983225
34779881
63508545
67018916
67515617
4715927
27254712
43466656
51830670
71803818
30358254
23602843
71516865
85561005
88908928
44094551
7943409
43541651
15879886
68962809
15167285
23861587
30295956
2190618
53485337
58721774
24451603
66641039
15028865
64153851
67358835
35482904
17862141
48963394
71634576
8542282
54220073
45203457
78949646
13563656
18194660
27145844
78937649
92104606
5092295
45059723
75424865
18187192
66021579
41146892
99021281
6712698
27315593
28510021
61279156
84936862
16720615
16744541
83115785
76560061
92759061
56933816
64637197
29517579
65407057
79153267
65709485
56559129
17058381
46712880
78610304
23945510
30796979
23812620
32783148
77520650
16578640
8507790
1687176
86521865
93584536
48407724
1921533
73833904
22013823
70965474
65084459
57583221
55206125
71789008
37558539
61773484
69384004
66476296
14573155
50170242
62980325
4737649
58734815
35211559
47219468
11184068
82114234
87822534
32469117
73895580
14657679
29693357
31474899
87621200
90985857
87116547
20575419
22139876
91281368
69564191
83857692
12034447
84263152
64586750
39195366
1950867
98339330
59798536
97136760
99816921
20549998
57476131
95625370
80134455
99196003
34803664
80531593
59017581
92976782
90447006
43654469
16717637
77006561
96249410
48457221
9671346
39041124
7008430
78363404
83893733
80960128
26839920
48861055
76377030
40094397
82004064
51464725
91713017
12736380
22138310
73806421
53592321
98357377
87852197
48527465
46999792
57217623
15480482
58870783
37182915
52323043
11504177
75296797
27470059
81488383
35449107
46853122
43676788
70062989
69001548
12699920
39590875
31342236
37484223
99359429
51791673
81215633
29854637
81994466
29787504
88337001
19210301
63777853
98423108
787288
53330641
55019635
73831105
2810934
20332032
11520716
45942866
57159209
76860603
94422116
65472234
63389167
40708803
27981388
58949804
23692846
39499937
83148549
35793967
1044193
97250648
11069180
78523889
30515970
2469052
1088482
63826172
13758110
56481244
68130534
84463717
63654155
50164151
89942089
67916410
93544252
43426865
73878580
89767822
38264149
41592767
87421375
45312335
62326261
87468067
83188698
9445240
1908482
32685045
79456348
98823441
23946437
92631944
28222047
40764280
70253327
73719223
90304445
76192586
92582163
25554920
30515233
94020237
91285933
35128827
26091534
67331051
73690617
34551364
44365125
73061264
74098365
4899462
27163258
75751055
34306317
46878166
29438336
75632887
88538269
98292472
3551409
56120093
51504605
93979796
21562970
51073384
49948863
77758877
51974800
18093203
36364625
88987388
85271739
26118275
66114046
29620506
7468446
14908003
91402507
84623036
55686607
50683987
40260982
31316327
26409620
16985621
60173218
7644980
12297189
44577212
50120847
36478253
88815146
96864462
69231006
60486342
73072174
22387405
76096124
69474328
21142908
45968895
33716255
35795007
2887527
14994549
5262507
27874352
98265041
7767764
58721655
84642903
24630546
69422111
81948800
72728182
41481715
51241716
13995763
7059417
36424053
19268109
74692359
53075353
32041288
62702336
13137590
21032178
65158085
28540190
15644624
23864375
59806859
51725306
35506126
29735592
15882332
56371967
62521361
8656751
59755418
59554552
34201311
3233186
10298292
20702933
3239436
10444259
81905821
85658729
95407714
2333636
55652383
43915215
9869590
79658976
80595977
13188275
27250103
13101368
94298187
93138989
55551175
95377563
2314952
62078996
53490997
90837071
80771933
1784849
32306232
27197037
56666207
42221801
65532468
42624650
34912934
6304168
29683706
93068792
5994973
21025603
48389002
49681167
98317280
92946515
6632231
6245184
3497808
73923213
16051199
66499075
33292502
38520598
24034323
47734781
83063608
35030641
16666935
90186164
23394902
93751751
92608948
40657335
6519415
61699048
70717089
76349017
51983618
89619181
44839247
48497986
64221491
62407234
46885263
12972220
61993828
17723788
29021183
39332858
17921835
71740204
85302696
33632226
72163702
85570629
60937492
33767334
32022733
1680289
65244652
33468544
76386599
57088784
13548801
32945875
38532929
64443671
73717637
41347243
31027981
68983601
37135035
99753359
97951469
53422119
67328436
63932107
45687644
50442954
87593474
3657783
22268054
26588259
59419012
52864120
56316204
23336247
74226676
86101646
2602272
45378558
55576662
8077319
51103982
24195731
43426518
19645287
60895971
38607824
995675
41329403
18529673
87693223
10929617
4100938
87735915
72209319
67325511
82762129
47871138
5911070
32650829
69280610
34672883
93109993
95534116
8704542
61966080
79760288
93703441
11958527
52065866
77071158
48584998
69078199
24108470
36081554
15049503
97023493
48576881
64333049
38697347
5499673
8981516
29383822
34464305
58494589
55668951
34885875
94382187
72482957
78790262
54649986
90268457
70293098
75412095
28601885
5897732
70631932
45554151
26513079
48434186
98573081
38081297
41778927
25375155
87511217
9367069
84471025
15551691
91625814
16446940
93321817
43016655
93828453
81437173
47178203
59905293
51386591
64090897
38711767
66492358
14010068
70434966
17315353
67073084
15841052
1441146
30660115
76247369
37461217
59941729
87175434
37485605
65735161
39646184
61629440
15213831
74331431
82910062
40133635
26646728
27932017
26474199
52245820
38606926
53898920
23901060
39817420
1512
60917076
34789728
5720299
69811927
7554950
56300571
89545076
60034962
84418356
36723358
15895084
60820100
61844477
33160205
77996289
69313892
63863847
59083467
2001205
99480186
61617648
10792178
68569302
69448321
29119295
1756984
95009550
966211
66717273
19126565
59032052
38714933
30668697
69223953
77838522
99453956
51885878
19174515
72883197
13614409
4791487
1276581
68385297
80914000
63134673
67317034
787568
4933467
70828765
57920416
26650653
83101337
17103471
31373832
39514727
82754549
1010735
16772124
25332732
10754325
49458036
78729594
29625651
97037752
10896471
91985536
22426433
58843099
18660396
80603842
15578809
44376313
55860195
73840568
48677977
13126346
2719374
61529732
88402785
73561976
79697292
65367645
94453580
26621833
84165591
19176678
91923781
66366247
44130930
55922263
46618899
67309342
44840301
16414946
36746283
90491830
41094519
74443000
88190973
44506326
42413144
98300428
95451966
73812052
49890901
64174610
30160808
69452157
12757669
83263636
41009120
99197362
14962781
25876741
24415043
47270973
35656526
94797221
43974977
53638606
49588070
91223628
85520545
78435338
36504086
67901680
8489948
17343617
55731978
7930739
15986677
55165539
29092042
3292535
68991270
17843077
46006706
16917144
46384466
24283357
83361257
79724491
41624546
71092225
28479016
1661784
63882767
75587686
14213953
7754035
933693
99372483
6289260
26590135
82605326
6468679
16643000
96931354
50522871
99762899
63142150
89762037
79352626
43561350
53503185
68851754
77266683
12675673
19461142
36328763
56998521
94476622
89560040
56847809
39040282
21910757
73577859
38435774
4531485
39190579
94886718
73967398
1423544
79134801
26151431
83351180
68767718
52768119
35842259
57274185
89917104
7854591
22432974
24640149
69234801
42735543
23531738
46271489
2865235
49495007
47438159
10901100
21487323
67132872
39000497
12438475
33280307
93229488
50605028
52715286
204657
87926911
74342769
16347993
75741806
14230871
24544555
7198323
10162573
90866994
83916130
79499615
45835312
24896213
44774849
96921791
70546944
35911586
69202279
11460081
97920036
22533824
86996241
58893063
34710964
9961231
82647197
4369411
29040595
21360485
24268800
56966792
35034626
21831982
40482970
46940382
90846430
99327950
24027318
12419589
19689971
97841540
23642988
49632384
73104823
22573371
17259743
4713984
29773891
71824716
22013666
79930603
19950548
87785349
59399545
1351848
39505910
84703583
20833390
17007484
69294730
63624141
71790226
27674631
78776637
36046083
56908435
73836464
21369241
40324249
9643254
2234565
87334684
63500006
92924895
51712714
10826099
42540933
61852390
31790622
78200274
54600235
75986009
53849472
77034266
6340549
77512743
44424390
33792590
80722013
26573185
1268089
39232102
74218995
65112571
95608035
3301301
36303858
80283596
71002535
19577365
89557636
13127864
39709791
45211299
75542015
65797985
95877624
64026732
31079518
39827259
70848252
45469946
94232496
87193724
47409560
27385855
58853972
93671579
27854320
33081776
93912210
99588471
29980402
81736719
53546083
72638126
8525556
35248231
58069052
18167169
9459956
15068608
77322748
31117778
9088730
91086250
79580514
88781603
51236434
87921017
39430560
90727739
37809659
97329912
84305144
58806646
98817491
60428176
39845923
60719327
4661259
46895257
91633944
95862302
84557689
92550469
95115197
6815827
72222607
97685082
89541976
71454249
33442223
95454613
22632399
64184885
41572242
30903470
75590049
87902059
80390035
94461130
60599845
1707081
32305422
42386135
58319313
37638757
35862917
19344590
21388932
72260989
77166543
23311831
27375284
95502899
11869589
10694063
41696664
64069318
59016216
32691026
15099477
21308597
74813435
91719220
83404503
17722204
73444855
55890587
42905817
38015305
10321232
83872989
50166374
38212279
18321820
72907409
154139
60924084
1782582
38892564
70851174
46992123
50938008
33038454
49628484
19478711
45660294
41976397
13770588
73474352
2249154
4278604
79073413
98918103
8641202
59483060
78806653
49014008
16134031
3672134
64541307
8998936
91741159
40072850
54912376
74037532
72477970
49968776
97930644
28369983
44255168
36129873
85372357
87749430
55426430
83796219
27996791
5161245
95539086
16734327
80994870
88247273
67766902
11974149
49803678
22037759
80229877
62707855
98979728
16254870
43319383
61628998
26455110
90005775
32132303
32533128
91571336
24870821
39834291
61450915
16409965
89016085
2596133
96732410
21143194
69126451
61565561
78740670
88519368
16917313
53103980
67708794
98759351
83563098
60916963
38862392
55631712
9082709
10126458
26477686
35884424
21700972
71883862
33084632
99289553
32899804
87277003
83720447
97481491
37904087
25087617
24094952
23041564
64025880
89674229
86804632
60313148
1369929
21192625
39044795
86881862
66440043
35852654
98402029
50395343
86849009
26898782
46008306
50712669
90524459
31465407
7720270
14956223
64819304
890760
32547450
36303103
10790097
47071169
40877540
893694
5972469
65255441
12258070
61950461
79131672
64863706
95464489
14206887
36096700
75587411
61788823
79492576
12401650
53382763
36266100
17528785
13483677
67776278
53235239
60115115
10667680
17329508
69515450
50852147
91534505
77223725
46664568
45726123
9010918
70019129
54412090
1938228
31384675
86988037
138572
91305294
26092627
48493124
40154576
15733516
99432587
90942361
3825985
12969818
24922815
50693164
67951326
46152896
83912421
78746171
45025398
81497603
8399454
532532
70627587
5041991
56728427
41119788
74737099
70155765
44673186
3708946
19700821
63025506
1385876
87169009
56704037
23810559
86920474
6085715
59902770
62175180
52878795
85147448
45210891
75109034
57988295
53203896
31346541
36982868
60811018
9222489
3965674
797333
91172158
43142313
53556610
62430067
61292170
73080149
75803719
82423902
62785331
12956551
80876927
6044099
19849982
19279489
43797499
32362287
80328657
31556077
71774078
95189056
16217005
76723488
59550236
64315444
32011396
72526774
54379120
7805668
93383778
88447573
62014155
89755385
71313812
13165655
52503999
109558
16410360
31085377
16149057
46717440
84290099
1403522
61289627
82168823
54718147
10364920
29868171
83941820
30140044
51876749
95276326
11098990
4356372
64913822
68278625
44332465
3282494
40060600
18411692
75253836
12602888
85124197
97785684
60117676
66536029
74112180
95302169
5875528
93110470
40172187
66009930
13038376
92092809
43007237
85592394
8794130
77031109
88717392
60904365
628127
69732381
81682485
60785560
76791675
6843177
4690787
28277014
94251414
27419674
56468465
12767091
63592905
12400307
85316
57274341
32845252
21565535
49976146
13246757
32166709
50508602
35296457
18323766
13670880
80863918
40915291
14954343
3598752
48586381
47927895
26371678
2994500
39568695
37912551
81051756
40317819
73268762
96393138
21709799
75753002
61680579
48735987
41833237
41647216
92795332
49115348
42477365
15957033
34576439
41846913
4275303
15107071
46363578
46569676
77147696
36619016
77660633
92816120
66201572
43906737
95448985
11850490
82391362
56836551
8315377
5339216
53124526
83557613
97897013
12852291
79357537
15863951
48440905
68652474
51025671
52181667
18909948
99212696
36482166
73660498
28838136
41513609
55257470
28948462
13628860
79206512
32415091
85269985
72623307
97305621
41571211
9145416
27608573
66865359
17609026
57862623
33005652
34589752
21060365
70129926
26751980
10703300
63816364
15378922
79161368
53080844
75425983
69873762
22467376
58582546
18668113
87378306
12631801
59944586
88073479
64332624
61431154
9867365
26049475
9938368
72826108
39701663
1434114
88080400
51815141
50352283
70266000
7312356
96902833
88546524
71091134
94728238
58256114
89568152
85344840
20652082
77746628
44105572
60844872
16095704
39830263
39318828
84921938
29094170
93383739
24553737
41135981
56222732
43260954
29281493
34610494
95994217
8067493
15290103
56217815
81456406
96192138
23784616
35460919
38681907
54385175
25294101
25119972
60237918
11501477
78709161
16811344
84566843
51121961
46428300
96709409
41596450
77389104
27399771
12759029
85484385
54086691
76632538
65674001
16518850
54836500
51553196
65050805
43251003
34638364
68566813
65527627
79507549
94666801
79703257
19611032
60201155
18757673
2662792
12837012
48051330
37392956
98171885
78045897
9850293
39995276
89638472
82294320
48552357
69156171
16071873
67233988
10926754
43214644
44783599
61288808
39113365
37307609
53284832
63229895
26028951
43023222
46765377
23254879
26570296
61352043
22600574
13295173
34434597
6102235
55555862
86655439
16407246
86702573
86449102
96861193
82469598
81370209
33025603
81707417
87148858
72566213
21414261
3295656
86416299
80704523
68332233
66430170
30066487
12048340
35583473
97458648
42012603
66390150
42106424
94466160
46054580
95859955
40203084
34082625
33564893
35585393
58673128
38435310
7240174
71792441
77861448
84179631
51297476
45621128
82003730
91066289
72010030
69994757
87534205
34454725
82411495
93382072
53442874
91116268
93181480
13505011
31591204
6441549
40157424
25665696
87352603
45980112
74440449
97615865
63330078
3429710
48129844
75656568
86252398
87160421
6493915
19053928
34532060
77595353
35065079
51374238
56180293
64172424
50427208
33491309
79797291
79117733
52536936
40905715
59106426
99779357
21758090
36772479
56591674
4197702
83780455
1843645
57852137
43640789
50884610
34238633
85016495
89545861
90608295
15904835
10553533
65804905
12196469
78997401
44595095
84770559
62332405
20212951
30966246
48541890
68950810
84392714
42324054
37231533
28012790
6065382
41014010
69325216
24734946
30662281
719281
83164471
81417698
1082394
26410514
43274025
33403764
73863725
10572597
55341331
37275699
82729461
51341605
76057378
44225958
24963550
42697612
90215560
69094202
94574172
73021085
8828054
99673625
64830375
89378263
14185344
77928778
98407068
59477436
64030351
90993799
3209877
67402938
61285518
66825537
88559770
64678070
74333933
38619934
21282954
8739113
68612695
11725222
6636290
61059689
28435526
20604797
66665937
9152325
40909354
25329307
24556668
48995766
54355124
83350872
97256214
51204934
88514383
30105446
38688131
80568315
74568289
92978586
60348563
92298935
70428281
8109555
33298961
1018100
20057827
39382905
5782961
10117633
59175370
25084560
83144950
98403157
31645739
57809092
30946991
57123137
7973337
58705088
26227472
26723284
41366031
26113407
95780142
71527518
48478317
83679513
71507734
66203171
88929719
11768443
52289546
61463042
81234049
66694401
14257610
5450572
64328320
5385808
37034912
76324765
97216340
94982128
96459059
34511892
21399573
53717351
15816133
7330686
27715402
21920815
39279688
47537895
66797522
49787064
93237218
43061007
55806463
20548093
64069231
59238946
75274901
68849231
4206796
12689437
42718914
72938056
54915995
901217
24555623
21080762
19001715
44329296
86167495
45720485
75633411
62838214
29182551
74331381
46080239
88467045
87320490
26388642
95609976
23638915
25322238
98722036
25212629
51989468
10693945
46732591
93803229
21627824
19532795
64464669
24822690
42977662
54586975
34287146
66429418
96799578
1401510
87595513
91788298
26483819
95170639
92354060
85707523
12445765
71161972
60627631
91013051
5451871
65288098
90261499
52474794
47760573
58062421
95722729
80263631
88336023
29961865
32661240
2483907
75675571
35116847
46105990
83458161
6047168
72607605
19277823
24662319
6759362
93369061
97619242
82323372
5125864
36858609
33691052
82535248
78824915
57793865
35821840
95657020
72253183
40444315
15730963
89246276
8294934
35676599
34511383
2404163
31299555
29036361
33474284
63515
53331179
17214131
73681318
50170876
8485727
58288652
76613699
26425464
46495280
53995569
79268017
37337430
29365746
54800804
97957612
14789973
55389335
30586560
16713014
67331311
22047963
44496608
71384035
50629496
69123103
93441782
25533033
1950493
91951699
16472085
71188367
38297533
37476855
72326421
23781746
85815561
82409961
61967128
29819954
55370285
89751160
90005514
49882102
87018374
72311452
45050960
83369598
74601669
53653466
46334961
37304307
40369012
52753684
38006544
39407979
9726857
46547190
71726924
9278062
89569981
93673673
78749381
88794534
75910016
21773422
93584955
18737577
42647888
21811844
64474909
34454101
51391656
28632529
64190089
57794583
54737054
54014414
80965864
38486344
63440722
18104202
9384946
90891776
45258141
15644286
26043193
68241006
54726618
28147788
78703220
19625647
87357245
77180003
78672446
29290695
63338906
61521241
81941612
9531753
40319528
57305327
51694352
38996391
60949896
95790836
20926449
30742676
54949038
38807985
54580246
24916031
53489438
31936157
10319472
87361315
50384381
45579639
74077714
67221878
91330334
60494009
24140437
22618276
3806291
84722018
76181107
16815554
6810665
86070215
35946633
63077681
26601102
779268
78522781
93101981
41111703
73465976
86996081
54350699
7506654
86656214
6128543
13397486
21200414
62445148
35583213
40533497
79650662
75695539
11869829
17818734
99456590
36548061
59696669
60881601
4869588
40384489
53210976
5842122
88907833
90672062
32274089
20466295
71878212
48802894
86230754
44955554
42448162
13381796
20013013
81857153
59188075
83511392
5078698
11914506
99148696
15774591
57238252
62837215
33511099
24109598
15044149
32599087
74126244
95320656
73609651
54219898
27875406
43366351
17523144
92580191
63944762
47906505
73871052
85648025
406277
61434124
27329929
60591427
39824693
48389708
56756770
10966774
16610216
24127943
70400065
33064232
14431353
26056083
49576196
87776309
92532005
13573022
38075407
84716463
62539138
45857193
51355847
64220306
91289948
14763185
16135820
75248077
79030191
25554965
29614014
73951482
84532466
60453810
32145340
20462466
6651239
25989776
15787273
28794929
13793585
35895288
16023587
34286014
27124039
44402298
55835545
44264810
26266000
63575996
7982934
46053914
94278403
69658179
34119432
46151057
48652081
1109683
4272244
11409771
95063232
53096273
77026336
15431312
99132563
25276468
93827343
42055453
32683656
66666592
92432642
97909860
7109472
45829756
19499218
96350184
30289007
74468959
13077049
66745948
28048861
36409925
86462769
34746173
33081097
22092249
59959488
21363812
22921521
18209579
17408630
38335342
99678283
35671515
13967407
63359382
43175376
85124070
2998363
34866773
37628426
63527237
85775080
37664836
69495278
94275544
17546272
14248261
60483503
80654141
6350958
80987545
50161132
30941531
64708843
6564669
31646129
88406832
47873786
99485484
33066868
7863777
34915606
2613205
94332725
54725970
62090665
34259224
80505033
15157778
37409096
61162105
49027792
27504743
61025679
36607074
76274083
91427472
96215672
23922966
62879616
23388909
78835364
61313181
29533824
19608859
31798242
54984592
10777334
10888080
1641798
85823487
54641184
46089218
68433980
58112142
79887598
46388086
32514725
80185375
17849668
8966902
95256142
27030759
67969230
21918667
12100355
77112399
64128549
92322006
90169135
19116071
5892662
35796278
26121857
59405565
12399739
94936958
23873565
94702250
37899432
197689
93537407
77891146
44892106
76205438
95487325
95833464
1480456
71470938
93045948
78064451
15233775
9480606
51190427
74358274
2929203
11568202
97732582
65686207
89298262
1938227
82981029
47455257
9167254
19490904
69681428
34456777
1311643
82622711
13507078
52401550
99739615
82935961
50336084
55105888
84889596
89603850
80430613
41324015
28146041
44842204
38921385
52121890
95384108
77861935
71067304
38362679
44630978
38651442
16319787
38971356
52101464
6377863
18747652
87099170
8081777
97406406
99658813
94871738
46835872
5134252
48803773
11125194
38678333
307991
23344223
50454759
14215381
97731506
86223112
35784876
76575894
45699129
83479536
40279167
61855399
18700837
73816547
99249910
38741837
94385841
31308206
45298160
15153694
92117404
89560500
95148477
90376149
6645158
56586587
59262330
31441442
36088094
70653350
76392640
5852531
96764494
1687752
37538149
7063290
73649419
17414519
54544057
54732219
23448622
36809029
94125231
92569271
47781143
57426901
69522154
64291946
90396927
43224428
42731970
39953813
78706406
36198853
69253158
16286483
96514254
41240054
37781114
28779241
76202325
28229215
74034939
69239796
24486304
45716428
3527194
51992500
11245809
18385558
69288081
5945916
26734083
33652401
53548736
38437917
30251433
68585491
43896736
25248057
86723577
1564435
78834002
25862581
3598314
21808292
71988144
33541330
71927551
75348793
59145775
17938323
68115663
49612725
36455974
41937594
89111261
48145526
56976779
34855786
46578459
7382060
99656731
23213867
90744243
53700705
42761006
57700092
5751499
17975794
81335816
270673
86008603
43888105
4837177
82916789
75497873
27091828
8042805
77687400
86397747
38306163
9203464
48572192
99110082
44932348
76740513
14507913
30493647
99014720
25719095
66782319
64943343
77082468
13551511
9962623
16263136
90812178
3515299
30985015
58907985
80016150
26870025
7142740
37366650
68398984
47727340
21665811
71781991
83936383
63824459
65577395
48452897
1707033
27448317
91717542
22397902
45002555
71941504
97557836
31861607
29774662
71205878
39766864
74498124
1030999
83324082
84717722
6493024
20157669
79302876
24600877
57754053
74197441
11864189
21926309
68548960
28314006
12022098
94351481
88284427
96890967
9365598
12888993
18717374
2489740
81067049
98430504
84242178
44241635
61970031
85988661
43088338
50063567
30123484
7855379
56343195
19677655
78726996
10839605
62930331
69984367
79816319
44623360
11928252
87928509
80748421
87045635
55000611
72130789
13681475
30016111
12564587
28684033
60109361
90360378
83981898
25171423
47776269
33170930
21660204
29603795
55204991
62191587
24334121
77276032
20920504
83829025
97308058
35037041
58431935
91500578
95500873
54435314
45600820
7517706
84238118
55752931
82099481
30967809
27574893
1626617
34983365
85459613
32148656
14476781
24987186
32986269
97265827
79926586
72392399
16418957
52210304
35901951
433196
48452848
43100169
33480950
75355368
40789807
6344566
30316238
22010100
25199399
59349555
88140675
23978678
52252217
18209848
52704157
25399599
82479257
91839577
28843398
38367824
48481410
89143474
34269199
27387339
6789551
75033551
59704674
76745753
50874960
25981594
78800125
23453312
88348348
83840165
89783055
62646862
28930746
39414335
5300894
95927623
51503060
15088814
54582195
50308586
77995857
80768830
28119881
18170849
59716258
9319919
95927057
94597954
92882780
17996338
5051884
80098698
83901168
76644652
76044176
92489673
85129665
31517061
61964982
93441442
82668640
95045031
42528652
35477069
38367555
36936516
44895434
49919434
77485368
64272126
90619381
68885297
41763977
5077741
27087609
73274837
5606482
82467429
72478842
3342003
61272940
93083474
28734841
82169717
95874402
72951592
94502868
37426485
1038872
39488303
13230300
57008132
53879110
25330963
86818788
47342142
64662861
70916491
18931237
44712512
55768983
52867863
80889691
77178381
70907298
77972380
16680650
44579362
98340880
7807533
79736033
73726118
46582636
15553541
31253623
72548879
29990301
59081834
58560834
75447133
1899455
64771488
93106751
86890403
64448097
71937065
61280897
97573839
89856310
14727424
31795773
47188397
74303818
46853511
54842520
47736110
96437002
91454929
6124703
64787920
47409054
10395898
75765816
9648226
48359488
31716013
69322735
40355090
21355927
24959494
58065964
64199992
27759938
6818119
90160758
22005323
22009228
36768664
8139595
58213029
28925824
67484095
87900012
76599352
65797979
81342400
28687173
78704528
73810730
87206272
70156105
17076257
73571383
87787834
12828214
15327687
3004251
85954816
35283164
98245687
77264654
93657375
95921489
462002
7705792
92516408
3100086
99212938
67169169
1437426
76024908
75703806
86079558
66003828
535524
74170510
82369140
16180995
14769672
65341961
11391373
32085557
51112090
30831640
17727609
31937544
45212504
11307068
21248738
83882945
10770346
41740330
13788226
66513473
28014850
87814520
95443121
13389601
77269463
60975951
3870344
38518581
50798554
24741374
98066518
94061964
84361015
50568277
36972370
35091944
23950390
44693780
75201246
72229000
55373814
94297632
50430561
82987005
98995953
30642784
26094346
14210213
32124876
8189620
19185215
4060757
99664173
13480736
71344184
48871983
36986481
62508464
57734095
41696060
85423306
73334160
70881336
95020710
12979634
618730
86575933
99391912
58478399
61875296
40471555
67084333
77498308
78298637
90030466
22467072
36736556
70412844
86620386
74066510
4051331
71370663
84313285
64773197
474701
22805635
8622139
49866466
83724786
6804568
94317360
44911020
1814199
23253776
5257181
71776424
14591515
52670060
34639304
43343280
36089927
11387863
49336135
12144651
97355633
37430677
87652058
81361359
17281240
3719024
4153116
21922666
74995510
11502648
76146966
97985798
58145408
75012363
8872822
1126573
97633570
79967205
89542747
20916856
5401984
98856044
7860825
5049882
49954079
87953591
49760556
73095530
78917106
83782574
32125082
13613648
36393426
4494762
95147838
60333190
72922014
18705910
19890269
6269286
44088513
29182503
70753757
46327813
66058844
65917441
46669173
3968664
47268651
28798366
51420725
22724570
67493257
58877868
49966703
81147115
79464916
16629944
62496185
66278140
66010843
20116676
3973458
86652936
50461799
46868907
48775674
44933498
34522421
25860132
41374636
42690785
61024169
62320477
72845091
85753421
33624014
58452411
62381627
483991
40351748
14069745
95182446
88495002
13406131
33725732
70999612
43906585
92395558
19923288
86629875
42363587
37833805
23190896
37468378
37210285
53446466
58129749
84787610
66415543
83484222
79974051
88004482
96632068
67929760
21823223
48332408
58745255
74209499
36238563
49457725
54774124
41800003
33129148
71573220
76155741
74182685
48163780
51439921
41125972
92836435
45734139
42786906
62517716
2166846
31864018
29602874
35866140
535607
8804774
21804559
50852787
53974980
21873573
90148736
81898883
97044285
31936526
54465519
6306303
58264378
20702595
96121885
12389007
18124278
20300461
18354136
28087896
3161116
36432983
33200109
28815393
40357983
63177867
61971898
45256878
51693426
95189391
77081594
87014454
89313313
45444531
31703016
67137426
26906998
30881228
79419987
64046123
40065109
76705309
81818348
4016580
47898116
64931501
30248397
72931349
25588974
18960802
72696903
72063702
15530670
32629664
22654969
49717366
24603711
67551545
71394184
69390384
44327211
21540620
71427242
84844616
88612651
3605696
70428659
45292255
34463777
48768434
92945776
14391817
22091581
48676550
3629767
37735213
56117806
85513491
17395132
65212111
79985299
49233420
75369506
72534324
86778081
61619789
2551156
89762099
92913897
26841987
96742070
86638541
1218208
55207990
222457
52401700
14460440
44485183
72799356
66197492
14381544
44768074
87315199
71780661
66909735
99475165
76227248
86938064
25056166
69238259
40051551
28045690
70816921
44795772
21421081
82140860
43496067
44506235
16281159
11931864
85132793
57429366
69646720
94722572
47159401
66344445
45229927
29721281
54174074
6620170
23513952
47999472
38468350
48832999
41258803
34055906
72517464
34409642
68985822
22877747
13635049
65830899
99175383
36936279
76370563
65166028
69422225
94682894
62595577
24147654
30956403
94625074
52729247
75986701
14033388
55191618
86008897
37605193
85005643
39957395
71033508
43363547
19033558
51182637
35283738
36034626
70681948
78335367
21140798
56995023
69737492
96143564
19302095
40594152
94071370
3112833
40766541
25890483
67140973
10537273
22943216
73708600
53303731
27952467
95474841
17364121
91122303
68782336
37228208
10142822
66202762
69136923
55163900
73615092
78901461
69061167
99508396
21106426
29890924
65776645
96888351
28344894
88247475
77010022
6141092
2807505
11294400
40063199
58866208
61943187
57322685
51255562
62027920
61514729
22443016
70800399
15689713
22101859
26170611
33866855
91073085
35666351
17363268
18967530
989146
25358903
20268496
74016159
60065284
69623479
77975149
64825362
83660340
58600590
15724965
27721625
53350839
97274858
404430
11601859
37512039
2440149
48171937
66729191
99497742
99905134
67255964
11268349
84479564
60400652
28773515
28860236
57575968
27819344
22420214
97435534
59528565
88897036
81257129
9631732
70697996
58287402
83904342
12168745
64475446
7718190
39414907
32131252
13346954
17218462
36004992
47343537
93760015
70311255
10981154
84307315
58065169
42276591
22027596
8128065
73574772
66917170
31709664
87838966
30720185
61311860
48930830
45817850
5067341
85550490
90092355
69995509
87411365
2040500
38878651
28004601
52077085
92604866
76462916
62453355
65342651
54574603
81623362
97294206
100848
69103800
8869401
36544714
53849306
36473895
77427384
65792280
30578600
10637130
9458454
89950666
55831690
81793250
81094807
63349003
89210622
67910495
5784539
56611597
50279690
33392709
66424725
84620846
49359349
12758135
43778189
63752079
82965136
92198020
17509446
59045576
25804575
21131149
49831444
17181543
48232660
79092063
77653276
48345569
55533516
12858495
45954035
26271476
92043238
50013438
52733229
76608518
57810579
24914264
16060824
16914263
19086253
56356933
52832508
91292454
95310336
25332370
46548911
46126041
65046307
8510313
55743331
29466081
98765179
12553974
63148239
85760080
75696944
78539585
50053010
1060919
54215744
45412129
43537255
69506762
62949772
54761547
59753901
46124059
13954449
85955778
98477987
99035479
3859645
30130919
62686590
51375255
57504693
82064532
19296598
96058988
368961
30610307
81651705
17024905
40671510
26518341
91357900
97853070
75157439
8311498
73922969
77493923
33053512
73315303
60851791
85976550
91625529
79770687
794712
69515731
75159080
55549162
96593699
55854023
65872613
25425832
1464106
39167112
29428987
96136786
49582553
39122112
40464363
22930628
33919681
91831521
33782703
87590486
64601868
32041562
2411535
26932659
24937991
90611442
53550824
25335724
91666762
43044413
27724907
26566224
19241522
56965071
98125969
33350777
73497878
30319807
31325449
65028724
78326581
97049297
34472779
35521579
93501897
12896817
54094345
37557007
88432885
62337967
12965569
3862187
8880466
82968085
4675039
31691166
52429109
50059513
22302888
96335586
74759446
10113516
39122342
56878307
7736281
86811156
10080628
43896773
7964443
58143422
89552186
25559620
9405696
83418803
12792564
10969873
85879663
40855757
24943760
90604679
81942342
84484177
27892520
93210825
99052460
14207831
3782763
98963738
21153377
45555340
33507469
22999494
60304365
2024602
99871931
68013201
3176244
35090703
39218406
27201744
64679375
70012
58108175
91727556
132627
44651273
50353239
55863885
35919885
7888972
20332898
28112479
407019
90761289
52699115
34152789
45579092
4153140
34020807
64422369
45945427
53389841
1811374
33648930
20379345
19308018
73933750
94525192
92263673
61366250
55159179
81557935
6438789
30385967
41832186
42313360
16779950
88170288
94600133
29947256
83112725
84496527
39440727
26019564
31170395
15903240
30937256
92440989
42062026
37862753
85065144
87966116
41136124
7034881
67163923
35564223
53006228
24582115
55646630
98519320
75495455
4292591
63867035
42961442
97310158
56607877
29202681
4698655
73967357
29617855
71614378
63968540
16220239
33255451
63250994
71387837
4740337
295457
57868736
47348180
98632595
93995957
31896189
47421002
55851463
32940446
54771333
24237930
42249863
61176250
7282824
27224294
47781685
85161226
7048528
28126039
77236398
83513337
40485326
90349170
47891312
40348680
45269432
99303001
98311582
29981956
97608726
49846050
3737274
80138264
2260268
96805188
70422991
81085605
30147267
62232481
35858987
78775519
44350409
46262229
82915510
87359263
27393211
26322027
54145600
81095938
71851763
78637047
34964770
48132824
29031745
56045777
5249968
74648700
81401043
91231659
51985585
49006463
56080121
39108608
79636416
54292463
75037835
1246557
87637903
81519457
5961838
70218026
28762864
66166334
18787704
3410492
87586676
61186893
34840991
63761312
77779767
88566214
18840642
64233796
83796492
32516798
96161188
49450136
56520356
635423
39946992
41580671
6474641
3406925
39078532
14004009
50746698
88902743
57921181
82076375
16818045
6932631
63642548
31937133
23504579
64744577
73160351
14185975
33537561
86174544
88990003
11304415
98282371
27218184
55307660
93295255
40218667
61059053
35142340
61947037
80844966
60904973
33701394
89299858
56788
62875796
14026855
86014850
64504089
960943
77643301
22078676
88531601
92338280
41118315
97652665
14754858
13244460
48258070
59182595
67208478
99168646
60933885
24741297
66046494
36460262
75145575
50147642
71828494
71026057
99431934
68108013
78885970
32333162
88189249
91775739
28388127
12878904
96732184
69331967
49279196
18823073
84275471
1344192
12788840
67541209
74564185
22613090
87722194
93999122
47393101
266126
45080426
40356647
10749467
19813915
82871439
4058862
3945395
41607876
13573143
59877284
92290265
42796128
4373784
703084
14862447
97910534
17932010
493856
90909056
56510301
55546180
85344083
66144543
8315924
13533428
36700664
18980985
26872792
18643238
56987955
35076998
85593565
28783968
39634353
12056177
884195
93786693
73753578
21972033
6175488
46916656
35682100
48502781
31689868
76872448
16977000
30419809
54250508
7552379
94606894
41744667
36112194
27030501
59456589
7906484
15126975
82843381
95455139
74524589
48559935
43272186
98503076
74907569
81395984
3236457
41881875
63802848
43418736
17836292
12711548
16085781
36125245
27096703
48422880
86330090
55591126
36627614
38172052
75809868
37611183
78093224
9486743
22696483
50844073
70862945
80973942
45459030
51983554
68819736
25739083
38203940
4187227
29318777
91070976
84342503
47410396
9774196
81983202
10419721
71259819
28728767
59218564
6983153
12623741
72328157
99059646
40385827
71262011
17516175
46541325
53499089
47505640
73269484
26829431
48746218
85781497
95094838
42413191
32835549
78222596
63923740
76531089
35324371
53344438
23068752
41453580
30306545
42135833
53115059
75154595
5629391
45193309
42018170
96092065
28457480
63021228
60466277
30142292
62814516
62178568
38607140
20113690
60761959
69906054
94661804
20378563
84189830
74021640
7896534
33118379
65569716
3421527
71967332
72118876
8149584
55493229
54201101
19018021
53580203
23747652
98588233
30688599
7984058
92388081
61041505
87879465
76609405
17674751
9004227
39263439
53856755
59169602
27742235
17430984
96741185
8409905
15009759
19351462
72426696
80565345
17222111
79268760
54809340
53803294
21282919
4135778
49710804
74131450
5925563
57050229
72628638
45596154
33184587
78909358
37586861
14220255
2702451
92763514
77525308
86790608
12968078
18815925
77016000
32968587
68303017
27439902
62177549
19654479
75983747
69125354
53693497
42291930
51117311
17752408
94585062
32981104
6737934
52607845
32945607
15874969
85243339
30219977
73441945
6593220
22627928
36203231
14953200
62478479
3023636
30837157
80560809
2489471
40883074
6987458
19363163
35129532
80631161
71032695
12663657
14870970
72429449
79549422
29648406
13955643
75519468
9476907
6803236
46416369
55620131
2003143
32053942
3226556
5691126
37921873
21311530
95254815
86058292
48440904
50544290
70876921
37282707
16319232
78494397
78590831
90142989
90485290
81058129
14724130
58907906
94707166
87277741
65154301
70367490
53288566
51738335
81218891
69154978
901165
13641029
83645602
35727429
81145674
98842099
73196965
4931234
79793206
10792390
84142275
24354346
46685363
2949524
80927803
36377812
52862903
35055057
56853587
45621271
83528307
66386054
64453402
20888827
95105763
43910695
84469718
5550786
94381686
67870279
39449021
1343580
98736209
76138767
23603042
80619105
38536856
17171268
17163636
46039250
53309066
53404790
8748026
33792727
75168420
39350064
90578784
84843403
98141107
22069412
97717256
96992899
23277001
27091608
35454455
93544980
96314236
44375448
68185953
23872231
63909130
87340703
9450721
28259810
32838114
83579291
36046985
88986470
97461725
42821040
75643707
48332640
54233888
17735934
16365894
59836959
61784125
96216139
75968674
11459155
50242280
11212659
98494153
71910043
37523268
44695800
5021295
33213109
98907572
52749186
79645122
79594639
2345016
35576399
80492699
91629742
98112299
3794255
35380179
34890831
26110111
19352212
46252551
95780891
95587579
8715199
34869529
99739525
5689883
41420195
9065319
33522214
87357291
86530567
65190911
60742580
85747194
87168541
82304497
54091073
34335656
35118922
13863877
76787213
17340848
97184945
73989993
42999280
35558268
36755459
14910666
32906894
36211603
92007886
357066
85113558
34551814
69869766
91277948
17184721
47311261
76942123
3127153
87095416
53719005
1745192
21993577
72865801
61833007
43813589
61315936
40815568
96763778
42024740
54471300
96352687
67046443
39573968
99510353
70651157
41116042
73173681
95468384
75894027
39990569
54960755
4193949
55013752
9903302
81258385
57310923
89622554
20483128
97182764
17307334
37980819
81362102
86351350
31700443
68271367
18906625
13496119
84933388
32533910
36330621
27850763
90009718
96608678
65551141
82697817
38147937
34580570
20940016
51795420
32661740
28621452
96476598
45776335
15447770
30200121
18363130
62478854
3626911
74521923
28286164
28708374
48213382
84387274
8121271
50409300
50091044
37542243
93750799
4670412
92380762
57036035
97889415
69245105
70459040
73686964
92393593
27407268
13351245
26072326
79571987
68886102
45317819
29367950
44826979
33705923
32678488
57154162
23850121
60921348
52400227
85985413
7025250
75564
3795545
77065417
35146085
79750815
18292808
50465082
69448969
8040220
8511451
31837194
31733127
69845796
34413933
10306125
24297825
36253091
12499101
18953299
58629570
74360848
68431222
17922459
63664702
52886498
77383069
67269373
47030508
25466967
90617717
90531947
4858166
43931455
63093628
82794014
23201236
2008432
19952678
19679951
21822545
79120246
83258282
51899656
93063246
97886900
26824229
94863749
29775886
40555897
38065642
7319071
41833866
67053693
24045390
93133964
70207878
52174766
93094255
67239221
14257852
16477704
56646710
74366964
59813625
33677140
97705040
51104178
35943705
21654105
75430509
75003647
36400370
28710041
44661569
75813486
9540231
3408303
41760452
6471199
54965983
49999351
58206001
71306237
19487851
78723335
53978910
87747371
16769650
77567668
95614270
42308285
83780278
64869268
2425486
17700435
28682732
53094323
39933926
43719599
40260412
86630262
12400607
58809700
46783583
70065154
23712178
5543795
80303875
15034371
47238804
61967267
40072137
22993520
30589754
53537375
45842601
30792986
42842602
35547459
31729200
62576726
28475733
7382706
71539777
5615455
19537923
8154843
8661210
9473230
56565389
84644795
46736749
27339702
4450594
66324366
17714147
12635391
73228537
53773948
22214059
39421939
89758287
57588178
35003080
73091928
81818275
64025643
21218628
91540170
62205077
14826059
47965356
82963071
90800763
96133980
32095447
25457314
67898045
34119193
10852711
84259197
15445008
17178800
921553
18535935
30928480
39382340
48581390
75035137
85474641
15692932
76845518
19082849
65911164
58498591
17635319
63667137
54964055
42547702
40704533
67555748
28630748
46700139
64384827
9256729
80720798
47891358
58070671
82499438
20630572
93670845
26203584
84627174
31749948
48350690
31026844
71775190
27602435
23031702
45437677
98102447
60755932
66901481
94532507
69570938
65204656
6054102
91841914
22670522
87027424
97041060
42712614
72909842
17459807
70937185
54876590
27369678
82870706
14587196
16142380
61334801
59704121
12410091
67538766
18733311
72564561
67077714
30035536
81753049
70110455
37289506
65554287
91696560
26293884
40686994
68932340
26984085
21203267
50048740
28599297
37839125
43205849
41081480
79698252
83283171
14127592
50228457
36106500
84739828
59451161
7045767
39845968
31696332
21124204
15286077
25815526
15139325
54520111
41361246
51385383
19928575
27934966
84413485
66744895
15262571
1145484
39669735
21522967
52031979
23094938
41350938
28750655
65419659
48557310
76314076
49339332
21506352
76299741
64775798
51009679
28727918
46089896
92421841
10640603
72604568
97541052
27775723
34285227
97696241
87104855
74644934
55291647
30409927
40155274
86824652
4652993
61664603
50503529
31288268
11876809
5009493
58153952
84268093
91619817
83702173
19236732
62574917
17265972
74054618
20190603
36631179
99814256
20984143
85458821
16761603
80727489
41701612
14153313
95280157
86497673
61852994
85978726
64609085
82609129
22867296
27137617
94569735
31008043
58876082
64325425
52356405
13086225
51088348
53061850
72935456
68045623
98693078
34920573
19716473
61896483
12466161
53301013
12116558
22570499
19674708
86089432
80604744
58711647
48472109
36933268
95167778
88074645
95990809
19493608
23568419
83344543
54407804
85399761
5512346
74130757
80965246
41764238
32566283
26661039
67585873
46429366
36102165
16881456
89970486
85038924
42480661
96202512
31059036
73747650
44158936
403962
69380272
48949064
14947971
99502018
33779740
46541107
11950357
73175184
27550699
61570261
69077627
71207673
44252609
84602301
38652493
12772671
32089648
9307067
46144919
75916140
5809530
95478847
14720079
45496454
95037688
62285023
30866619
48201742
72309669
41397518
79909393
68791867
58408156
69853141
85577528
53030076
79741970
72262977
49708903
16492067
91159846
65883523
54923366
78816999
55437091
86693230
93540709
61663850
60659642
53629584
86102699
9975439
39783426
12642519
55744559
35002873
33342830
48901980
24723148
94885164
96344360
68688753
76736436
10068063
44337385
39865852
44168958
95655774
46234965
4234278
67725238
4501526
93005180
96320919
31535596
74691490
52671165
89967875
42424991
58776298
52767525
93655341
59626140
37075778
79564114
98556850
49954479
27057453
81271770
36009897
92468371
9494678
58815844
73086156
42568892
54624964
66335265
61284796
63336531
85031819
22843337
66774593
18731051
77848024
93669023
14349984
62795219
89963507
11795607
21816281
95029595
60503216
80576408
41616417
97469169
98200863
23535115
86693604
28233551
41972504
15394095
17361111
22057896
64193074
72345399
76885483
44675193
19589325
77969034
12530217
38960660
75822445
65001878
26731420
36484733
25731735
51024348
652698
86607793
60823318
40872620
2295756
98104910
71168584
48623483
25759260
74025195
65620337
89531509
41435278
17276248
36661885
15457450
41766954
28373743
61067871
72693898
2058993
89112434
5717431
3370375
75312574
78346015
38234644
90076103
80504195
37651943
30542805
88728665
69459450
69013429
3229704
69266913
92221945
35833779
8668581
93132350
7642335
76503914
31421524
55690573
32691499
8866547
19022490
16052322
65476912
18158829
26638819
68429827
83416160
23251312
69929599
88104231
95743734
2875404
60568449
33997495
94952150
68266262
90914525
37810348
57540903
90898150
29737918
9295348
29193892
30702427
7276475
3714775
11764346
69581704
56381800
63905494
70528243
52748657
84015371
75848507
25631652
34086066
45555070
84851014
16254109
14157585
77281746
95317008
54584762
54307839
21908532
90011409
1549698
80372825
68845566
96722996
691800
46839488
2809871
79117528
50077955
37975685
95431898
58546310
50661877
36905949
14016772
87065515
80207824
71481625
33615443
30071971
82621678
33389403
18139742
20897947
25582542
12146290
95376670
12941091
31748053
39053566
53974664
19226072
18594268
93830380
92343931
33850032
2220535
67819283
18174187
38977151
28117085
29869401
93991818
61108394
99526507
2908747
58387956
44876201
74843599
60744981
28398656
48818790
74049585
77587261
59011069
76018929
81081273
73983810
92122162
33605809
41861694
31189884
98830534
58368246
17523190
53752607
2950146
73022001
27387582
22948463
16856199
8014307
49441894
11183474
68825701
79082194
79707631
21834999
96779814
65980191
77461777
8872820
81720463
45226598
65323499
94311368
6481375
98107558
86800425
83913882
32314272
88653524
46644473
43586942
71633314
76039137
7487332
81827949
36689315
77839423
62780342
19278256
17984024
23295724
91517591
36544457
97930595
5210078
95446523
63912170
51271725
70305840
70275743
28382310
28002564
15755019
94141407
32470485
60134970
29226150
87479022
68488741
23749557
98659120
16716069
89406611
89221530
88643077
2768963
57092769
97901106
17853854
79160724
26040320
95875566
34585248
13191223
96344569
21972460
93449950
30490797
94111324
59858505
31517583
42831847
73601051
56667470
78253745
48806550
27629757
20651619
14824708
35595113
89499510
85177689
29363575
24157732
94994466
66829009
36631866
70377213
93914328
48268998
22353427
70163089
59208712
9310422
90018986
81573784
59458289
72128673
76366890
71528500
18713043
34393164
47885896
90968340
41852038
89523023
91011478
94456820
43512564
25956230
94325184
28617724
65949875
7992288
31466442
83858001
58910136
74808843
34409510
30294522
72550518
71473490
59059974
74789705
37021677
76249840
20089943
42260739
74789353
21551968
76390376
41673559
93773311
43778918
99765886
68843865
72524701
84865962
80366198
30978227
21176244
47168400
31525496
55576375
15239959
89429286
18051916
63446428
8861331
91320699
54222496
67639674
26106675
37641275
23704611
6612969
35928732
51536892
13519636
95680723
9269841
95109646
70555147
57480126
91122032
75635086
72383778
27299771
19855536
69159831
50183936
92125987
12513981
63387907
17345633
15464545
18568014
96834324
59967904
40510258
76010206
28094526
37742240
73050571
78539864
56400732
28229871
50886521
42631383
25121663
94917535
63430718
49237566
30893514
70492604
19546933
3397165
1706293
20234973
9400887
32952155
14297707
19444589
59905934
82151507
62729718
15482067
60667565
56594996
31700491
41501108
74783960
30880360
64281288
4832374
39912
44610198
375458
20312300
56797058
16039133
62482263
63130406
28723644
47227927
99939283
22563874
15660181
80775912
81110096
38525964
54419960
26289604
17770000
6090764
74985970
16078627
86944202
90999435
3000019
19422513
53774643
72388451
75320157
80136691
38083346
20571912
11705516
62932145
59547878
43461725
42716152
4539390
11927279
61461246
78121471
67772276
96919180
36985122
80407076
60779519
77424104
84413072
36256303
59659020
67335930
28172061
62511103
97248218
77418176
95805668
19543533
87708665
56315636
63718831
36108669
2305985
90847976
20057954
46134579
13228242
83520878
43478417
4853323
59594247
70084731
49677594
25120014
61402737
80110888
11034468
8208894
20605508
96727292
60645215
9124597
45353484
16805543
31995191
93549916
41124499
5301838
14453850
68670183
51465727
97127076
85365407
10451008
88909120
42912214
40076725
34286180
4105601
99654628
8715244
35027698
2831759
84604765
18542861
45659955
91376745
12757818
95092337
8002309
22448162
8968024
19141829
61576176
75882117
28646739
1937486
24555985
89578895
49917970
45136105
75638737
99542954
88749597
2972406
6671738
45798552
74652689
46558064
12734629
21848927
58433936
33581182
57040483
58859260
25352937
32306055
1851711
29964390
55212951
86517213
6795917
84993524
20380350
88287446
77963040
66294159
64311959
89864911
20989784
89009679
75930463
70831840
38692851
50719687
71715350
24629647
44190955
83575988
71566300
82421560
37856240
9719920
28101118
5396101
3942689
66578823
84749881
8673214
88643743
93601920
67621116
33840121
70274085
4043976
46733147
18631346
57832573
96555942
68296623
29451154
63794295
56574450
63893790
7351857
84358877
2311658
37573778
50453574
91232298
62331343
76065452
38744124
91978114
27198044
43722252
75905566
44250518
48071597
9436864
33969762
87757724
93385403
79339834
90350522
5073936
91534336
31267675
84270381
52772606
54065347
51254129
33335796
56799132
93092450
42625321
40035149
37210505
2436382
78841958
67568064
56773529
78587709
9032111
77120747
44607998
75145315
2140973
69795188
8356667
18538161
84710555
44016735
95810402
70944972
36731943
11422702
89371050
35837141
50554633
80026036
92099599
61533962
53991046
58123080
21698376
75147043
73500859
89754751
94737109
77040997
79209304
18111723
83658407
33305983
77272315
41595702
39806367
54454536
54411911
83340373
48636726
37810118
89508235
65817056
69037512
72077779
5404129
4367684
88484592
80780745
28222335
19831063
13902640
37693268
5814033
98781950
8423054
41312972
51404217
55683387
16890193
52629108
85028349
98326822
60329711
9464900
42882914
45076825
9890187
98829347
65654941
44601016
93493282
78197352
60824499
71983627
9190671
6674328
70365338
19911297
9950742
83802252
16779261
97616647
68974712
4384163
36563596
65518952
93532924
35848828
89667142
8849138
78915694
72642549
74541069
99627725
41665855
71660916
62654647
6890016
62838567
15155612
914614
33117916
83935000
92107792
66434864
67709234
58405516
96836645
82519397
4872569
34306514
49676586
3964614
5338404
13868533
14025361
12920502
92304334
4661327
29429873
18265693
93095347
76043796
88637184
27696243
23910197
11597035
76970979
25488145
54072545
23364296
90200650
93978684
20016469
36416493
43809713
41579416
90402140
99508033
31826816
17958918
17890342
34206612
6093785
57665802
49919073
36527753
6880980
23924003
228413
5834046
53197927
27683532
58727814
28572216
7405666
81477698
60619293
12067130
86087072
38387871
75181036
84064340
54445214
31361930
22725942
66259784
88766007
29322194
82472240
49821349
93316577
39400326
36183016
20954407
42629207
48915796
90976223
91306968
27154978
70202496
29774029
99131131
45728789
87068886
13580774
70352095
48853186
59982965
23399132
45742182
65651704
65723029
86400860
24692774
22131194
73796908
48734209
11483211
5147365
28413611
22893418
94944340
1197177
88684697
85911948
94134206
99282496
19163814
46848161
51520932
45910218
415685
65247609
5209294
80504440
2024018
11182777
30271232
65639835
35806886
9900228
3038309
54629204
20641226
30460925
41909601
15636440
63311028
8497509
62980453
52184163
38340190
87237538
52075889
29155665
30670632
23848591
71069065
3740289
28955841
98962921
40161011
47767720
67449814
95160354
40870596
86834760
1780444
78968663
58300201
9282759
909044
41585550
82819630
58679070
72068840
63407540
57128296
95547258
81852784
60409181
15830598
50307351
80367053
3063027
82268171
55272080
88297887
64991367
81652920
77617379
85906237
69607577
28463182
37460902
61576657
63396992
62870065
7599173
74348141
64979264
87687417
53899548
56382091
85138
85923684
67152104
43364655
31969523
38617914
75837932
45004753
56587612
37608677
97359342
67627570
93337872
12614252
97749807
37639557
95086423
86391027
17589893
55969428
58322224
58926081
71131098
97126275
44648332
14128654
9809923
24935802
87122535
63680946
18708370
62549064
642898
94819682
80323560
47925336
30018007
88142051
70117537
29238641
18030908
30767360
39123408
27561303
6685107
48709501
26154533
99813209
65181936
84233628
82722956
68047535
7715393
90772829
81939561
76817639
41544020
83503083
79981526
77221310
59185668
79098902
86078569
5730509
9701491
99721445
658826
21330790
54429053
44223272
89017454
477841
62473746
46324256
4781831
31658311
44379959
10908969
7859755
66043927
58637506
64722027
28556544
38060269
91198516
89273133
2922219
54106090
77383888
88183700
91402122
59241590
3549235
77699385
37881052
13090709
72556123
38116671
95402003
7531893
22723377
63697667
15478189
36468638
71431065
78386442
26934647
47117210
57030964
70293352
1436370
61670365
34561777
2878862
17625034
59206232
5207292
1857021
67372641
98909824
60584347
5033589
3783420
2175396
90261103
13841352
70078607
33818853
59749186
14115770
62262649
11904278
47674073
95224461
27686308
92588881
90132391
68002770
89057041
77122548
44624626
18948869
58711943
83689653
38979579
22436268
97968642
32685299
61880227
30468644
48916984
15830218
19079416
83838876
18085603
27500648
70265803
95875529
17725834
8152070
83763978
37365526
43321757
91335125
68804078
82778338
40189332
17186323
43548170
71254346
4017035
34064348
82242286
76095640
39373235
81869311
99088659
86593703
78492957
3752336
76943090
71140684
94999875
79254944
29970222
21168761
27685754
57977871
4840099
22572870
41188847
6871413
66322150
91233680
84419153
87816139
46905433
58166648
45488158
30832549
98232622
89755793
46110637
72938661
74651191
11942929
16174979
85704907
99771183
24286240
92001905
55289097
20911573
79511973
8114388
14876211
38234814
81620732
65934798
9673976
68209652
35963616
172856
24146680
91133293
15015540
62791206
24410204
55954001
41330695
83638991
70897043
4281573
30092735
43907167
16057514
56886561
85668166
42410973
98820553
48044481
9879042
53032033
86328955
92267706
91195662
66718067
33205596
66039421
91667401
51154621
8060275
70573113
30010719
76570279
99623460
48462869
12821922
57311457
12128893
7361668
51670269
20113797
63366439
42044179
59922025
82640546
66448729
35575276
87232445
18023077
80956426
96660755
37425107
93202042
35898149
13473355
80787294
80126060
41838079
60506164
6383598
27850708
69833256
41326621
67313152
42060686
55710871
54255629
22398526
21553190
80238433
44862420
84935950
34036624
99499983
19585794
43960405
9889096
14682596
96335461
96826732
15985956
90035176
90107040
77732867
94727737
34184735
39806296
94889965
47279066
5060191
11632062
8405695
33005500
66612046
69230195
72867766
87347836
12426407
39624004
22160507
91822671
35731586
86446856
81213601
5597259
26934061
41564559
26826562
37538516
84334951
26392943
75974589
28994168
9041847
5443690
32443700
80874767
12761308
29000435
8400180
79027893
2430532
31997576
26603915
28743796
70938475
16156170
34246974
93117365
28336504
17839088
94642921
72189694
65593723
74136440
66663757
22402029
68363437
47089670
26288454
2296518
59760837
92984294
53966588
4534582
65669106
62717301
21309287
74087559
82707694
99061212
3724058
32716751
35459313
23555549
21140994
47243089
15336692
17634305
57138472
50118425
23184268
60244318
26355917
21432688
80823974
29289401
37811940
843542
75235911
44731769
63560053
83315831
20037988
9121494
95972373
71278011
86639136
44388255
76417125
38541051
69339038
36300703
1784881
35763246
21552218
5368841
21572427
32400598
90363924
78421859
49538264
5667413
77884191
64290498
16396641
51779364
83997643
65748564
33164604
64422499
6783038
581149
71611887
55369290
64524394
62993806
32703505
42877870
29459402
23982896
68045284
95410592
88859277
64668926
24548208
84916854
29822229
32752584
89335724
24604612
366930
36193748
79286865
63598962
64029225
95215158
25018048
18586873
27683702
22927337
65401448
516621
28872083
10944936
58971603
2853440
51295377
9675667
87212959
53076236
28273690
88555130
19634326
70519498
81405899
27118684
53782897
56845796
37543649
77306100
7521636
3683956
93536699
34299809
517409
14401334
42197510
69601223
5157217
56968872
47671658
85610531
26147667
18918577
26654352
65234620
4354711
88942187
95165280
20506828
65757437
88488836
84285352
97649576
2812630
12270157
44168538
28370497
10971607
83338646
18583444
61534927
26021863
14760969
74958556
9463730
54053788
90084364
77429766
7902945
61360182
44120837
86109774
83279506
55009394
6419553
92301276
89946339
41767627
9554891
21669272
69803958
66864472
69089913
92179567
27145119
80552398
60296467
98531238
86991011
40613676
84258378
51114028
44985697
26071549
77257318
83810506
48949780
72086957
4664055
50580167
75351552
72713742
71546374
55422976
12050829
9974270
35088433
15584982
36099873
12483457
58641662
94473169
60279183
19698799
7930651
97429365
89089158
49801183
72630713
6973491
26260962
4039267
41846050
77983432
77524519
33530122
61313650
1869688
75286909
83407805
19275076
9823375
64870609
37743414
5626432
61522218
11572490
26808618
82030815
89217110
81191581
68247729
66125178
50906740
46200666
18297139
56544852
40991814
47729178
85185789
49660193
2388213
86314084
55953140
3720694
87385418
64653466
38583962
19997820
19618257
6958210
74928335
17884381
59895728
30513365
56838733
11891749
84019812
33179060
23343156
5670566
79987441
70546329
11567845
57189759
78243998
5893622
32688943
63972269
98884661
74728036
53203909
2935632
17868734
81784176
22647142
41904340
64096769
51194919
69289340
77631070
52233567
15387027
38597254
46690062
62157324
46789801
51971427
53838597
17288212
40387881
8193018
14295503
81523596
26699514
23764147
48515606
34670528
11753559
18574654
81344137
56246263
46906747
2190590
86470235
30327668
32659411
29800000
31961214
24179375
9742424
7145455
55886981
38893430
90542731
21545041
76615461
84745231
68260871
18798250
39384028
77403534
24477742
77458575
59669749
38279560
81004093
74283010
69373718
43266910
89836406
99933123
98102585
17835574
91887205
92076306
65238366
56110499
31071959
52867483
96308005
40237336
62203156
68748865
30625130
81883113
18630461
3428468
54743689
41534570
30691914
94576828
67512054
95750030
80716301
81817675
28336150
41163678
62290744
48252698
45190999
43392337
36088083
96740379
41432829
97051587
52818000
73983340
66587671
92389818
14220293
34459677
38706980
38485180
46739216
38853230
70305014
42990658
90913465
45410898
8446865
11318802
25289474
46338094
73785518
4063252
70760032
43287336
34059891
37537499
30708581
67897222
44767428
81210446
5112105
81209899
77130461
53827906
57588154
90826558
33365349
52752774
32268068
5075527
5444018
18976263
31407295
40587070
67112463
86496654
70128110
62746951
29428516
12204376
75547876
40476305
70211047
41345064
21870288
34524579
5709306
44266905
52030549
62077100
72739079
1337258
2079569
2252496
55877787
22992790
70758859
26502148
3651270
23033605
18534929
82325443
67662617
91047944
9590745
29171385
72008335
9009595
92449512
54655673
34616005
93686230
4617454
91621740
26156665
2617182
72196618
22640278
14458061
27334206
62031070
90836219
33213318
96648353
7364625
20656310
7656633
83232597
98247732
91207987
23990533
66595869
58603323
14913651
26993119
47665462
4613171
36456162
73543847
49372454
16247740
75345959
64111054
20189519
73259416
18338299
43339392
20452557
10337238
49004378
50840250
80503340
12015712
42282582
50516071
3834109
71205894
77708689
68150095
58813915
25073467
58765385
91392278
27231186
21807265
65333555
59961327
77484130
97799052
38105993
8226806
24160739
46592031
19690955
46250429
55627669
84237189
52247921
53088069
45781451
94524447
8971510
4118327
13469957
95767690
32128641
59228237
37491043
75169802
4285333
44296184
77910366
59663581
44719277
50020960
96343315
46658257
91225873
72840997
846743
46478485
66574419
87702911
88867722
99554476
17840960
87938203
88276276
52853562
77771515
36658891
94676688
9679286
74973836
51843587
58431338
24006832
45145883
32439932
26317706
59648937
26482926
15264600
10902622
83189651
14266802
44561967
4171373
86411705
7619051
31859490
82534051
89665654
34469926
37166857
78824893
4655328
67235789
15299652
86156021
59372780
6102148
26582025
14205646
64267480
55632159
42884915
89436535
91902437
13078573
46950060
18135981
64028431
38230233
33848056
75460349
17103842
78873653
35986027
26987084
87422417
77020245
28627868
5144295
32479804
52305471
80499889
72101727
70150393
89576276
50917487
55611296
54633107
85609462
73104569
2726147
58989830
64834559
61528296
3550357
28252878
41427323
89366869
76686899
65204349
7395740
99175102
75957420
26127032
14163002
8066821
77629761
31755522
71928660
33045738
46006518
80514030
86234126
19040240
43375824
81143814
48893883
11617911
678785
95832878
78119632
81607691
61204901
81723587
54407538
4636944
81905173
35529152
75270130
5692014
48372927
32743697
47300350
15466996
57355180
41248363
24685629
95372548
46834907
56800550
59551903
53089323
49271579
98396958
27562449
14537816
7056934
16584964
81158872
18278865
33264245
6875111
42746650
21851409
85297995
3330116
53956371
91204612
53759263
32217770
97241377
34050883
96864779
54907847
112739
74346366
25603859
33687853
8091758
6868758
32963487
30663691
68352795
95136749
74538694
62574784
52289413
97799813
96404271
541043
36360212
33865887
14487185
57938659
31837373
80881403
22054620
30519941
40802268
26995873
43051524
57460687
53575172
96972232
40734466
62953860
78984034
88035613
44871262
48121204
41269650
68943679
9057323
19059803
19685403
64046055
90822376
37761633
30962582
30469112
1535395
17804084
40392100
64914361
35171277
26595835
20881761
38306969
66533786
37302964
17069559
82591045
40473129
90600916
93823384
28266503
98628570
31832588
24112902
30576783
99860213
72682511
98962131
74168496
19145360
86038779
3181232
19495290
21585839
15120089
93167951
81222731
57249456
43201819
6684161
96951392
95641257
51708924
75659561
17366868
50685316
67203658
54526630
84997143
66282484
51591727
44781781
36358009
10044278
92530964
78912532
86038109
57577593
78742052
35152190
44264018
39339
81663405
27181844
48964251
89732093
13171808
154880
21711951
69134805
19868751
75163972
88203958
98161231
70135967
55220848
68908502
57795371
62934594
34084936
39197343
88892178
98389921
35157088
77274180
15238775
8112764
23726751
63407769
84414581
42080940
18459784
81695051
18923276
85011708
51867464
72241676
32309479
50704791
82697121
50896123
94017636
99969972
90953709
175719
53088094
63089877
92468700
3492130
7003741
52320993
28251084
65974409
94603106
46325319
4270123
796901
49753644
4207660
96483949
76896654
87931769
43474105
34439548
29013929
77904856
17965039
98575580
32237704
90205507
99547263
48191705
70918174
28718723
66689111
93971264
39750001
98792377
97227290
40616949
1347797
10955504
6910064
45710071
43469196
49353983
5654495
30371851
51408874
47494847
61852648
67797183
55704930
43713279
68485046
7763128
19850445
99799266
51248993
58936409
47841444
40468107
1330206
86458135
70486498
14784310
18352254
44336232
30011874
61100504
19657943
63719410
75922738
58625978
27314716
20430500
79452862
24575775
55802622
65950538
12556353
86650539
9826481
61877162
17161441
59368460
7676875
93294218
85761650
71682992
61740848
11991783
93554069
35781713
54463011
51347367
7967621
93475628
37768279
49995205
33361196
34266134
28398380
89090727
71937986
91222113
20669259
90125132
47375088
30044048
63976902
21620972
99612996
37667544
94247676
46957372
82955449
97570299
75914832
69829390
97621375
93081206
17486477
9983505
77098877
73871339
83528770
91198404
35730992
54159234
70369421
89226353
31685060
16420518
70834943
52188772
15476465
84966631
74613126
43636779
5144190
23221266
72905037
93819179
1446932
37946616
92980108
97544440
62357272
62029120
7206782
83171244
55591700
10776962
36811378
41644262
7614210
66672770
54673049
99138269
10118645
11918584
4475092
66844156
54946818
61273164
54767
20929069
79618890
89816217
8281374
77862804
4986896
65949741
37269751
22871918
13144340
96304150
94754091
60086085
52649769
11105052
11949761
36064624
58701674
49289353
71479162
82954230
12234838
87387417
33031356
55200063
5815084
9494545
61127924
52331651
25968861
95506884
28187996
62050410
20879547
20178141
49897631
47584471
76765447
10889738
56376013
77883596
17594294
16891317
74010641
71623440
350088
57432790
56290867
82722162
51991433
663110
35743476
64358707
30462177
76502227
50791130
63603011
10310534
95085272
10660211
33558568
35521287
64807713
13498491
71135955
22024730
58285927
92422772
99954173
96719839
31771355
32145422
56050787
9230584
49116344
15014896
70626982
46526856
87835651
87431942
34382350
30519967
28041224
72020037
28247899
2215531
8595492
12174337
48517604
47088525
25219558
88961802
15048447
33433642
40068393
69645397
40322196
72096636
22273362
82445381
28121983
39082881
73194444
88926317
6255111
43082203
21766541
69269147
57880279
77820361
53871579
39894297
92189219
93855243
3649177
11172989
45849293
29815221
55079151
12418557
20713923
21885839
4846198
77063263
81508982
10747564
25056238
75705514
75484599
35992812
82963189
42332017
24280280
86674116
17648419
8179539
99414196
51959453
55765399
16379273
35078603
70317253
11496907
71124065
88573660
31742953
59276231
19540836
90121691
18327585
95285382
50602555
62092097
74410748
80919530
77822554
8242138
7418854
8794154
24028554
89408150
44893423
92402963
88824849
73285718
29951873
53770271
46497375
3401300
33311744
42041549
25792116
97688796
97526726
62513995
39221454
67589746
11304276
67057448
46186261
88026296
77047416
24000878
69211965
84978786
88247597
1503968
51826072
41798943
13656976
52264851
23786106
71488100
12460588
61973194
93873970
69954330
47774366
49002932
52855297
4362105
5076181
86590496
12685551
74251985
30741858
91065372
45912738
3224814
89719440
35142186
33805785
81881102
12025074
14499168
84122202
47162364
44847053
22081405
72558444
1980501
34885124
93982932
34996391
8778267
95806324
18687357
45257416
93809858
9646714
31374185
47191214
14243180
62112040
19389692
11552025
43338902
42807170
2615217
52497562
75287988
28808844
71959255
32404537
62554830
76693438
88083227
88281798
89870542
96193485
73897271
52372426
17758789
30826358
12450209
71015032
83086701
36297333
19120933
51116663
89185076
62414460
94503750
62802662
50683269
68680802
85307120
58632011
62543109
77443541
90625437
43838891
48242051
31645644
69524122
73323752
9969773
40037720
42887141
15047750
29539033
77261397
23721178
20042940
70070100
64748165
93898471
76981991
58705204
13602290
4721419
89487222
4905855
45086440
48887731
32071050
58011883
73364234
19187309
46751196
56211088
88591519
27271662
3908059
78641668
95159338
198091
71025864
86222463
26569680
15304531
41555826
2785578
76362240
39626745
26928434
18685607
72593239
39840063
98710697
82594746
32895680
97877813
40438790
30811753
15496406
8526256
43609337
99668315
73179017
26139208
73268862
9382391
80310065
86203096
45278771
17112318
32688973
97202658
20512932
19455871
61440906
46009133
70241419
20202430
14169276
26679506
89377683
26483640
5313714
27227008
25278524
8079460
89810948
94364266
24944684
28986737
98345616
46121197
49179411
98156738
90165297
12808242
31195760
39047347
45897291
67201696
81400240
73409974
46409988
31720753
83122762
94780799
75258694
84828094
49686841
47274939
84310016
41191311
89634448
39714498
37667896
37036816
36939513
27161472
61741123
83006995
46600046
4601852
47298556
24123245
13862250
8670916
53058842
57803437
88041481
65968712
89867766
67182952
74950898
83558594
66730858
15558371
48113736
84229429
66791349
29068958
73279916
69761106
13342056
376433
47810480
91432597
16409121
62893892
29355783
2994603
79620985
88070188
34401987
14718206
73223114
22590745
23947590
31856449
11877189
28669771
95392271
57059162
53943004
59466101
1955936
11772944
41965645
73794346
7317387
3963822
53828425
56436004
91323691
47470983
75656018
80340876
37327063
53137547
30969465
11624925
58944545
71678552
92999033
22535971
29564454
9669121
92367270
10907106
34289957
64023469
75205662
78043833
37345012
84543460
2063044
36251215
25918207
26584518
61435313
18960520
11246346
11715110
76158854
15444738
33554988
70927574
47049924
35398120
78606638
62616551
64210052
92722488
29345186
84571224
7540731
81685386
82483621
89534678
99687464
33516202
71594489
92462592
92765298
67983051
29783988
78175828
23814097
97989578
37996796
40798749
95545840
42353726
17341308
22217781
8661460
17658864
80095927
51983985
69792821
36278926
58619264
86358605
27924794
55536488
97193177
72319418
76561160
23062509
18539913
36765596
76444803
35617517
87939282
90124345
98574432
19305555
53192512
85809480
56535733
25039351
24265708
38829816
90832434
18788230
28386194
27240615
32216608
86825893
20094208
15472429
97648656
89823340
56552257
70662537
49365536
39377011
66177599
59348076
98276124
78609495
50472135
32771674
21798934
40338635
88177419
75997464
75801019
18746062
88791784
74703945
76190279
16779826
31418776
21656782
75296970
61350972
72637656
89930730
10331621
43231889
18038921
94401777
144772
23921970
48669769
46793812
55717043
41140874
45830552
86632562
55264640
69200662
17811009
56988521
69740025
85527836
184664
84971831
87734954
73720971
88985761
52622154
62820268
96429983
9206492
87087483
19466824
34257905
78505805
72358890
52218999
46851301
31154613
80112911
59052301
40791388
81235662
96947379
85393561
3378264
67761146
56937036
46262810
48666782
94558815
35016259
85198714
19449824
76970969
31858234
47417511
4348207
86614246
6153094
88406596
8215484
20913197
71446085
13306170
42859923
64607053
609373
15255664
84979448
70263069
58730681
97739369
22330598
93798780
52546462
93895639
59635002
1379
34772242
78536988
75608193
48905537
29135552
14598272
81701339
82572442
14996210
92621077
55233801
37428644
89237281
6752843
71024078
59633786
75534633
88906257
29270064
64418060
8690358
15928279
72139899
55581132
95717302
28408352
35252621
94597175
94257177
6537668
78865712
61932891
6974771
81340194
17761440
28037191
91000743
34999346
35616063
45235807
68534261
16297574
65254190
75105853
33565764
64403588
15568534
4965812
66624322
94725326
40091412
37132026
43340691
92328089
29112761
28982651
61478013
37116092
85906506
50118642
22924201
35210035
1623558
4864404
59293789
83216176
24865176
27857295
84602956
96474229
68200835
1430541
45532517
23810256
91171141
71173881
39375095
68820689
13564758
24169561
62540306
58724181
73269861
75799100
21641344
18645872
63528613
32547224
78110446
43567292
92138527
47954180
97985713
3905653
5268266
32368646
70430425
30128831
49146561
25897707
12368036
61385672
48571711
89100015
34005981
41422337
80275280
6577548
70912555
50537215
48456967
48584387
58189944
7411092
67346994
64922957
99582792
76666070
62927200
16064395
89448942
40696404
12568627
75672344
29601974
48598979
57022090
99072302
576003
39713353
67958776
69555820
45601030
52034085
38378077
58999156
73557987
46347892
99138437
30642914
76131635
35034829
29710306
50624591
54515148
97070545
37181577
13838312
46542595
1750905
37734612
63515215
15008858
65443989
14732661
89190628
77202311
96221907
62117918
37931778
58544764
61087064
20759074
9996099
81359901
94181469
63699071
71997993
14097273
26620217
9068559
73804841
51879705
65054070
74959111
85383554
1893327
62317543
53747452
29600234
30603973
76820506
57531485
48040936
14369160
95833810
73866251
70688488
39908760
71907966
52576837
69430071
70262051
6474372
11266553
69736445
9151408
43227845
38211333
5412096
83535211
22335427
49273508
74656823
68654198
27257243
1291577
49417253
93855724
44957601
82841472
81868995
81736579
48174220
24758285
85764209
11209651
99642087
34478164
68538773
94858124
59676855
10359384
30789983
73535512
13203186
39671496
55154530
45923435
85941483
44222596
18666695
87992036
38467367
18860913
45061330
46146082
80335020
18940949
41168391
73767122
11415418
94803997
68865842
73704875
1721734
20533739
74472122
29239924
40278371
10766239
14495374
5163139
81429767
14987579
53663023
64398170
74245022
29331536
71769710
71165852
82994359
5637112
37206537
29588633
58859803
7995203
76512182
72322445
84775424
52154471
58798022
27491303
85363905
78071681
3917430
44102800
19563812
83526821
42605107
2243016
81713200
37080760
47289299
46211172
88183317
49890421
19563929
43638740
62844652
30241165
1867746
83715687
35838717
18433571
8162205
53869443
81073577
60577060
62399572
11246726
85250122
26421996
25687439
32244995
37301704
71621395
15231170
29971216
23073557
57319273
35844353
20683907
11075398
7103540
32566370
6470277
24546918
78590040
6297147
38288979
11742726
80456137
49241324
70199085
60274699
92154160
44984252
39273012
74588758
80011662
1466642
62831398
27767656
88320035
2148547
40872602
95657908
5611023
57208228
92803898
8705966
78298777
46648505
23457204
3949547
89319023
78691276
78261552
51149478
86791191
60035613
901856
11593941
6882459
49545058
42568190
71055731
55800605
72153386
73443766
48779213
53280374
70704082
36337743
75026772
60494198
46006242
76489181
94421394
61267319
85404026
13781334
96066623
78866213
26232159
42920437
61628936
28693774
14156675
47282067
92026180
456084
33256154
14671158
38247226
69891197
42531121
78491372
20815391
12545220
40567078
95816328
23409733
69809360
41744283
29545452
36744506
885298
16726663
56247774
25057092
90599144
29925081
70519098
49231879
67067624
62100524
89796678
72503443
85859490
77557533
11106543
15856787
42678325
55123284
98310004
51084442
76014039
60405751
43669330
52783875
20303164
39041698
7859328
41017109
11953243
37073693
62420036
4851706
95031312
1824989
38660741
59174770
20556015
79197210
73755585
31624303
64092070
43587593
80647503
73055762
80295153
55840945
53497145
74856955
20463183
69317600
3423540
27551748
65307540
57944996
32623311
35173720
20226771
49736339
59284491
88796551
73206709
13370140
79961606
34774576
5779786
9339086
6054726
99474008
60620103
17787025
46607567
74918723
80391203
41334210
78907558
16301649
38818268
42510962
78611763
84460731
42819750
65973595
26383017
44793922
14035945
96095678
88043562
62639053
17891908
18756086
37349437
89783607
81193125
23906065
19980324
15426216
23577140
25058120
16699643
79074002
85701771
31309182
9686831
89396352
54240132
43216753
91242673
15501146
5611344
9357774
27111806
61969645
74217242
47970632
14847669
92726961
329125
81141982
43751514
64446208
30238971
39006918
21888755
45687822
94637770
3352466
85729176
95973759
94475077
93285486
97483464
18252983
78948870
28854081
53773322
61210787
74851065
52645404
52053021
68341959
74169793
6042530
60004295
63893330
27906161
81892566
55113227
99784831
4626918
16017611
56965601
81822452
91882892
88965979
33864831
81358766
58494987
87885641
3594542
46770540
59884166
59118358
26245233
94115686
53727055
32996212
38704024
53084480
90881951
92266681
38264449
33088908
98144634
17639472
7943651
48205015
36792023
10152364
94011151
19573981
24299851
35697627
9586591
65958437
47944766
52944449
40332222
78827169
26098128
40758027
99782484
75957870
59106929
49177957
26586320
55426008
5913414
4523090
98545414
79555979
71678176
75447386
5135628
41905379
70132507
54890280
92224451
59145967
51244712
9617170
74808608
66613318
72228344
92868467
39873270
48282034
6887176
87892740
17977588
16096174
18108735
88581124
40944721
69071648
68647784
9541225
86862792
43145537
63325049
48861645
79591443
76092107
74344240
19237359
16208436
18752853
17170034
63324762
82346236
58262204
33664882
2825310
55048242
28229401
11096853
61833478
47080227
12192319
14977282
86408415
67964217
41659752
70070185
39409848
808486
88385106
90358179
17105905
11054036
21867524
3313104
46694065
32995552
69851541
12412508
23788043
21157378
75705082
40150900
81094812
63383346
5222897
51536474
56075011
60436655
96126817
96044636
93762471
93379431
12138757
70504552
11752486
77969387
61941990
43909606
40613143
51890020
90893547
51801329
93159898
2865902
939420
73182942
864097
15137343
30609547
84228023
87048771
78091374
12089484
55246096
99153058
1209562
82738459
92691289
99191342
36413270
31386271
28377844
63663209
52870441
75709871
76718304
34135086
12551272
32054158
47916986
18217660
67041709
13692855
25885837
33423617
58919639
44166536
79340996
20062568
50428578
63337944
15824053
35989381
6369439
95267501
31073638
75765416
70080025
94954202
85817765
40401764
94360444
3676665
18809041
16312363
79357349
72934983
67353230
59584568
60789198
92428199
18174997
99623973
1871117
69547115
18171398
23136581
31896324
97537953
4679014
96145027
18191542
93381421
50996898
93747082
37319330
93926188
25247969
40045531
63769584
95869965
68699944
34510467
48322712
34440007
42383862
66427727
43920283
10645612
67233110
21585565
35675579
10891172
66614581
36149484
89643383
43616950
81150497
80748697
36779812
61708093
84029414
74437299
50564307
7232746
46389465
4292627
72313462
33276823
39192776
40118036
1537102
94691615
50431012
50661760
47235402
35203070
37651131
55102694
86054214
77215878
90345367
37239956
81174299
46825239
61867857
88123042
88822357
80070041
66459850
56570223
99777966
67942390
44296375
74506620
71965849
70914562
60918094
85160538
51189645
57230341
4169236
43628571
55081143
12960051
93211202
82800551
72616866
97294361
83656505
27684475
39805664
73424094
93439534
59012474
74438473
77636868
20405150
12896459
54330097
44437611
10377545
38521276
73970254
69567525
528562
26363052
77705894
84087085
32897820
47117592
61385044
44865791
34598490
79403686
24360067
31481955
17865199
39927348
91744146
54609334
62485261
77306997
97186729
75310818
81364681
47427054
40475805
72462175
79893451
14568441
90419248
34156176
95425395
83070151
41474480
35361095
70023893
60428108
4020480
76905345
49216551
8088203
64501430
83438824
51255430
54455702
18693353
5397279
51178575
27415679
29618269
70765167
63861105
2672060
97349155
75269052
713326
48168810
61655966
34009117
90829088
11909153
81931537
77865111
35634433
92721924
99099147
81766454
37718506
905401
86649740
77429669
51408963
35397074
14422283
57890036
88155422
57386819
24361911
37116311
83610653
82938826
2498737
38775167
61309283
25407309
31852779
48996827
91510659
77950228
7352537
46195956
16634348
3644680
56539891
17450883
35792223
96306052
91345806
16003398
94543247
31953441
1064708
25719967
2703501
95427663
22376019
86777933
31427102
92943858
69438782
67959403
99569322
33525909
48137425
24591313
69792032
77541330
23264951
92168791
45867682
15041254
95709954
14126850
93567037
36999081
358328
20486054
25336100
13094427
91502672
5378116
60128435
94515042
58924680
28393768
24473179
85754241
82520701
30209155
17110862
48202571
45893376
41532243
9872207
50790660
58202120
90332227
78950834
28053133
74848451
35273549
26688920
48936112
17774932
49647058
51636624
16999672
96589705
2143985
62458022
38159077
13875128
56636004
37787368
22805111
21814152
14074383
98241630
62391809
3130548
7418987
57166172
13541436
63363417
39298514
54036515
34330599
34410434
75358887
43522193
10302290
74909946
41602439
98170986
67312606
84962135
5509163
31609102
92786812
6446925
39080422
24420718
63513677
13442187
85794865
45694121
84857517
40184846
23844430
44902226
13142863
54751071
33762085
5187994
94400146
34000609
34708747
18812419
80889139
81238408
50533062
65614378
49313520
36158971
38219499
43210209
13392318
75367439
7578247
337849
21973622
20155210
21008362
23982512
84290975
80369595
20261352
99131528
99263997
24960196
35389057
13645701
76431934
5372395
96346280
58481231
7563814
5189232
52153970
10998693
80596489
94975566
64025060
24588650
54254668
21339959
935953
3344666
27722739
68281004
96382308
39614809
23539284
77906436
28362004
32607799
90740149
51765037
20679335
97962725
24358723
44602560
75477499
69425317
32935413
60499627
37135998
92897881
87901930
35154629
47889510
29793796
52090227
19153375
17120309
6146658
31706536
97373302
50863156
61127346
37790661
9467794
77036781
32954920
89458827
58690652
12709634
56976200
12205728
56955094
84237495
34244716
58738185
97587566
539974
79242087
58328640
48373497
27793010
70572099
87651703
9615687
85743732
78473241
43118219
75698717
22931098
13705522
14083355
52266026
93361123
310298
30560388
24542603
72894403
19889883
74094203
88804359
20905699
75500750
30520310
40587157
80129869
17839996
39701814
63827671
54940499
19704335
33103933
75176908
24699582
60466025
16952881
47605164
3374777
71889196
35886413
37461902
49567600
47475502
31071982
86310305
92249528
35841257
11115270
58714885
85256129
88752774
68804176
47967990
55082117
26032139
83040084
47730141
94047746
60435550
48760838
26434230
56247087
91071118
72407143
64958755
23299476
92181629
59315899
41104087
32598178
67577664
89843244
74054772
63845012
42368442
17181401
47551167
68707139
99825394
46590387
38927263
31804028
47517369
58452680
67705352
35710273
2321705
72092265
23567126
91139307
82456270
57461347
38693349
87221631
43593684
23967647
35906136
82940778
27563872
59457372
2155666
73192913
23334029
28055503
50068138
76215344
42395438
152098
49895383
81352352
60809337
75067900
37649069
55479682
24026467
26978647
78748299
29132828
78104723
64572359
31183152
20114613
58442853
86284055
64287579
40914034
7298928
46212807
69782643
12244807
95507554
65476311
32007674
41630745
78665096
14862810
17059282
61711554
37577652
51273361
33802439
74809188
90473725
4358788
47429374
15030881
59568298
95380312
94748660
56323815
94174728
87370215
25274895
48962492
6474003
49174457
22761062
46595071
99540914
75572736
9944990
7463400
68626655
36922358
99224478
71025352
31597701
49416503
22314436
95811675
8273803
5243108
48130555
75102094
85214039
16102799
11802452
85465379
83120775
63508759
93410618
12980974
46599119
14354469
92853899
87540092
19891924
16884342
60660719
28972470
62249983
15785011
80340053
52652563
29980230
19538315
30131670
77296034
51532077
48232705
51687246
47951548
18406656
33617634
78769690
49234829
69991061
58426450
11793883
46689309
46082865
71030444
6706188
29059080
83828494
30174598
60525789
65096432
21572102
75884469
65075336
15465131
74194323
38496679
80238206
58626229
93488643
3048856
72761175
56783038
16625436
61065128
14462863
64969125
34101176
10209371
58249893
96876005
9673958
44099593
30397978
44193463
54456609
63125264
31927725
38860479
33691218
56273553
53791831
71521764
65244159
53930544
81478244
85786626
30665125
48288193
35456204
43598982
24722687
16549999
75582975
70307825
26412474
7541661
89825225
22565973
86098673
91086208
34076436
86567002
94427317
9176887
5780860
96052188
86135538
43146627
44051522
21926479
60739028
34035129
4741723
38513906
11633843
77204995
57327935
94561258
91643029
77005015
50368563
71630756
97282986
52479161
4513392
96704817
65562262
30620914
26369461
97218920
6030512
77859371
6052641
88985653
95412131
43910223
16508134
14987035
34310855
60443131
12976216
67129079
1144298
89501912
38736681
12373125
42114030
82712328
15218283
76369437
8772623
39099351
89295723
35459733
94824205
486058
25880909
91803663
76156817
73016773
56828099
67523663
8145028
3650310
27047853
24325457
48597455
15501709
3137924
71042059
61848853
98292149
28007227
72264951
23960525
61580628
68256289
21820205
43355444
77918264
34820929
84226236
31499651
97358388
74910340
26321979
1883575
26007023
22098785
71254553
31277641
65053331
18583033
71684283
72935639
6287544
67898757
59229562
74456282
97471712
68026654
76560029
26588578
10834721
2099494
81806074
72842989
93155389
6228508
7814626
55279100
33171629
80512577
44462756
72537813
71890599
16889973
62023646
24474101
63430965
13795205
69418557
66987679
5513134
19039267
3432480
41895322
67407978
71835988
36209524
85159760
96273831
48726927
82622448
79041098
16081936
40262289
24440352
62529595
5832348
40484777
85964144
5683097
47194834
15088708
533084
57143284
5957131
61611544
5669963
40788942
78340584
73925830
62710278
76267789
86263274
67682679
31161534
69011224
55776522
37461388
98138400
40216786
11794247
70485107
12005106
58507782
19276309
12018070
85783450
87122568
77821000
74780302
70315799
44437642
94317378
31392008
25599709
10469870
78170541
50052736
96349696
33762456
92001113
99936594
26905128
43671639
86513230
41712269
93661710
29953456
2246563
37576831
75479656
240299
56010536
91565000
41201475
99280384
19955015
59921609
37771040
13133088
20344437
27834072
3342028
72936267
50815468
35450400
89211383
41189172
84655603
5621347
5685574
51806462
48560878
90149999
21269245
1801441
18344762
30541477
16344058
48155917
97689204
55124391
56790250
84260643
20096074
747589
33689661
56227392
21151285
91379541
16761393
23617063
5071726
52132087
39822975
46147375
47160236
22405757
50346212
66852858
53737342
56158753
82348514
82155195
33281701
86512866
60188566
15296743
58223078
79561000
49942175
59214162
4954597
97306067
67139838
86962881
97211784
87746802
35132158
98751312
32891046
66658730
41486136
40760070
64301896
82244071
79350682
13984108
2021613
68680229
1563450
4487415
12688135
31138403
68367551
29766149
83550232
62901746
34941907
19962681
44632852
76334670
88089054
14412753
21261679
7822944
6196694
5265162
35552590
12996176
74712201
79176900
68022009
26699231
78604992
1109660
45522823
84256112
47174913
1463466
90080964
37547804
93210066
40640606
28558059
9414268
97725835
27144652
88411344
82003397
18662312
74119333
7975808
76345363
28413291
77083026
20045691
1437508
14732097
98295397
78319910
57295552
87722197
41139838
68992281
57329214
5873791
66240245
59656699
67553463
16630691
96997176
52826592
85626883
73984395
57691436
74458029
15888591
94943583
41062809
29632785
8012370
81673883
67088406
32890783
86539895
39807258
55449807
82738191
86084072
68555300
29048339
15613647
89503412
90303045
19829139
35975384
67330141
18343597
37234173
93830960
59116878
4085293
54240582
54519172
18216783
9540173
29030034
87218069
50116637
27369078
14609636
22968985
78171593
7790222
66331790
3163477
47556842
20675063
24031825
64599725
61230588
3339875
40745087
17157087
95501960
60703668
74232928
16688220
38185283
1411948
46665643
21283644
88081206
31566961
96417363
90055200
88507471
56417797
83544528
78567503
76568176
44784599
87256965
10515200
59089708
12908207
88460987
34436470
56910912
24813051
70402447
20643101
22965645
92215290
90315049
16829835
67476544
48625534
32059730
15705620
39026169
26291928
61207926
15897352
62749591
61273880
61891672
95247914
48278522
50763938
16150784
20285172
2991322
72416146
95224106
33566342
89790928
68320964
43420880
98051915
89906525
56684179
42017490
32422200
20851166
72985429
9176230
16293660
16930311
53338754
75526332
27835851
11319176
50778475
24493371
49268272
97378558
63327067
21099325
45428363
51589258
56088427
43296318
62788396
88869477
81301951
99069862
31281817
69055926
19856531
12396824
51764042
69175264
40490481
33519600
82730836
30730490
72240882
38197088
29510659
55287488
13173882
94335657
12009038
38019149
670532
52404067
67372192
19394465
64686251
43128136
62301300
71556700
572526
71057747
63355648
76996332
92996257
463541
26883701
80128550
55915027
86470601
48274540
55833401
88114892
90569474
67045318
37734307
26015491
13884903
95125663
80218443
94362609
38521163
49778932
55644962
41151879
99066997
81138721
41810468
18225457
1633477
2890077
85109768
15164406
52053360
48154314
94696088
67587842
72331871
64392382
4770522
60637187
91399132
5292774
54431794
96759142
51299112
9210566
95330909
18564730
5955947
99393850
12640929
2372029
42581925
35445088
3391060
87183462
68959682
94253776
27410176
17534122
92457485
19564608
78729312
17579992
35107598
42528308
19986782
8896527
49663589
51607382
82330950
30075935
35487291
14164993
46732093
52570092
99280687
7341010
40552681
23943352
25476316
67880493
97524184
33586831
67193983
18834616
88094499
64583092
43350132
70149158
18668349
67602956
20631838
54171972
51886420
32033173
67589069
13911707
48524913
92075512
65754359
15858102
3837119
62251062
84880504
10864990
1049459
84056018
54539728
84654689
46593996
65692137
11736518
7204108
46252472
99702100
31413021
61532132
42912424
52432625
80153681
24335797
61514832
79697189
18685133
22718441
61550741
24896045
83353546
75470612
27422212
9544740
47167448
72566641
77077929
9069400
84577654
1721584
94805830
49437645
89770788
66559082
99115271
10141555
17492877
31634010
53965414
8515482
21781485
17427647
7561795
29919991
96646558
24407813
25093276
31322872
19688890
29735193
69269976
30480534
79129784
67975277
200904
33461585
28091979
70631491
77792412
63631426
73246766
36129072
42585116
82052650
67285162
16363279
58683491
51621819
61676843
36833944
29531745
52349429
94598209
36314339
53641998
61832807
709222
82978034
96733457
78407132
28516244
58690408
32326250
13948237
26755084
9830471
79401491
88931417
32539548
39310782
27928259
6531747
88183163
25025252
20508437
40324747
2935174
65307839
94210841
13145074
32501596
50988685
63717721
50164989
81378983
96388710
40590999
7351169
47028243
55314996
80267832
93843625
67621055
35762534
4756637
55592679
40684020
25806632
57460201
23764898
56105386
21923979
70819914
73440497
49264309
36533497
32116841
78703978
87611890
24581803
14851446
58453553
4427965
70431480
61338144
80227950
88414569
48491625
39751874
53444845
10991419
96818233
6645405
85210409
49267885
19241675
49024822
9249281
57463780
66306281
29444816
8645013
77169946
50336581
7182562
1039629
74368518
53112596
64906942
7376749
78313023
81881826
97132666
49087687
80136945
63538253
40688582
16816413
7932646
17961146
84949932
12451715
85676005
50214167
70370544
5928931
91149253
34804388
36354635
77099135
68701540
82229619
45652187
70152009
76294811
64558629
28354839
6671731
20782782
47467839
60601723
48108763
25808822
14468460
11102262
8081902
30354656
31962879
30644859
83431138
95763888
77122764
33785427
3655945
69663793
6116647
79001525
310890
45195076
53990235
55359432
40689633
73787540
2735517
44673384
56449890
7140877
69203487
73557250
84769338
65356446
95235501
90593003
66286840
60087637
19295353
86631139
4562273
13305398
58026788
29458623
19460095
90798290
50338105
95501883
51722773
30905590
89864734
79585236
28328950
32378433
83663364
57567707
70913790
21495990
48757381
41942920
47584905
65955391
71342910
25737818
48261001
35360741
3471275
87709066
16585844
8571453
65239064
73259640
19589463
72561841
93963988
93909121
10901146
13273579
86102769
50556628
16709931
17329732
80585623
36186999
56030594
32527850
60235868
11010729
37598794
54399287
33906618
76929273
60599676
17108442
26550564
58783466
54252703
15849445
37910315
58790399
54225795
77500330
72700401
14027056
4901543
32489550
19419243
58231623
36919893
29503538
89238464
62135844
64822166
79708013
7281641
37386326
34469964
55770320
30258440
52053751
90271368
45938925
94720392
71801738
77810689
95516555
2147846
69836673
15486295
40631894
36937776
91828898
78876393
43768722
79365966
79468631
65018789
78864841
34810022
11099104
51738634
36230853
79699927
35906926
49407759
30700500
37621046
15834885
69276524
83427697
92415271
42652940
69822119
82698185
94517081
80811326
66401302
18581132
47227766
70856688
76579489
55375291
59681997
73371734
44702648
40844513
51111486
27574318
35979959
80950056
98437600
15312569
89969145
66632456
73350432
69577477
76958517
84972493
58125106
25769689
34583571
27226938
59331972
6041797
56867396
230176
16341530
27077192
36943171
75392211
41930641
40313651
66057867
40669149
43853466
36017774
96677209
72772890
38510077
8614298
41010020
68891170
66950671
96719750
67815315
40742313
72919298
90558160
14526948
27660920
25139409
7338168
36873726
37640661
15286984
17256084
75230005
7114661
34972459
34475520
6249402
64736904
87193875
20596920
99685890
8777372
43879775
25924795
62329237
55401664
40665494
99230585
6390603
27022042
80342373
40300515
18536777
12770778
84508231
5507547
32658049
52106855
7761786
76655716
31356099
14126408
90508831
80430310
42919105
26054172
18627477
87755509
15625202
59485822
53739342
25750208
54373742
84834610
91641360
27222252
84729902
42839926
5917839
17426593
94517447
50924698
904368
33666356
19863298
8414566
1759515
82182461
34433216
36172742
78359740
23664247
16372537
12198141
81715303
91353461
57771045
77969500
34343704
73335411
85533187
50657611
55608786
90535760
64548311
55669842
61936441
70475720
93696385
22196604
8712471
56790964
31188721
81586495
84797926
24401399
82677659
93646309
22412755
54766102
8345690
5371804
78962162
75105824
41295073
12626107
97959988
25514450
62880625
88938131
20681985
30729337
50601940
35198243
72828342
83620994
78225594
44994606
62563473
95176539
27682192
65332225
37728127
90191945
85180343
95492600
53890111
76764500
67710649
46523614
56770979
78326771
28632570
26325212
28198648
77441650
84698216
29954439
38277308
78355269
31645813
24380623
8801532
74409045
64270611
44107190
53547160
4631405
51785376
76170211
28919600
49818113
45882001
18364031
50262513
42554475
29032853
10431108
73795051
53086372
86557180
4907030
38119770
94471614
60530463
90072054
15069536
8983767
89408268
54635053
39269730
83074552
80441871
11293825
32172578
61624474
96601169
56625335
82706479
45034542
99876648
93401744
42421212
92538727
51429563
3932143
94407622
15205411
64353755
33123583
95717007
48185421
44861893
33673731
65887239
8238446
56191718
447852
35132871
71699255
89376275
31514258
14895758
47167284
33624090
2437192
71278227
13263553
34904285
38376393
84645619
39631682
38472491
16803126
23582449
3134328
91179763
86422654
35185026
66664083
65158424
39954250
4307915
38033501
30311985
47731106
61105311
74012859
52816571
10059384
32307322
14727133
73615978
25326558
26938370
97537704
61249825
32716563
16891677
65550757
37025564
52809318
7831877
47453083
31154460
27232615
3781020
40649818
93002606
1564306
25583214
14151394
19044246
61260122
40643124
98926586
23790901
40596419
44253880
96632846
81071727
35964414
95941375
37254054
24862428
31261170
90993136
55020820
13115689
64968774
6477114
76335523
8900057
27014753
85873528
3569760
17717086
91755169
37046708
66345320
52305141
71339925
86317137
31028519
82754488
56494458
44112090
74817158
8135193
1094347
34245698
28368541
23779861
65208985
89789915
85366103
9476088
65568498
31857953
42542834
29278363
5081672
59645262
21304722
13251240
58072616
51719128
9196655
44986676
24851185
75616484
29983069
35224847
12173610
38284105
62736229
4858539
37244879
54245646
30189192
88212696
97564387
49013347
12401477
54883878
21381450
54938659
93396009
94378976
45068910
96898046
31384309
45303921
18330473
75293359
94572701
66725294
31369376
70123739
17962896
45495715
23326061
68458348
5985682
17056493
52249665
79181228
16709578
56970744
54360275
18547602
20412828
77829056
32356437
88315333
83572766
57591607
57859048
80536622
69314639
69516842
32317203
14878146
8207216
96531173
30642085
63333303
99887932
69496809
92002257
34442794
2850596
63402441
2778950
57243453
87159864
68093057
87646557
79345012
31932205
12361539
87967715
20528240
47115361
95910820
24268760
36956841
67371836
50458405
37219285
84701396
76870723
55371912
78680093
61706173
83197932
22458464
58776373
20386111
74010099
64394562
5153077
34155937
39375502
82937765
57260997
79201753
24677199
47168382
3305388
8046342
34812051
2967759
54626062
10940034
85099936
65288982
4951460
58008707
51352859
7729532
69157328
78322514
15161976
39911666
55344404
51525398
94880093
23425211
47449209
2509468
62965449
75742552
20307930
5972370
34939928
18863930
8323305
23848883
27733156
31082212
41500787
76111978
98855309
96814590
78038904
16433739
60684228
4882160
61503282
62816310
69740158
39626097
78037382
76504604
6268033
73111602
14423225
11819015
32145977
23132544
69028664
48923487
54582059
85022579
77123585
33230022
78289284
7124232
74922098
57537508
34011881
92481466
97972006
52109922
73163486
71169143
59296771
42369271
31055212
21983648
58599904
33048726
24606802
94499429
7884345
6726408
39361768
38731653
65858049
17989085
72974242
18415163
30581520
38411728
50710401
16300510
4560223
44650189
61248042
60125495
69878713
50958088
10678571
51098930
68751306
80063837
17650133
58845567
34246289
70846409
79807007
58196963
73627307
87735745
78564550
61342424
7999629
45330283
85847067
67169506
89697687
59852478
37787619
35125362
38121474
87459290
27256666
22425140
51105886
22165024
23408441
60097502
69308407
82238119
72012331
39565408
93271764
2130189
63729522
48808888
76607691
80744793
83792820
50469671
46154762
60183585
31856498
58753856
29924570
24719704
93567126
22143996
48743372
96362169
20215947
2309624
85609480
69752153
46566995
93089138
6047383
39697206
20145808
34335012
65377462
4548274
20855884
74992941
81052403
23155351
31135203
15257596
5470583
74756322
82482518
61034883
91130786
30086887
34884838
78678296
8980534
49015419
43176692
19256306
85959509
73836304
41563451
13952195
52007924
93970960
74589071
82460747
42435462
27173951
46636041
81966774
35556975
46342461
55555884
93269112
7771798
83329206
44164161
55446949
17744839
80337814
47765734
43135307
51101579
79170280
47465319
48177254
82469213
24634578
82013938
9423083
11588552
54921600
91990748
26826234
66422558
32724234
17681364
21151283
22292683
77466624
58115572
17264542
74242117
6137446
16474267
17219461
89264208
44054595
69182366
18583056
18412320
7342299
95598824
80874773
38944523
6164764
5098982
8977066
44328308
26019125
79968400
41786212
61032497
12515883
72344818
20110251
14212421
19718149
90924981
80968448
24752518
56386604
54586059
83283284
30873072
7001771
65578077
22961805
700975
10666036
57116539
59892991
4321951
62772502
62444626
29286755
38191090
48283476
52009033
58893316
59116759
61220473
19713199
60423979
75875560
60961576
79916047
34653315
56577517
549021
45891681
63317627
76634357
44688865
97331172
84987479
69719977
42919778
66305737
90210246
99004297
2989989
35278292
31065791
13185757
69163047
86040372
73034693
17915827
14751749
82786204
18956526
30621613
52972135
70505606
68842073
93979482
8321900
6195097
29924603
8299766
74043300
84434281
39955875
60681074
56323983
21101704
66814734
76341569
89195015
7384844
30877626
60495591
87296142
6409236
31221216
87272197
17406570
68954929
33518297
46313049
584162
15837068
73880502
33402096
30223272
81681715
42958301
52320732
92470749
97702075
25335962
87948841
46431695
13142213
50785461
3672738
62190638
21717434
96072109
91991425
44572643
16205135
86943526
99137162
75606838
53996497
30298582
58325809
29349525
24481833
76872300
3649077
55657138
2380335
4831424
20077494
44949002
83179039
81727881
82984783
29687421
11406684
81737601
75333368
16095415
63443880
87276451
85961982
21444407
73252040
775576
84287262
15462046
57707316
5931995
55449700
34466150
35626064
48239680
30484770
54197675
83690877
41134448
10661490
27286514
1545584
15586061
92086884
45714524
59210828
33150632
82127639
5594674
55685923
37276386
98664500
85981086
68291729
93691152
64211911
18602429
48295522
78712963
64296227
31617781
13352501
54271555
4836568
59837270
4210353
8402
12284682
20984194
94488924
35928803
21824792
31510684
77903464
19553107
83560555
32112936
74513610
21367721
94454250
47594388
51741236
48469407
59696468
82216461
35595372
46393235
74693660
21540021
88537079
48380398
94573408
47087554
4158912
35224726
19049048
57188231
23615660
10872778
65411274
62438730
18482361
73350614
12387800
83467284
31828975
22226997
30526539
67812811
43406625
16118967
30980261
29017630
68945017
21919972
84983294
88942362
3802140
83343378
43045249
79127898
63505434
85913995
58617566
70613421
34228688
65309975
63900097
41002783
6129035
75278422
96368545
50563745
95427071
76565683
93824837
27785164
11149379
28233769
51580210
99318673
81703063
65400380
20369179
13361908
59384955
38862803
51045372
30682973
50365086
79935311
57825851
69071212
42717275
92739252
71169415
45210098
29520177
82526491
34503888
62276500
7158616
35886502
8857422
19455719
17116219
37190895
22697676
52964346
82162124
122872
68156960
34456395
70183348
1352633
8214248
94738980
54316434
59495605
31745654
54782165
33050895
75696616
70663456
30732214
75992403
81816881
44611275
80374976
80319545
62919152
73045016
23766643
29870088
51167225
47052800
86575904
89471501
61983047
33597964
28477822
55176488
99139714
34659124
48299469
84654320
19594508
61404339
59943413
51907803
58966635
50382928
89532382
65360664
45089489
74413859
54521248
27751827
77323118
47293720
2464952
97838406
96294282
77901032
45030358
22472499
99530703
42435544
4399397
47765598
44835984
74434220
13668054
69675487
9180433
92116357
12924919
24713929
59441840
34970043
50374549
22027312
81642630
91365194
34527348
88574770
78079671
10105291
15221920
51268593
84708930
79182476
76500866
32987146
5161186
51392594
81428399
47201726
14271346
1588683
8397264
49375883
21708535
48574473
93098672
39150389
35603601
1544638
40108320
69514515
76627776
32433292
45593271
1610554
42452188
63335518
10352945
47352295
26920342
94290872
63099463
56516401
59375832
74117266
45816156
76174498
92339851
730443
26793031
63332098
97255128
57948784
4043715
35775210
95736094
70191684
75979347
17008786
55432234
40886942
1919032
3638972
1214818
5147780
79532025
158062
99640204
98022085
88506546
58323996
57965220
64062788
80084708
16072485
27253562
48578511
27741899
82747868
30695430
98748873
13512478
78456139
64575501
69576570
71689409
75198301
12174436
92361749
12892377
73449601
24861717
97144597
67882171
7005403
88540732
48135136
22330016
65720393
58098961
55941917
53521754
12582232
60309846
22912356
14332347
89566767
83323841
5613252
89759637
15376916
31340051
88024861
6076204
48531138
83933627
22138855
66985230
93682274
88565794
60885035
56411281
66975656
16842400
93199956
83381468
34731708
91863172
38176652
40363810
83651919
35491355
93445686
41479457
73883014
96216708
66448362
30416057
28173923
5746331
75852819
76184419
60580914
89948312
29994257
50028077
58513565
16564557
66709708
22032331
53773305
38775633
8527286
44897792
35718359
89543391
34308112
30161520
30311101
19284565
11474324
24324183
91290837
76764835
75655875
69654935
67788574
1249210
43006259
76707628
81004998
77552797
69359252
73737303
71345167
82248770
39022991
41624669
56157090
55598135
95546972
99237927
61956107
42623647
56316181
23265924
55929223
73110342
99714658
58306789
45225687
37717928
63051957
5804067
87328721
41015330
91361720
8903691
59122052
99688538
56217354
52830957
85669786
39263054
17258261
3106924
28551397
48043433
90020783
65615693
7057479
2269254
27298
64850035
9884408
83859046
95150681
97491611
64796790
67982910
79372767
97363372
77567894
6243216
16070606
29536229
89399270
92227966
71420100
69549976
26304061
54110184
22763977
41328126
97221806
89664439
21960811
29888436
2168785
59657256
29748000
90910431
2985495
82341946
50522472
32223368
61734444
7472324
46090325
68020837
62695383
4453844
20768076
25946323
7684866
71557089
28185828
5446192
37963975
90555904
23343196
12299771
71269289
10020496
75193568
18405825
11995473
31524522
53309095
20761003
13284626
80856972
93375360
50340392
24201572
6137017
18961340
91655951
41647598
55205907
68860300
14709274
86624436
18138671
92183983
39363311
43012609
94775011
14428192
76615537
20634368
42681873
99680974
42752318
75355765
90761880
68440503
67463690
26086342
13885033
50338071
60828232
83275607
96554137
43058826
44216534
1907047
65677547
23357628
35514637
49994625
91665554
76607905
27923184
17210320
38857185
65177813
21444867
72590595
5721807
52575526
73872867
79673186
76059166
65139230
66161391
57336249
63915675
91586158
58284281
55462976
38513335
70925215
39793246
29124445
40643915
15301820
93284380
18265241
43943578
14807295
52449947
19396270
87357576
78653193
74862846
43861732
9343192
36184262
39370156
55068242
88676202
20785275
26745306
70788121
10858621
37492690
85465793
39860051
93578691
28666494
35922466
40091523
76043869
38446682
33969348
82315121
61471343
385108
68079457
12949340
26269688
981319
5044490
80337003
39246086
15619329
96589230
69529979
43292868
17329693
62075224
18825317
58909952
22654126
78508074
89202466
8370333
175398
17405518
1977390
15488659
28102869
38209016
76646845
40684486
46436500
85296102
11901453
43290509
23252418
61863439
7633245
54146176
47209003
73184956
14559094
25124031
61552744
26690603
5887392
36424103
81132383
11039290
40675539
88111924
31745802
49215942
7213281
46750012
18946388
91818466
99957805
62775152
86163599
9160498
36400769
76958136
56262366
93204157
50356262
97180754
23554403
94701783
52169571
93950182
91369747
51175575
80617323
19541991
51943648
94640129
71252548
81651116
97401920
46279791
11788462
41939823
43379392
19604682
66484118
17991997
42979185
32715662
85687359
27395721
17224924
4795112
51290045
33182994
95646680
96907064
334418
26004565
76028075
94939303
57259104
81675675
42176402
6557035
98297505
2393352
77254971
96900369
53378846
89133535
21194636
95237163
1587263
44814220
52547731
55092775
73916326
31130107
4421040
56446558
80710428
41576733
95872073
69312427
95382002
66602235
83196992
2228086
27118444
506356
82134189
3918132
6437364
33042393
89951437
94791319
45628004
45445660
65358642
91416836
27883831
87957691
50228794
82449193
98477584
15220085
37580112
86602642
27092359
75763024
25981853
5010508
93217233
4131046
84239997
61596744
7629813
89263177
13556198
91013675
59766628
92528560
46175740
25927827
4798533
42752562
21877267
82039961
61247448
73927641
13485709
78921681
40151094
21910138
28847274
39879812
62631563
72481910
90145931
36910797
84978950
78818998
6721475
74674344
27965576
74193565
56484
85042285
15181831
17440203
26346387
88133914
23008147
72031577
83014382
48264701
65455672
86129641
49435690
63172762
49220498
78439632
80612820
69748616
38514696
11671245
60322515
91483359
43970268
8693807
22422557
49789973
40009778
42657467
91017522
83120575
8930379
55644882
90881890
11220397
75553422
83283150
28473708
47017124
7019380
33271444
17728233
75131374
98875165
9684403
36910374
82215107
34485075
57464773
22659538
51249193
38211152
68910592
90254471
51671518
48683873
21165310
13743471
40236923
87074224
75232775
20612216
76711008
69174713
98383447
48173780
96668102
74782982
66836616
25492383
60578414
98601864
23815042
82393242
95884630
22898555
60589003
54727402
89779556
19150170
54581320
12163112
40549728
86202369
11266486
11574358
46388763
11130793
39357969
92503617
9614721
11226016
78950889
42869454
30201938
72420149
26736483
34330444
54685464
91212997
89167247
78155575
31693685
49797179
76179904
66359809
17753381
42963524
495764
87666318
10902447
85827321
29915108
72875385
65278117
13743500
30740701
99038029
25022288
84882431
6662852
78518694
92456056
40278851
40504170
51695609
19685438
49688850
95186759
60691610
68781159
73560331
32553812
44424737
2119689
57403893
92729388
71698455
11594445
52347864
81728716
60458377
73798487
30032843
83821588
46839469
60815612
26419716
72623875
22835112
35510336
27019523
51398376
45242576
45604582
6710703
476003
12753629
97145029
18388865
29847346
60606146
64145008
31604210
74368296
40849966
41933055
53905462
21340021
47013736
23596765
82732489
56463480
19808593
7980716
4897028
31632288
49717975
5193019
81826775
78144949
82821277
97461885
20873400
41490523
666947
53231542
34768865
36851785
36638831
90593255
2490930
98367583
93696960
59520443
38751056
20390351
19245551
79523905
35599496
74214307
30763967
49284505
19590410
47392320
13468517
6051880
24665771
65060255
27112223
28421971
12177196
89714324
62259397
11116616
73193916
34551759
14435173
47093726
71343673
16617315
76383
40607482
47012747
54648764
99603076
71374886
45137135
80259214
51478170
5762429
26718691
92102976
42609408
76670725
2678436
97009878
48953735
90814569
81515642
88830048
30974273
91809939
96037541
1451114
21979566
26667549
97425144
9854137
50626410
69861599
72451876
30548671
51490023
88481322
99579457
15527153
70062434
86155439
24861108
78042948
78755008
36347720
7038337
30605645
75316056
22915791
89479870
91552443
70974511
4191839
77901562
61796737
43568209
43327415
52150843
27558482
32907578
12467990
42302282
38958043
136080
32371437
34452650
96447666
28587690
25430143
97079434
46720994
57062695
168463
55913944
78745518
17083550
2896563
84860581
91421273
43964661
65770045
70110968
17651233
67804332
17330909
33254347
48653711
99248913
66268481
92933603
23229516
33209682
14343623
81238266
32900552
18780558
33704507
82426331
65618805
2458008
5760678
72992515
25145127
79793993
59804712
60748473
67203143
99295394
66767558
5734515
99344963
28398608
38999964
93564068
71206825
2700744
47920408
71109839
99738696
24657126
83802222
79664556
87374725
94437127
2384453
78308258
97547633
89655163
29535355
5253084
19927710
95056127
92720593
68565759
45567130
22131286
57289472
81862687
27227946
38484996
71370333
98242086
79915173
70966546
60491597
63774929
75475550
45870621
12150255
22409646
1240920
36083428
10364405
80506714
42120503
89311263
42427109
66584228
27291767
74248606
32139165
17023508
89762471
44613796
57361371
33412599
31644455
50887451
46514833
91631959
62505628
10054598
15211530
99047838
74056626
80193136
10151172
27884211
80681926
86598874
67606987
50675718
88983319
11902846
81831954
11121072
647540
97641037
51642656
13338421
80733920
20622025
44906377
89102464
59755208
64579337
7728011
39556306
23550943
94282502
15414761
78943498
55563365
63760601
73931442
92572127
25676585
33709084
94789872
29434168
84935534
98358312
43517156
43983375
6722440
71533270
10199952
68692689
19215039
95261743
67578563
19493461
1595957
48591260
37908905
53442719
23245502
79613978
44295537
41141944
31644096
35057441
47617014
41543543
7070054
11979607
50040011
68101877
85415002
54951549
3817198
68774777
61799406
43578181
68786370
69040106
50155983
28684186
25488485
8622573
27005351
50047913
29550401
5808894
12106897
30204772
82804800
5402533
80505597
47926723
99565256
23813928
68414002
84559176
88848769
78273135
31590456
89889462
92566060
33522865
23814207
89559882
3304157
63228765
65645681
28169000
32236022
34392006
91772116
94199833
91236465
28559078
48683313
41335868
41647962
7403451
50148494
99497752
35407664
9413300
25252871
94963889
26615003
33086859
6666338
83502202
14862185
69579444
34420393
75241689
86248004
96869078
44605426
88907074
76978197
50846870
93703034
8596540
94673865
94231957
54893958
63336916
90866765
85361763
46333546
24393916
56714909
93997250
79864192
46601790
3300816
40927530
83079236
7717626
23541009
7706062
62747564
52471233
7039112
88109734
59140140
62915686
92734613
95474252
99115874
55524256
62704747
42771536
35984064
44285114
73109814
63422746
22707755
66644769
45504144
50771389
76533610
25891313
1577904
9732715
63252384
66124288
54783913
90137435
91471227
94122509
98309264
91607903
7386542
96620877
63064514
74807454
80483612
83844060
55694599
88143634
8634047
92503298
75740344
26087958
22683805
64165057
7077839
88761033
53092736
53546064
27071703
83929424
61232098
86163276
76474517
69068548
58380886
97784664
87486671
84753816
20346018
91698357
30211283
16910296
88243246
89347601
31727610
21871697
52051962
76869917
14550439
4315549
22022606
7361425
91230464
85430939
27244277
96990531
47216040
35879567
89901265
31942485
1925451
18070232
42949553
57592209
41227920
52678777
17375833
65060624
7939407
57889038
90075892
83502673
92652759
16149278
55236686
74726273
70631824
49629831
70992389
6089073
33668207
38396487
90448461
14355486
34973956
90917859
53133744
25119701
81450233
31379945
61357898
83337067
32017151
95544402
36667705
70499532
45465912
420370
72198843
48194403
69171511
50432080
73781677
5786757
61603012
39973278
61648321
28787450
60457152
51412933
17931353
25716070
43615291
54376856
71301507
442443
85571330
13962294
43541156
55821695
28558412
29898892
50932362
60817018
15039152
54205938
62453077
59144793
26471856
28671228
85793669
7534107
34117984
62860808
65493128
79815854
53923647
18852032
88972084
52356180
29080988
87172964
96490373
19698451
93037615
2025973
57637365
50785874
63699321
31842790
76890577
47877447
67028593
91182837
98278207
92673358
72205404
53082242
43015207
5889487
97856143
58726376
21073412
76594737
77399643
15766543
55969942
51170724
21684618
43396237
90544065
93703435
71254537
30625642
27612411
96259703
44381762
24644215
37735110
12505813
96455560
7285683
60455648
44971983
86729136
12299618
97445832
37900687
43859049
5963410
79841918
39959431
65168584
3651660
55145515
28877579
72001633
23433060
60342548
83534182
25760768
24004937
82172061
91024330
21414828
14880223
58496159
84280820
65895359
32032627
40197872
73857929
44451527
5013056
82880673
53672102
60565544
51918841
17578643
20073486
26245195
88975057
57845446
38487775
62722144
40981611
51070722
95203397
78629929
40050139
4371199
67213742
8610717
47765515
1078524
86329921
78371988
71591844
86475453
54860839
45862315
29860692
20971180
63304094
7876577
27723221
12678017
51978266
10925358
43562111
69901262
20643290
37293927
67445826
61879460
67419359
33682703
38743150
87243919
59474348
80942873
36566279
39641535
50945711
98741887
41870683
1221995
85036176
69371349
51784244
63619239
10706116
57528236
61558835
89485930
95383389
49841332
1470798
27472889
43202283
3924942
3774873
87340661
42889535
41328539
2751490
59190856
92766523
13506002
99170604
81374761
534911
8769558
55484573
60666256
62478296
12360893
51486621
49687822
15885514
52761433
15989440
49199772
29934001
56804136
55148349
16146756
97099193
62695177
6101141
65594156
5791874
89300861
9892646
21370529
46606310
12602270
55604991
15618535
42645515
14781415
26518572
40974387
73062738
69547638
72909992
69826829
4459077
99481639
51703764
40637224
36829822
31166107
54094251
23076561
76896137
93488931
34339564
33143289
12229344
75153033
58383667
71842255
50701024
74065182
34380240
19809355
91775776
16232136
16823382
48743925
66063609
20298109
88885580
45093089
22372457
42414992
89565713
95398557
45568742
16395087
21121271
36235469
99740283
75917493
14742216
77067127
60269469
60158366
21827655
29411704
1171831
11212299
50125614
71142819
25367531
56623527
77091312
41154940
64860852
21119211
10554834
47680429
74139634
69062405
90164091
34291282
93003978
1277951
52257593
78734387
36884800
51541592
84299495
90548656
2593023
71732994
28355325
77597720
81274310
58000376
92513400
67002260
86332207
38344485
39950462
41363735
32515601
64431445
41586645
50573809
59719217
31234510
14078857
59865193
85853765
43590331
8833762
46236289
37364795
96665179
96323847
95026365
6148480
71804757
69482447
87210164
48340649
6271405
27447029
26624354
41389028
97163622
53754793
74466958
24985451
89679955
624077
89871007
30370501
22893647
15003015
8926835
56560308
57073485
83361143
74341802
36509395
95338089
41453329
91487833
91079990
46135595
85265855
98995803
98120514
71846949
99473590
7386989
66935651
35024384
61660316
490311
8738860
4605669
70701971
24424504
8978478
91615537
69794233
80430256
47443527
64805591
7437823
82970545
77478789
27422357
46775088
33173416
27131709
10830123
49812129
10585709
65445171
74455475
40062799
46111213
54108636
23250112
7164768
85946796
2386678
55581914
56473283
99139325
86753408
8512069
71041335
3611313
40684726
87439211
28349423
81084589
3067754
68327921
30432088
9549853
38972325
73532016
54321392
67258197
11489521
90836892
15436700
18356444
76499300
50072470
64185920
93298599
79227749
58802040
55879058
40106477
27880621
45607377
48477831
79459056
15737198
43027756
24119981
46520535
14844456
73944790
61171490
64447288
73516393
12310940
79905623
50298003
21540335
81559058
21090532
93272696
42259002
93916193
37143687
79391707
36678273
86979535
20922138
11107129
78648214
72674294
30340863
7675829
4430146
56884054
1724329
7238676
36026066
74641875
22204969
83905488
16828816
94241930
71272417
5501131
73435251
29514758
38970352
31098205
27290302
13197760
91512339
50646927
56076988
4406408
79913002
32322417
8543480
86995414
92757472
79892841
87415614
26556922
81481515
38064792
70535287
48461132
35834989
55773401
61284855
20519112
50204480
54384307
1987492
7995209
63941759
93480573
40526045
58723078
4062814
24045789
56568545
52609597
80986634
71464042
552078
18800349
82183479
47172233
12368016
76572042
40046043
22186376
69518219
66664345
68803383
59986374
30542060
28405451
29577330
61064735
84400032
32051030
13762843
85317869
44276586
17096521
51094001
90849544
53291904
76442807
20252752
20034706
45415911
48996901
16768442
20100622
54815994
12363604
93797762
24950568
8860445
39238538
12893919
70624285
66217903
61998802
44066526
32577589
55033140
12039356
60306717
95009365
23823677
43333925
33207072
28961072
5788474
57632707
49752342
79251133
29786451
23876873
35299504
48295507
57969107
99424265
23797932
54232195
83515637
40862094
40781620
4051999
3364296
80450346
27361284
47453911
30214374
97816623
11017044
36894233
49492029
5397823
17200841
19048902
47108106
6352561
11874190
84901262
49378761
6589523
75266958
16182325
1425168
53277050
72708047
44614602
49467952
71716762
32887387
28685296
38172899
48516027
63845695
53459360
46493202
83861911
35474086
62898123
68946355
32342293
96922617
30244345
99611625
93599717
70646910
80448901
37448316
42406427
56854516
324945
36202576
192063
6883748
62027054
25458529
51210593
94145181
4107944
45486555
58198445
97140727
57583247
24081315
8026427
45752674
59629217
73981663
29613262
14436475
77343067
43964938
12582324
91978659
21096459
52177534
59061420
81079191
5872906
60777042
43642870
87887542
33718772
60222998
8086170
80369551
31409401
75527898
83082954
45824787
54087307
50724886
45098318
31288235
46517584
45538200
57514071
73443507
46944534
95842800
86663174
95723579
49747647
36179936
72191376
22635752
66506939
3744656
15515216
58618292
39807826
78644978
56544202
22240931
62521351
66012770
87083016
14176935
94261735
11969948
42852596
58920613
36202899
84612266
54816576
21410884
2947766
6589213
49440904
38459929
77649289
30790054
71252326
19812401
48723220
99258330
97200772
547290
41012097
38783754
3012504
52916525
6615632
2296859
35433983
47275929
31377483
55960389
81114356
99255552
90844358
34169479
59943371
49138393
82443606
39703589
22353296
40124068
54357988
32706165
28992662
45216170
3530879
4842801
43010148
78110213
75030554
31098787
51826618
68803323
52540178
72421485
13666432
33409474
422476
55384087
65676151
22162213
29111981
33066331
96485884
45065973
62762360
29750745
70649499
29873596
48101819
17935321
29572834
51239377
28857019
8789624
64339142
5846568
32029993
35209197
61872698
46663550
63881976
2970243
33928092
42335100
79339432
1367712
36445559
7088210
35479788
92508248
61554151
99914656
19212812
22725286
74207582
91448665
25795189
13615434
98898392
62821043
89344728
55716339
51138475
12447498
90751120
79400046
56166147
49088575
59165971
47868613
25578431
244438
63506240
49509105
96732178
98316545
86524415
40155338
6401381
32876264
64934775
91518728
62611915
31314910
65657997
49790005
67453327
67515431
39059804
94628598
97747372
65390110
22825358
44957
6855279
8401211
10813869
4936889
69768865
15342733
54881580
86789599
71130293
74288334
8897594
21807169
41250269
64790184
47128886
4998790
21904403
98723438
93008787
83034179
5433349
81430561
28723809
5355876
43619223
79030120
58864357
88334855
99918891
28687130
85669438
47085557
64264958
19498692
82462338
30982417
69281166
71828373
18431561
76585922
66210585
61811284
60256639
92919124
12411526
55014586
86444721
54529525
35605398
46321365
32329924
97740308
67875376
27360256
57455222
85460500
26830986
26762764
45075043
26909491
42016312
59559435
79571571
1636510
32943680
91209201
4354775
15938940
10642134
32114469
26757180
6112779
79689379
4867694
98068961
88293677
21446424
10205897
23946234
75990128
98706405
12572376
29417474
54579710
98570105
56837888
79839464
96292465
79309532
65150294
35492218
82660238
89221528
25046159
35207763
54987963
90174936
66415916
16646921
16141386
35559835
72428154
19481166
98115111
68583441
94219051
10043104
59026769
87745582
24001565
80304782
71692726
92239984
93684832
73903173
56648615
59678759
24661690
85427042
94815723
84418261
84195220
24320242
197645
83001391
37625462
98571546
45221829
23929515
70215994
26490511
98786551
37780424
61603416
54574186
50816170
839870
57520128
42547835
78929805
48231708
73553644
39906226
61517560
99749772
38414736
22180054
30406300
90127428
39455539
75250781
57959757
7293801
89223554
39256732
55137261
71778670
39322763
26040765
59838095
94407123
66234535
43269359
43853008
39239265
40180358
72245256
51293720
80490398
34870946
46598438
32083094
18122851
11065268
73455707
20582022
60295318
78690444
90599053
77035480
5478491
34615328
82029307
2283901
47686464
58978568
38457136
49574351
83273161
31239543
87355765
54985617
14488734
55788984
39674078
43854054
21283975
62234264
70771868
58152810
50223620
33638532
25671374
35096495
62491492
31930519
95262618
68216124
46903614
58269462
55738732
90925206
39199420
31889779
70848577
48085731
16119307
86924803
16735983
74274567
2595434
28206497
13704855
41753186
41719639
9884683
31944407
78372921
82653262
50704847
3029204
57438155
55600639
1215425
54230687
4407211
54653850
8008095
16402741
87297871
20520298
39406110
17381189
18173038
79138783
46391868
34781190
99173070
33614371
40377743
94835683
83651043
60244564
18988789
71847746
76554405
18548492
40769316
58526758
73934463
48595748
66769585
8640376
97892055
50829164
63119390
64527752
64370202
13947159
36736475
8268649
86316175
41853042
50858736
36943332
48159729
62372494
94190213
15812887
68468241
63704475
66950913
35939637
22438758
42027747
49811754
62357351
16160990
20371275
25643960
50467376
89408613
37288553
48640264
32370018
39465894
38687035
55203099
13973247
20009453
56267186
97255434
39413058
11262102
50778858
46007939
81996700
53920833
98919911
69698797
84908180
31795600
25133564
77010520
63504721
57387214
73196103
66486225
70788042
30452720
76357425
27764211
38159206
66701325
23420496
99199496
85565280
36892622
8427603
9955187
44969229
98962290
97349573
15311799
44650835
6590483
38275368
5733034
58803979
55199952
26883692
57568118
4678703
37749019
47736857
70048403
80599752
46832357
46577872
18704766
53263258
14986410
71812640
94523374
70539385
76074256
52401617
68880577
85407479
2183958
84733630
18582282
42454442
29155759
33357066
992386
98502481
51601765
203203
96956140
59891903
41764033
61751557
22775316
65060486
81330651
92084469
60798671
54273649
42787584
74462307
17064389
67071574
43997349
7854406
15774910
94741473
66979507
66718682
60996659
74621605
56224977
82665056
29350019
14517363
71228435
30654074
81727780
31819795
95466662
48628927
36623099
5120633
36834782
66309628
64507651
22104140
2146996
52063574
29137381
1564389
20667469
75802083
31620680
67807291
72478207
49240481
68567782
54649539
84949482
32774599
97484363
29724660
97957586
2891534
87757533
6583807
46514018
12285427
53566416
4222879
21686529
40441411
73341212
55640988
58224047
81070530
25590049
87428856
55824726
24425251
53966020
66415653
32869894
90158613
18797624
91018799
14113510
13578717
5150432
8679565
11410310
939055
42651665
15642837
30915855
45380989
82520036
27703051
29568923
84992385
85638728
17395543
86798139
66431228
96021490
8241303
40544435
8786430
50334807
62105125
87846043
80780010
39183073
62634635
28812179
31856273
62923013
58220746
92943798
10568958
93420680
83686185
56469264
2039998
33803286
77025491
90262520
21962421
69010800
47449206
90047620
51121720
98981952
64073877
51851991
72050129
47588386
59644157
48184514
33609379
85142901
27956021
22925519
19758650
79805427
89556401
70235549
91855719
69634075
468749
12102973
69383761
50220381
71587356
37613370
36489698
94570043
53038122
21743696
48905813
57201393
34007067
61222510
62937080
9896094
59647119
43125476
8044509
52541484
29633303
60024432
67599273
96156591
16670232
32105726
68651348
81046281
69397874
59913506
63604724
54550326
38507055
5224187
45607919
72728404
55757521
12001909
50264587
64940310
86383407
14305690
60765684
97882382
70858099
91242695
50833761
75410284
69383564
27202612
21893239
18960480
873177
75849607
79553445
21252762
29266097
15219245
70430397
25766018
73620120
1369110
29434465
25156410
19789566
17843545
98607956
35689393
60427525
13129542
44549167
79377609
24925208
67598792
42799916
40259581
15805444
35182425
73151340
38195547
75523997
50609358
43641240
7048211
92502015
64428367
53183063
59403022
37813454
40806981
21661873
11400091
95774264
37584463
98469800
70515345
84099478
25803660
36492094
48445610
91085535
41978665
80286758
55233726
6674710
349376
57863881
32683552
80357635
55840976
6418027
35943076
54006740
77990954
30572136
85617726
44843236
95601267
68964299
49354258
16816792
26283087
2576683
70476935
98914378
7007843
91116680
38365904
61502502
84682845
79874842
73399714
10217655
65982256
13222450
61533143
33567617
58032689
41656444
1233054
50058263
54936063
35241659
53338607
63683972
8147522
8060863
90988620
66777718
19664200
75792957
58056145
64211086
96163698
52068303
70266597
48122022
59670255
61720960
52869618
42751496
89944640
9336331
21715571
9922709
79111336
97678580
49420242
78319804
90059903
56546810
97945499
61004249
44755689
85689074
4029313
60283331
48565463
57609713
78957817
59533284
74252092
48699897
80439790
8704371
63160237
78518662
77381739
23752789
29390088
68501374
15384675
53329271
52282179
37503122
53601846
33723089
89606469
69333934
74044235
7410989
41474067
46385827
74544396
62574599
76550631
11718011
92330604
67758530
36797079
72159665
13372307
41634845
84906825
66170956
60654346
12544809
50030865
10797731
34210086
5694671
55017177
96547908
9041142
83679016
83551475
6967701
58320693
99493278
31822484
37617182
16983099
20993590
66966300
92736775
35021773
15057119
6463635
21657124
54987891
63649665
44739549
88615099
6418675
24889808
48137497
10085242
57575482
19217411
29949409
44494352
930899
70945333
29407072
99374258
72623325
48552002
77364638
25653760
45863367
77500344
65272689
44347122
41975061
18855275
8212688
82325253
54869738
16180176
1289733
49760302
9085397
32915353
30087918
21807538
92817597
13812177
5607677
91964950
93752602
59056457
97136592
43871648
28315618
78437579
52437831
45947102
87987693
13753791
96211282
19390771
96283394
71659314
40269531
18212304
86174223
7413814
22863022
56848105
53363585
43058244
15202247
29221356
86115222
15661853
12503096
16968435
32232946
99822620
50233330
26869019
77153048
45957894
10859443
63445685
6847790
22507311
51902966
70840386
70589626
35154803
36439461
57000648
74881780
91992441
12284987
19946454
94846828
78530150
16238309
43174886
70478646
38714990
75890461
41541566
16169717
22913888
9979373
87321501
28060029
74998708
91865937
66810236
69536328
22140067
56190830
12233948
51984960
18602609
2327786
49490297
30345705
2328498
40799018
90811713
32693639
80259788
47701525
26822321
77878700
74609263
14246095
84343283
26074195
69920951
99233838
38653741
26160542
27774314
40839798
82766006
739386
59091623
39826960
23869671
91345614
21749248
14476958
38254449
8479219
72657373
63133092
31367022
3205988
45351945
57048086
26948040
79376171
69380495
49455962
39566499
47251481
88870457
82099495
6787319
81940438
30962414
34259363
61885780
66071453
79915090
61721587
71904005
91837846
63896975
71939857
23919397
21935292
7072787
19976513
95355959
88501702
59183493
22368388
61077480
12656525
22192671
76426427
32205457
16754496
80382254
47275995
3768690
34442152
55353339
12167714
15259756
35235340
55278950
94930112
9826692
10058179
65682922
77947282
82002192
84786920
44132745
27182188
82828577
20130309
87649005
11925883
49041492
74597926
3043714
52394996
3557321
64238696
90105617
60413561
94639648
84525422
94012373
27421266
65958272
68957349
77442636
61581456
83726615
86784072
68437716
18390682
12751014
9840987
79547800
22700088
71303850
79474795
79718669
58138200
46665566
79232596
33655055
78735502
38461363
66529168
62774938
65060548
45168323
67624286
90518458
34031746
78308381
11440566
15777700
12231668
63518820
72088284
20288145
95586624
82959193
12482090
1757587
50087898
18893451
8449619
58536659
62644742
74028886
46027053
54239954
94555023
37802119
28270163
35539581
57797948
60396381
610462
96955837
4474180
26863007
29157636
46902975
5607541
76738025
89236673
11111786
90027955
74217905
99493778
27517392
5449021
11764173
66409761
66290814
3356897
70610422
62172335
82704333
43595259
51500854
31789975
40485061
75741712
15364063
48155844
78212722
58603512
18571174
68260111
82569698
76959319
52850308
54148024
34645517
86403660
4226068
45911729
2385052
96544882
32081735
88647718
43745228
11960711
37844367
60492010
83171397
76227406
85938617
28034346
63457976
79549378
45631256
20645613
27578937
81295085
17469349
35406873
72077671
79915113
56606763
60454675
77266180
40851225
59731301
64922380
27378612
57545903
40488736
48685949
97809519
62189918
61204723
73127905
83435742
81604571
56150973
670039
12181545
4488424
69163666
82174376
11951708
99756165
93760113
12074464
55194635
72099154
23763370
98271599
85292215
63565991
28142941
73394734
53070885
40489139
14215218
43212302
42589170
73947017
22143509
83000521
70116094
29805947
72294588
84157022
59353326
73801698
61794082
35846601
64974659
82642180
92486786
85409882
129878
80992378
52482732
39350666
17178687
17228828
46974491
25923018
37234988
61286570
88457546
35128480
29489382
1321523
79995526
99549455
51421925
69645258
65010207
80259018
95023327
52658729
98716927
46211995
39729642
76972132
90929260
42975269
11975287
68864682
1527571
72352967
43735024
82690058
18669837
61284624
85822908
86993318
82338262
85901484
83545244
65850135
63277695
89434885
50880018
95242176
87716017
73927423
67065635
91956791
27012622
48285649
80434586
54912284
99055543
34465775
18289994
49967311
49343569
65562387
24923238
62175453
73749772
97770366
17143514
18568232
41294447
26065689
9031304
19089773
45870719
43829587
5799333
5791009
20940588
71885397
39760968
69930490
92991576
47087102
73875824
40223265
56653262
86654574
59563204
25396835
8771480
62098260
2076542
57424916
32305075
84500209
69354544
81432180
89195014
96525936
4072352
80736393
16230928
46499344
92363537
17738503
4347803
5312379
80500643
22840913
88935498
71361200
15772967
78796021
99024290
99253638
77216450
34403686
11540833
8487075
77467778
17523942
27794585
81154768
50969106
87094663
82837842
80154879
5510290
82800636
52550619
69634314
28994049
75413169
55166268
61919537
17724778
34414215
46408746
39131480
98024534
29816476
41476700
85392706
38891446
17793870
52353446
30225968
68861990
44781780
15133343
63797328
11100275
933442
81839282
54922051
92433304
32335284
40447050
18318584
41925953
30023955
85481527
5425477
94510164
46808140
29170817
75907858
25868009
82578966
41893804
1216580
44401216
48285091
92911397
78137586
90234351
55499680
23749201
96192844
44283996
97189108
9441896
89381541
67172969
25131608
34015354
26790314
277772
68528919
8320039
31949509
61794292
46927091
70272622
58139867
21208069
55780579
45309924
40306554
20169133
769683
7911142
94950413
32453713
91953897
42646628
49047630
65924991
57402570
23819266
49741224
37752030
60811024
81156653
10574107
47676440
29440106
52048741
76712054
20591284
69051260
10798263
18974234
11134474
97122900
24466660
57164743
35268056
95190728
65222830
49637580
38635782
89314915
52756817
27675081
56581114
28038870
8580529
14741829
67107053
38867443
53880364
92837235
36916545
14174397
66635588
35697576
72663375
58607670
43689791
59383320
41893715
36526150
49938172
65404465
94492560
31049312
47064690
23952550
65955045
41883861
65421552
63694263
1501744
9409704
51092539
44377502
95518090
21546465
9834774
32594121
76271109
66484957
77778024
7720342
21888529
61582872
59517913
61624626
27048793
73398623
3141093
2244490
89103429
82352060
66488518
55174729
32938594
29012597
51171888
38837828
50306757
22783968
89893750
89941697
71777856
74660087
48831073
27322965
75358962
77052397
24175873
47712840
80615985
53024043
63613581
64583620
18845084
20663974
88702246
97813688
89834203
8840183
11565865
77234091
40530719
21540521
74740731
26378479
5791603
66979846
76801223
3164314
12879133
83180430
38095834
8760958
90934596
42607122
624835
49155049
75553701
25150590
24911056
16183150
44685598
16850064
124064
30707293
82248324
7859360
92132680
88424808
76010406
28401368
33892960
50151720
52163755
52165573
72967488
507234
2840063
42818543
73374941
68158767
80104733
86589502
96950695
48091185
47134202
91629431
33144849
23179481
6982012
79137197
89957712
21762739
6225404
63836760
96828521
86890135
98323262
81611203
23312897
41922166
25025331
98222272
91696502
78833768
63509621
49905129
53394730
50120764
32662425
63525602
97955971
58883361
23232647
64901848
9726459
49247798
65943281
15538293
10640552
27789350
47362841
65664546
91557923
53946339
79682434
7666926
83749855
65518849
2553699
70428798
80780591
40055090
71455210
15541290
31403476
4778702
848326
44739920
25157263
42199113
49504017
83551902
12209797
94026718
3668769
67657600
59038335
69588118
27993473
64540221
93730927
52894803
28023094
7647085
79254667
44810008
9450306
50234272
49172475
16933525
10116595
32396459
58023411
54104964
19663583
81862904
19414872
4715805
25750216
63393895
85077010
77099607
12089534
54206587
18754907
47783187
29598435
52588292
6119139
68855052
51598141
93017513
11381179
19882832
75411181
28741150
94556276
80614810
27379942
84036745
26343739
51749605
37596946
95919345
81768290
55575568
25594024
1539014
9204740
52663280
59750143
42878094
98324285
27472177
29580704
14053075
35514481
17599492
5514483
2313684
67819718
40370911
68343309
27597019
75957635
37909266
40645285
13541689
37278664
25312721
82337478
30054192
44335206
50539721
37540595
36123006
64528995
27831182
10097083
40114951
39443017
60795750
12672692
12464560
45095749
19846746
433066
81498884
61450462
48921921
10657651
32240185
31771579
10982868
52177651
51457707
69365170
75742185
43574276
47465309
68112329
28828208
21911362
20570715
46136493
66264606
29477718
79314330
60323918
47899400
54328386
43816223
64852785
85795155
80157770
32205084
91919044
13446866
928554
97896494
9245529
49982620
32588533
76846389
90620466
78977696
6095347
72900188
20826506
31226970
66936132
73227573
46964749
91677246
5754675
76072529
14380177
93318046
19854739
13434434
98789469
18100730
68940728
9258421
9580804
67468319
16390234
30059282
71700363
51919689
46809946
12632267
24365323
56712101
41876352
41275888
58623824
32322698
28116753
15913964
46381412
65468032
91443260
1163879
79419813
70741408
17957440
83835888
83523430
16999820
48739065
78441510
95322981
8262297
16962374
57375888
31881481
11774120
321552
17120666
6297178
9783071
38089324
10791318
82945749
70523200
29692003
30954664
93609655
30919218
24210884
96000439
57286645
989560
7839212
18357798
51124186
12420730
70416952
76774079
27111381
34954530
53514751
80688974
4957895
80824195
95745811
22988870
96459713
66240508
36213472
88553359
27255908
74217772
51860312
18639995
40856541
36407157
50875749
83125535
74610044
59760923
22783183
57157591
97756702
2294241
15678023
9267061
84912685
78928804
44553879
73645930
83157866
58536079
41074068
37955069
65350615
92693781
5359633
4177595
4364023
4400963
34199765
93287182
23946392
6856174
87722676
36319498
60057736
30638796
42085688
89033440
27877649
60170284
832201
91402855
44406373
27305270
53104164
33469735
50818852
20650853
8519075
83612989
19270136
35968363
49464554
72741201
34394662
25094453
40740504
65528177
6184357
41972548
72868930
30602722
22558424
42927638
33701972
18025393
51723
85910416
93645888
36871517
79347653
54725743
66341594
50734091
52530526
27596546
50601074
95293203
20563071
9180099
66725994
70121229
54346626
68090943
10283390
34288463
2184497
99259103
76314407
55517867
11132876
20069605
35830244
2745924
69990643
10428811
15036342
4436583
42493029
67928752
1029670
37946878
94679829
59433742
33234011
19569964
34132015
21089289
33236566
99678103
94445692
88714410
81683161
35242526
60378367
43403876
69307178
94139934
21873075
65323575
63217299
82297449
613167
35319571
60278988
14189338
68971324
85471910
35729410
87484752
98123692
56910235
9875587
26200562
62080271
44099822
75471691
46420250
17203284
25965740
49992963
59092163
86822580
85715849
74344550
13695238
65806025
28381245
4327151
90164739
85022064
75626878
44786262
38243349
37439720
58208626
78985862
81500272
16529719
25622017
62047226
98835083
83982698
67752896
2158795
52387006
86280083
45991629
9012627
57214620
96480091
44373080
12531092
33872131
45923273
99801141
95138020
99326293
87077182
6914354
57844369
2590280
21494350
11555056
22319826
8950045
56393545
33542778
25184672
25996745
78080381
97637174
54082561
28645962
45996404
79658569
94604589
99329965
49998139
81545314
93107862
16718835
83003714
13904060
57459669
51571382
69753047
24778843
16166678
99919421
48590091
89414939
13175752
85743731
52175862
9256102
46769955
34242319
26977958
47123924
86034281
87554580
36144059
34271807
31696295
94597359
85993839
95326728
20751088
38656142
70474309
87437142
38293899
71193452
65160991
97533907
72375745
17123987
88533287
33418309
58691224
47699480
72409714
9593368
58496994
3147264
72792489
82275263
18454851
56403583
66299486
98199794
51513480
47380550
55635432
43433622
34065511
28666264
58171649
801052
23170409
82640966
22671507
14912713
52959128
59058615
62734623
45441446
88877913
36824449
12666814
17050275
18435001
83042796
51124059
38485858
74919776
85497143
22526759
95423866
57708303
56893731
95015468
38470694
65396301
28063375
49190132
88268640
28932947
31678898
12001231
73975913
57629633
92677544
77701826
3878064
33048128
12632156
98425401
80834950
89969171
51075672
68815377
94686697
37553168
20722836
75593313
98013749
21737813
22344415
34599848
70349969
42793032
29495935
98653330
75565004
58386666
6423
89732062
21384644
95256553
15199908
93398539
26494131
80855364
33952588
62347545
57925742
32677123
91097008
33281353
32801256
12875046
3526895
37687339
45827723
22010540
84112143
24731822
57696061
91597652
15221116
52522736
97417549
24690198
31166480
2704602
64195580
86755684
76625952
73189532
38301076
51223235
99194648
27774622
98886125
87380418
86876717
20037971
65067335
13382940
14613801
3449768
47360202
92713049
85061453
90121990
89031057
7498697
13493621
55242206
21190495
60999886
86763643
13725640
59673418
49201049
6919463
48451987
1946485
45746786
10502146
35737073
24345730
6992014
79138706
54586968
64181092
90193962
99428901
39087328
56336635
90849868
11481577
11436295
89343344
18552296
43704680
5690250
2502476
55127304
44280590
85754263
55025797
87504417
68465406
40497833
8961837
40034586
78430862
65187476
5974592
266611
12721886
85440147
37786493
37609253
14253706
37965976
51089274
6985737
73968922
64984901
83372393
32309170
63697920
98669782
51082655
62301320
50809229
46482233
21280402
11510651
41585894
84957799
79165182
817578
38963807
26452613
51296100
39161796
5914548
67850820
55540269
44203765
49554232
73401482
23377976
7474789
84723703
93654303
28720932
40573199
75778232
55943715
64977715
63991788
20313490
73660448
11556994
7845109
70988509
10361703
88807995
90937266
14620851
24031560
45259852
70614214
31480853
49315652
51014392
66952192
22117398
60282776
74856896
45935751
97356011
89589727
17686992
32177541
34942519
59054817
30901380
98994390
7224810
26470185
79771526
67735635
91259468
63483158
7235198
75481043
75265005
78307757
30890399
76446407
56939681
61180740
54778065
77824928
44974012
32429768
17836111
79913619
23960390
35339067
33158429
62072474
66823291
18575773
17839087
62343050
15899853
49547206
68144576
80473284
33070386
48133793
15285791
94190586
25242122
65973675
55727072
72366794
9441697
91698168
90033063
86544231
77888501
12784372
40492043
79472363
56117748
90377395
85378671
14592124
73505170
43463251
68764070
74503873
38141469
24684311
97074198
86989545
79816989
1272341
54784463
21726924
1845824
74886424
33242176
9556368
52793866
41262056
62256383
70185668
57383063
10902003
77496921
55164955
29832615
26168147
82855153
60439095
96593712
8443909
55116729
39173567
73905925
6562266
51740703
3873276
28886852
20278199
20935420
53844767
16737572
69424937
12530418
75854437
24794799
45249362
7309743
32060646
92968428
87127869
48854636
57653633
8663095
7434440
51790458
79114608
63948999
32222546
93666561
38840330
86408026
36818906
96782315
46232955
39362260
61397460
93453559
72390999
95978128
6010663
2157293
82301676
6691033
35936901
13384637
27995955
51093787
99834108
33719694
71647718
57101186
48952755
69987053
85202367
57713802
52365535
6322000
62384526
91136449
27363781
78336802
51654456
92704633
29193089
55528996
23933617
72673723
70734273
62899103
93930786
63875729
1492989
39784673
57237491
81710451
18236283
29313453
10788910
14614025
41219346
87044264
79769795
55732916
11423288
79055892
34003184
39011240
34991741
9162958
33736713
15471665
3004564
93833839
84107045
63153255
25514344
94186626
57150700
22298796
33103409
52739648
9315911
44796201
48816421
12654437
37960802
94685907
89943699
78374482
92327757
25094252
65174969
24360274
62431991
70265906
59086726
71791758
92708055
15830397
66610795
67826932
33747694
34363300
88997479
2107441
27651889
78572843
72573227
48544948
68562646
80705569
66574752
35847510
28725489
12828615
74874713
73462569
62304750
84123841
86080096
78138163
15013031
73467357
20984058
27585677
42890184
54769657
25911768
87016463
51031342
40877361
14015724
45919685
48707918
56816618
20003109
5093620
87368845
81297893
10425480
99142494
74966582
87293058
37498545
97940982
96618764
44671924
42207870
36347723
6613217
56783718
41679906
80422821
23304810
20696999
96417547
33215774
81838134
88580565
35970929
69589532
56356158
41874899
93461985
36383204
56113911
9984197
66574403
42449225
75703327
26267137
59884226
19497512
1339913
40382911
90434469
91063256
23397142
96026951
26282482
39104397
84668362
88550249
64989295
71102533
39535352
4567478
5117444
95563242
31186517
26486108
38767591
9247675
93747629
38633237
49472940
53033731
3057604
29199319
49514758
36799509
63743062
81378967
85099029
82195620
43398421
86816246
67455057
56720931
42070881
86281677
58498289
20083657
96044733
13732739
75524646
27403593
10864367
71636805
59915110
54745912
4078198
43215719
1251133
98104442
77151977
50238240
58979240
75282780
50948053
87211757
48743830
22056789
69257239
1381281
48543669
11247182
72470080
6624910
50179807
12013321
10583909
310305
5248804
79106575
15588500
8662664
92062857
9661720
82423292
22450584
42528277
58039220
40339925
98617672
2592268
61012446
46225092
85144433
72553237
17704491
7676958
32735168
81385230
67337083
80419313
74371085
30133109
79584997
75088864
92886302
43191839
18748321
27999238
27887516
84003840
57892014
88119600
11614489
18780643
2205589
16335372
81901530
93167626
38125092
93679309
69888978
10994572
95217303
19825643
58466614
13154281
49148689
35648097
98124454
4056477
77009943
94281119
57773389
9598588
71510229
85293928
73045465
33806100
13608852
41842509
73806877
14836139
4101373
98191657
87714826
59476109
11378460
91246450
68270189
77559506
4274272
74435083
68259984
81201328
92158116
35298362
42547065
25290234
35092219
16426243
98505825
3047343
7139841
71391678
42790466
85238914
94739605
27845336
4877344
22998490
97881581
9290617
82228983
80891203
64078911
74345855
72771495
42529396
88343548
15539417
84246000
34793671
60063444
752937
66647960
97970886
99416951
40283869
29241518
18246622
61546666
81789907
37320672
81407332
10972789
29983797
73204146
27972027
61086656
91878091
97047990
24562843
88438284
30850328
28120316
66278269
25687439
77566434
48329337
99241788
68876917
6758702
70477255
48912319
52748875
27135659
73314863
45395709
1180337
26226287
57076803
21167634
24555340
13074710
87453421
76861029
91265841
93568687
12009061
8031303
56617422
99259245
97287067
67305228
72512688
76762448
40175339
45261878
64920301
52448481
82576740
65585133
50579380
9310730
11502593
22604446
66542454
2756443
46889245
69837862
99904630
34943928
64433915
3680088
72020687
46638034
83676816
90308816
96200218
25978306
27299106
37140058
19091537
82600605
80797977
93480580
11840125
3432652
31779412
52920073
31098243
26583994
53173156
47491684
5892543
57751543
69554432
17379335
10078929
28855243
92859191
16424304
3168604
16790436
46763438
18651139
52487889
36764555
5650041
27569349
25359195
96486344
36563055
14076336
41480719
13912102
85877097
82261116
41654962
36004166
76127084
53905105
64815917
36338625
53976616
21775056
83222361
53141578
90841541
43143704
98740627
72248948
48882195
19823842
32406220
32903791
41281631
39136686
75583289
44500416
31437434
34088805
38373179
99697465
94133068
17415294
76108130
80312671
37205259
51234801
47957791
46683653
79479184
99367566
12260343
61962955
95730625
16641113
75311104
80318105
17999234
72358206
29107188
50280187
70973057
19888277
82845650
91623153
21161799
54711667
61905256
74998558
26081875
79670778
97849037
54532482
32323313
44159484
12000160
82461851
57741864
65971105
41725347
56097239
55759003
59788900
36566716
23336096
41225445
14572861
94106121
63376770
52286635
98371125
47144275
67181622
16158285
83891982
75806346
42500649
58761875
694693
3217897
73821280
14761180
83879676
97627045
57224412
23451196
3485571
60423361
55914544
62207178
95070815
79414072
99062278
36215223
47823772
31556887
95810499
20013786
18528795
15856848
30031567
24783162
1634240
81493857
23983488
76541318
66437023
91021661
56725208
79093362
84761200
59941241
49944448
44485368
39345054
95878157
94411295
5281088
71305375
16801584
88013311
74097054
96425422
59734499
73764246
80961261
14181918
67765896
33133537
88225326
33366628
95540517
50530358
88078955
79795718
65476127
29661171
99702370
27787812
84425411
59492742
53807539
37266728
98853585
60096007
83224246
29302822
64354605
64663387
20979637
92587794
67198823
23831899
15715742
60483647
74206087
23409175
2619304
40986268
41259408
86072668
10260520
30261292
38856554
84460365
22876742
49266243
94305102
22224987
54638624
33472491
40221344
49737625
27848493
4849984
18405567
92189366
92675896
91995686
21688697
87537887
4432243
86218550
74960778
21299100
60902436
41259621
25415158
39521734
62916818
59968517
8722806
81309556
64054809
27900524
31507533
77725978
21959010
7197146
3163721
50179590
30715483
73041181
82465199
51735346
12573355
85178234
40054458
38134472
379856
47121396
60201713
8917697
69066637
8159173
8108622
94015685
70034731
85493453
26639430
92454727
42140001
59061905
52132627
27859418
61458066
92679539
62732739
43441649
84214671
46121874
95289370
75703132
71348035
59128879
683940
89893966
51480341
92945974
25692684
27262679
80837709
79807496
6932814
89341370
41122740
53247686
77745804
75756585
46695510
29098217
24416888
34259639
52567885
98475528
83860138
20817275
72932514
2289831
33231819
9268133
15276771
70694664
37932204
13646523
20632223
46824954
38365329
38294393
12694303
81187408
10554538
4030310
51008670
61130325
59275631
35504817
45302144
58106228
60308498
56286604
38741124
4482214
63275257
16243530
43014878
31883052
1657276
83998716
92561006
94701236
50943613
8331098
83850614
28106312
52988912
80094228
3555954
31492637
32742735
49190834
53436555
42490262
44724953
34601577
36622771
65301742
93886735
69620106
42315420
63757443
92541199
23681096
98730592
74638896
71169088
32881089
78125889
60159423
86013875
19434506
37653837
76979551
11904940
17874896
55181226
79542380
31820534
46815855
94461778
26325186
35084516
40499688
82393589
84037604
90330786
5282684
51014371
3474534
44363315
43773994
79852608
56988033
30634863
70061676
79557478
34025055
28048769
23934807
29923700
37688444
73917792
37593734
40740574
60000226
83028020
22073874
97736412
26013070
98713247
95830200
54196773
97671650
98277143
25745318
83011448
32979071
99604442
34225935
77718060
71554776
94543580
34069554
50515195
4356557
91739868
92320851
1220042
17181644
56817676
9797600
34044748
16143813
95256049
45100527
20220399
22969936
14934101
11205427
47772959
75584469
45453229
89708855
57396008
89752360
37226884
49976374
18422285
24566509
94900043
76044298
31810375
69845202
63910407
77169895
82087841
31507604
53447730
65990220
52246913
53186061
80146739
97037265
97904731
80120265
38156353
85998007
80688213
27464453
63251402
52988891
3562477
35625767
36474764
18040055
61432053
32027178
25194512
50905709
251009
25227489
9147153
21332472
53038683
47265019
84203857
44227253
92861607
42843631
61801581
62933792
93259556
14290559
16701157
97298147
20244100
46341193
72728948
49930385
32792568
25029807
61119200
67470125
8386909
23276282
13003489
12301733
29416980
99148532
3060284
36036344
120670
32833553
43570176
2487528
92919347
18628803
56395234
85952972
5093429
47530297
23284234
31257250
49553793
84771366
43396992
90556877
49151331
90569941
4372759
95427487
20091759
84000955
10507285
55230837
81865474
62569998
61590106
23055353
7864385
56450494
89320240
3772293
32460038
76827415
28526464
42524314
32996788
52360547
20410091
70679627
51097595
93672801
12278320
26097356
54649932
80511393
90803363
2298013
89780995
6783193
33504078
79831429
29168910
55919862
17854780
76636258
58702630
32096078
73922231
83490766
28847852
82504134
84883189
29091419
43403365
74082648
66182701
38282167
50733647
11799615
40753421
78704896
88064508
70649954
33687167
61201521
77704068
40936804
89993911
73892481
33590128
79084241
90076329
54007847
62032574
78724952
92982406
18903440
19563255
89262158
25364804
99015176
42569112
75312784
60419570
61908245
29202834
24563202
29228656
2261921
11820538
77276769
18973425
91308619
41681697
92849474
53255848
70667923
57941588
35188334
49318486
86849651
78190993
47419390
84994094
72018292
2697136
62672777
69814683
86144465
40752413
34362336
92779840
44242637
51731228
54080319
6966529
30405377
33248673
84715713
22509335
79394173
27764829
85839677
92738985
44882809
32161995
78950515
16963127
8116564
30944770
18802861
38910268
19693279
17791616
52778407
9949039
47068772
40907941
16369476
80010099
22733837
66188266
39418213
75007130
96988098
83334186
3991115
12107941
42905951
24782178
43816995
30948465
81960740
9342315
83934453
12700490
12779769
71091034
12598556
67539742
7506511
89744733
79577975
35067368
20532568
69731762
33281708
25316741
58581838
46199268
77615544
25928398
96552083
99925456
19844509
50989417
73612836
48525872
65596434
37696637
90875349
35918254
76451477
50527347
53880647
8164564
94454075
89252981
75807974
99672010
7822529
22266270
34935149
42174438
80891298
59451034
99174453
4159695
58780191
18090637
59274059
5268364
74201457
23631982
51692992
49998485
2499004
63236887
98697855
79309997
1100453
54276448
51449736
84035740
27036063
19881687
34915460
36938265
74843386
12379872
43759683
5437434
30793456
98619370
3510051
60222722
75705154
50619756
13682740
48456388
43498648
4227130
73655475
90071032
72625303
42382075
49777110
57962068
88512304
8083962
69226236
18172601
85560653
35133859
413663
86674580
36108957
7766178
33272695
9484097
97012062
50404119
83019302
55936056
14887337
51048233
61805018
77654084
27495685
46501118
69117142
37136115
69308833
31058840
79682385
26332410
44772820
20582523
88852870
83802099
8147531
97346887
21421371
99131146
43291024
86070777
21968210
6613958
62057532
75114671
13361796
74366840
12104985
42759211
85513815
90551724
73351418
71246173
78250251
58635936
79252656
95353045
14464654
87625458
58044235
11244863
68459614
89014842
63479582
82929494
88339880
38530914
57445442
10357304
88293189
2903401
75341124
14791774
91235542
22852213
12850981
19971729
4009389
95142415
70093135
51534290
37447531
10038653
2606249
99197016
29960562
80937531
20634664
80686002
21991011
86993308
69934829
2634728
89410269
55021206
77767288
96717856
653670
91570652
24640930
68047045
70918562
34291532
28060923
10217952
16898314
10099182
81372196
49732796
63642555
24151319
87057051
80460037
29002310
52804350
4793224
42809324
20988649
24428154
69272412
60085557
67694194
66788229
85588196
23252623
7653584
46850508
29135250
55703836
35403245
14046095
53356919
96763194
28915389
49257132
33263039
67362611
88633887
19447233
76711295
30062319
9614142
29900628
58426520
55843668
94826976
93148118
4606769
12977060
97490753
35636839
16467642
68540896
20111058
96616358
81779502
9984981
89215590
78863266
96921021
59251101
30393417
617848
75069919
34054326
48573310
112499
83719412
50317270
52058326
14305158
4957531
2409442
64843519
48250098
70979975
47766068
60515468
53813089
2548200
84194748
38147071
92647814
67767369
66298854
51881593
34798689
11074027
47910866
26203249
59427245
49039488
83979425
36487815
35394011
65193486
24033425
66324083
68539921
42871886
27260973
15202585
18077159
16723860
21607030
4654286
69498688
68237351
4808212
70507727
68738910
61416716
297145
57943008
4340880
20713190
80682765
23291337
39822172
15653941
69588065
71859798
85270217
92696009
61115669
15196913
72249937
15379209
36309836
68825250
87000492
88147419
45593757
3054360
41655976
79963259
69624369
25640118
11159914
59339183
4120425
27865016
16534489
96845522
74857029
21761247
51303062
55315539
39770685
72351274
24299452
36085410
84878256
35389954
92712378
63004497
28862717
57243860
31160203
21328545
81501236
54194536
40030104
52118467
92070712
37074453
12986593
57462911
89836761
83832352
6031080
56137293
40910030
3606192
46839794
66031108
22778540
38299612
31695778
21892018
8317139
77191783
12065345
97450969
93307421
63085762
95855121
48043740
40125270
80408422
50355082
43312700
5490657
31404017
73261947
8433593
5203653
7475106
74698046
51521788
37468632
81897231
55241057
516449
4510495
12329475
20407207
99723837
32061666
19925519
52372191
58607148
75721607
48832336
8551830
51634320
91265847
82677297
61870717
11555735
91289884
94501727
85371006
69318293
66911059
15227116
49060001
94651641
90827863
379009
41797232
42131652
78230665
18299374
50877453
18133753
40701815
58694261
5644523
85426405
73301946
72540286
81062572
66931811
41961650
75076241
55328538
62904058
10007416
8371573
19214644
74866179
85486327
74232468
8529679
50537280
43353839
91210420
88118627
39858008
41161167
89196831
27488
96276751
66322870
37006472
46058699
56086097
75921285
30967237
98962660
93177478
73809525
78201183
13252472
19918619
42476028
494306
77281540
50873420
84476994
29178050
23188831
33734192
49896187
9925403
27036015
53813780
33883461
1807849
32337305
78809076
93461454
19724770
1368085
70023500
76346491
56740178
21263631
54872015
44664576
4848350
31811014
61876982
3257645
70501311
73763368
90511922
43541522
87355395
63643982
37284820
72398957
59852944
74258509
52551768
96595384
18179088
26419621
6536133
26979722
90099687
73089011
98970110
65876000
39053480
54560327
16295690
14667124
15788314
36605985
58807778
32740225
46400896
70264589
74740627
56376291
42273277
13202688
73619941
35325931
89256739
33684498
48317240
22355036
71996005
90958232
95207582
45603764
5498481
89128190
87003103
4535652
51466614
76530922
90415887
85279948
80993797
89995392
65551629
98062010
67041728
737400
30516846
47423068
4748821
78136671
48197574
18769067
47513250
46005879
44622456
73257498
96220742
47122254
84176128
26667842
4908137
98739263
61473207
99182587
73849587
14092851
91462938
10324890
16559772
40114683
5246864
77590323
90842588
94660871
46631165
43635147
6331769
87804030
97338887
3023696
54172290
40482177
59352027
64250580
73957049
54202548
64310304
72654260
101603
94529061
27336523
81106725
70849557
88774598
18470546
6551811
9946228
75981635
61520747
31096366
8060718
28212166
55508655
25194908
77349101
6392875
13643374
27958384
68673352
48108685
29788108
32593025
30202037
52605063
81109146
51837229
43652603
88115642
64978140
29990537
34911090
9721125
87886789
63421299
37619628
17416299
47650165
72233497
90253074
87224442
52077995
47504169
13428151
33276826
54657971
51193314
57801153
64600083
44214912
74417566
81238604
37105881
94625066
37919918
4871239
80077542
76243402
32705876
69564774
27928452
26085880
2966672
72184737
45726028
16421630
49663339
4266397
13120226
72821037
45622063
17862892
67352497
41466772
19460479
6653364
37999776
51579741
6675967
53418340
63233869
57792902
34207170
50270912
78949905
69099965
50928918
68020073
10839248
96847744
76806915
98630279
16331755
30849176
889263
80259541
86396291
63952273
1733335
41751689
52743125
41318009
82421252
42950212
23001464
91224857
71325470
10794744
29608195
34624271
57504114
66457975
37895869
67600894
69636548
20847242
71565883
95280501
51895585
22938332
18836613
59592636
68046660
11494561
36038726
46019333
14153477
33705478
21566017
58349783
94670212
84999294
6967347
43958213
79967126
31897313
82705248
63239241
71764837
90200238
49275447
52556480
37361473
23950289
34621017
45941449
45879189
68076683
77713736
85220568
12606009
75121415
62488465
37239837
43511906
31619331
1109655
86441872
37728041
15720193
11258960
7955467
96901571
985260
41585814
36379136
19285017
62888737
50651307
15484728
30946925
37093507
92961893
6018458
44331712
18470350
72376442
77983627
79074351
89595472
45542893
52480006
62893185
40032847
97996125
36690686
2246984
41748739
56121621
87886036
41061198
82120535
4430169
46047399
23641864
4528767
58219760
7718100
49012754
99094744
68307200
50061687
36008125
16217628
71103932
16132762
60048157
87967381
63925409
37057146
95818206
93181342
80600550
48101271
1455481
83483915
51405547
56506608
25886800
92847231
84832752
53130000
37882001
85611391
67666218
90736921
14201355
57445427
41711263
84064491
2819340
82717852
88019762
6717956
14339609
25222996
37077065
592692
45003114
98201345
34047860
45512514
17765177
45331732
16341581
13797151
65456593
24107388
86289585
34182146
46752313
90892958
46368901
40815449
56454918
62899402
63797611
12228660
78709834
15635125
79943708
48242584
51392295
77971176
96241369
53687432
89585453
50870160
11801506
8195842
76988764
91400127
45104619
48673774
40758329
86940688
62107123
30275356
43763005
23370129
42203813
36871102
24024397
5807998
1612204
33394440
78069783
88347329
28930674
94173514
62334877
73685325
50789220
93253422
20681929
31533854
29404812
95769915
39532609
20576367
84856956
2169654
71163173
33117923
92762052
30250944
85645813
21649988
5750955
32752133
79170942
70412787
23398849
89380630
94067334
6910028
49043641
16161180
94464288
57876723
94079161
15024644
51288041
19150105
23169219
98423079
79538596
32844398
80185768
82303439
71732118
44283040
83748823
94459591
93505187
6934945
33398645
20759753
18456657
2688290
44743886
63988100
81446152
5651433
67888944
73409397
13372855
26207303
36605924
10553967
21092582
61271467
59900476
41446731
26770907
6731358
28787620
87886446
29781253
29141423
86479774
64537133
38458505
44283598
76908134
86164990
17831982
54576387
59048254
79306407
15593787
79485530
96779974
27294116
45351949
31279111
29633306
68101048
57093257
24611433
89223111
19009619
54590216
30639826
70547816
61269850
22746658
46585873
29298706
25478268
97489670
57614467
31892601
70561701
65501128
538086
76443417
9559008
94878690
39995875
41539869
12060353
6414826
62697894
89940173
53703661
83093334
6479792
84285877
19158985
69917286
70007467
40562523
62150890
23167073
73094360
57690739
56463137
38368468
55889634
38537008
9882117
68909204
1882272
34017492
74695072
15943281
36421656
45369219
57400967
84191426
88295150
28434042
61534250
24855772
36402034
7432209
89137777
69584479
8697329
97703177
67040277
13379941
56597576
88761662
45600622
51527209
28553420
73073210
14976998
41397556
50785402
24447615
55402924
47842333
88504130
76639344
21166502
29507142
95004085
23915809
90192478
93705727
9871042
10597656
14782288
68217746
3128748
7545982
18994204
61544806
56543957
15084963
17168146
94716670
28893828
84205527
88264796
73763400
67343118
80440294
44909952
81034723
15445343
12453480
78417097
26648750
59400003
5858135
84698955
9351601
64099815
98351959
81502103
21434146
78262767
80478851
58767638
73422863
48185742
25439864
14291492
48283969
66784408
32117927
18760973
10083707
82451116
90365177
49881155
49375415
59298742
44242503
34273092
20316180
61437123
51110354
27080492
21931113
66982074
12602252
78712109
40097743
36216152
75228377
25999616
51613738
96088348
24005986
97516110
4927401
84376608
10042671
40011644
5193618
45914702
76744788
4953931
86773001
97836625
31557890
72338724
83939975
68360761
95992217
94678148
64879232
68655216
3126203
30956522
3240521
4510573
86484913
19830524
93160750
72503600
30220634
86710447
58461235
95673664
58805577
388907
99180680
11678545
81723653
36433987
1080037
82757183
12395973
67457661
53255595
94265956
53594499
39005343
61588077
60810327
36266001
1434721
39596376
7929280
97338984
44623306
74615557
66395621
60780575
80293794
49389378
53932184
61901794
36323105
65301928
80870100
14992266
83524919
4863716
75475625
2083720
14935320
97526524
85910218
75195792
92044871
28080610
60365527
86122235
76928064
18336839
14975512
46224890
90546883
97066197
28355506
54646039
90382358
78271004
10532197
43702825
97573239
60523419
78979661
28107331
72574457
14851000
34565558
71643307
5409813
56573835
20452178
89598213
78696224
83840886
11399080
19256318
15968663
88652956
98315852
10431814
50431841
44751046
90177224
22227884
69381444
82806261
28297765
76665563
31573787
78932263
9468207
14428974
79043602
19400435
32087655
69753556
92944820
29967534
14522959
70909973
69725838
82207595
31894212
92952487
87003537
19766474
72354329
53332735
96512436
59832421
95606327
6403452
77501342
92674951
63785970
93099366
13842974
43770596
22095670
44736121
53383923
63197176
95080783
12841950
13102321
91533150
31964091
38641868
32069121
60434114
20929968
25429150
55557593
57860524
34251811
15757756
32181903
8812479
50887913
93481127
49588439
85623879
34565700
26582509
37933256
78848510
1763742
66466134
58358519
89199929
97183979
65205427
9136420
75631873
17358394
11787511
40785324
29207247
85898000
26960569
44721381
15623022
66268164
87226995
66905728
66571135
10268927
51731095
47505101
38749961
8290914
60873694
33777253
52255778
48831179
37444655
78409957
73706594
40545680
69702978
54098301
44822640
21080847
81641088
48423723
71155348
96683594
9373601
15294293
556442
38641747
56178400
27810036
95708687
71307846
65860564
52810078
10889095
32000358
66543876
42668371
57501767
12443452
8386771
88938762
81777168
96919603
60708053
92893655
21853303
10382646
14272460
61684298
61761936
58920279
37896344
44875630
74672446
60561644
21749053
83893561
91462313
10597846
22490383
20004175
61525957
94989347
70959035
91513654
7473634
63363145
85073820
73775055
94348020
87062841
50991475
7001523
18555265
10071108
24004638
20650707
85535846
74033385
66473360
77475880
50596997
15261406
53304885
53397952
87978538
56926214
11731552
71655514
99665495
18818503
63883197
56850185
31101120
84137602
11923278
98992446
70632466
41979877
75383258
14491413
14121447
86270910
3473418
42834891
77025388
64196319
64995107
50350645
58107196
69229190
69011653
39094039
88736581
84158021
24770751
14014574
71637697
71265530
6035630
97545137
98782488
6638685
55133877
96427002
46350305
38198950
10183086
97412610
57458
87224968
84606284
9273008
58736844
22927899
52542317
61103841
13170331
97055482
82699269
20029703
9668575
55395919
70961086
57293075
14618015
2688951
63402998
48950550
25570491
28833053
51060033
29102460
48259200
37486841
91552929
95957077
26063644
56797697
65853309
84708774
59108135
28410452
6085828
40822852
32871223
68278421
74005142
65759635
78349167
18980969
39110234
92149130
94668452
29542470
41702315
56444828
21451866
25463239
7711687
38210724
75781003
74728529
77137405
19965619
91147959
20080503
50364862
82186959
14328763
40044888
27003693
91682271
12433148
37595286
42780644
29670014
72391857
36659432
74418242
55034486
80764145
84476776
74455388
86731553
31559684
32220427
79950092
38739610
13800230
80382291
94744611
8874115
96246030
59925293
69185439
78692123
31127738
61708411
81399379
48967769
9619793
58881663
45767801
33930083
14330191
18549542
46486027
60218937
6069537
70819585
56308091
97437293
71689477
59998118
78893584
53375960
98593688
97019648
33329036
55194311
79827596
71830522
6909852
66907003
87226924
83041609
27734078
2823862
80496018
54352519
654202
74918101
38047665
15545132
34044922
98716539
30707361
59499318
83998273
19035490
34246198
87496122
40742313
17666971
79368945
24267873
41043602
50168518
63088880
14636086
88461755
48122730
46446806
98977040
81372784
85305990
13618892
73471555
90330805
9319870
15196631
80323050
47284441
11447933
2714369
34580800
39729831
39574175
67981767
60723815
40259695
55736427
81965170
47277635
36388959
74087935
74659220
8990279
84902310
24937096
1904338
74777574
33327555
64892972
73902477
40440549
49239731
67520417
42251212
59647829
39293304
94489481
79574449
15333164
14989951
76526590
51158584
49455406
8223086
80772872
78751557
23713203
66907416
92284347
52492120
26258060
60934389
92538716
73045113
86305559
62212949
27997282
32493267
31415485
37809702
25487696
54904957
4392104
37744368
82418218
83337606
96506258
73450214
41033082
31631647
79255341
25577383
84369594
2483409
57035459
2592633
22565718
4132819
87130133
35841812
89891682
3936678
75508902
70326211
326665
97412271
9373487
77638189
66594492
58560653
97677418
51589883
35394184
73706214
56941029
63809348
45851162
78796763
28779874
21461777
66687294
46599525
35945421
98706775
73730359
52769742
67738222
88653399
58737664
56160993
4378223
35295524
14450571
60836609
19798594
96417034
9713051
29295410
41561170
53939046
93369666
76059963
7763143
7012624
82836140
43735863
57804441
72799642
16754830
55424656
61977327
35545446
90695972
864698
91009114
67772453
56478685
6195737
14688260
24647413
21314510
31130248
61324122
20274525
64095973
26228624
85528195
86206876
25318713
74351066
9542009
38990451
95792734
92802626
10509265
66690339
36520343
88600661
30146513
7546823
57792760
96507086
33563554
35015210
19043835
65546385
61594205
41905453
64891869
77134802
53188276
44228125
98774724
70670455
89465144
88893754
41796598
13793882
75010092
1673063
66254415
38030294
8903473
88725660
69293058
32109983
999364
22679451
77991111
70711120
62626088
81883199
7584176
17035350
47418771
21640546
84864667
92215559
10618444
33265768
13189666
13521117
84336523
86097799
85953426
33562098
22961028
56818783
40685622
37584057
95575521
16272463
26947594
4034692
95493610
36311089
81185118
87722457
76252216
31266400
36464396
38358382
67404408
37036002
52587319
19811571
58092878
60790319
48938341
19398104
52286080
93526953
60274480
41987974
67863160
81956535
36599727
13810101
97963084
55422244
57792981
49739920
67276373
54333562
15115325
74709616
83676497
87043889
50739818
98317723
85651951
68200237
87520488
12613274
93698434
81699050
18308607
89707740
17961233
95680051
16537810
58284448
19528065
1723643
29600146
8484459
81839730
12685701
765638
7383062
23318478
75048244
33463618
39457557
7622156
87050132
66222684
77330683
4165090
32038201
11020681
33289182
53297046
89040014
4729731
13983447
87178131
11287633
15307575
75926605
82481490
29777005
13324716
68085791
40921819
48684934
4245134
45965753
10731245
47698227
20801190
24219638
48396017
76944348
73634961
38975071
19744243
38590226
67485910
91243590
50529678
9307071
9838760
32979794
87504518
65258412
32055145
11001431
9250279
19497353
9455105
43147844
36663592
22135692
74655764
37071259
24710330
73111532
53417354
89841697
54984216
1377415
45277866
34092120
64701720
64110775
39687748
98994188
98270416
91743827
94502920
14897865
56392989
60223888
68135513
71633224
73531676
50450868
88239162
38617089
98781817
924518
43676212
4601653
88103462
86918726
41114662
81273859
96198763
87021836
43391323
68941360
76355649
69668034
71278258
52796619
3170310
14965493
86733988
42745837
23184713
44045709
81198837
74142844
60396737
48600242
34223857
83706375
83851946
21822726
46738954
4940633
35465753
40415475
56783373
41424048
24268213
13935953
80304184
39533807
24626451
34427458
76843310
44905114
34570010
7904701
41235319
39627403
8644476
93282914
19913025
98912860
69988590
63624443
36295376
33992211
3068844
27537768
60167789
50624198
39633128
47859593
15679415
17495890
73114256
72566684
76703397
95506754
75122260
58989503
10619069
14724079
91996799
71647276
22941064
21362042
59107314
80493409
47465781
99764458
1295123
50233896
45834997
6423127
71722857
4909830
60044876
36788337
50358857
20697979
54101280
73340947
46302835
23682382
27979845
34471057
60105165
24720447
20125831
57809882
28781481
88623250
83428591
37289683
53727765
81618033
75589916
52791438
81361569
95571270
10992005
5463111
12014063
50571728
54686654
42870740
72823694
160233
10953181
23875261
55613264
2839146
11694869
8842185
34905813
8590193
5448155
77711023
82098175
85100781
71143926
16411624
76684274
36756337
41274617
64236762
98437982
34220963
55095822
56105481
88126634
80526868
34755023
84499650
75491200
6188212
72246357
31853755
42530630
50840714
59912651
11174508
7160267
54582033
84129592
30141936
88811237
63304160
78579736
362989
7955039
46517741
11597364
2065785
70283672
37420867
10169763
92190655
22525717
56053115
78559892
29449741
22296059
88575377
6346429
67564148
81603692
25420975
67189085
91296197
15736665
36371135
74483717
52038253
38538660
9117499
6866636
28984722
43221151
22751022
41786142
77183827
61732020
97655407
55153506
80956854
65882151
57053083
440531
22106829
34198006
21841610
90605216
51264052
41657916
51735860
68818868
39285043
90983568
48728381
30977852
34453939
68546673
59539038
41769424
98809744
24831730
75179704
72842595
54994771
26711967
82805678
91867066
99190685
93431737
38195483
28674158
89112315
12327891
47850120
18634029
15712820
43720019
48461734
4250097
29172141
87406212
11019056
5041862
61409880
57657240
59944739
4390960
64701955
12903070
10609297
2722720
11843919
97055099
15558361
95912828
52874638
63179010
71192094
70427491
19443253
52381539
97289949
46478393
12922764
53032280
41681207
36968870
59497968
46935054
19790281
93748852
10741545
61853866
60474593
88638892
54739556
21471669
86724191
80463953
12356774
57433189
84311545
62069453
50014258
16703553
20305131
93309744
35553375
40761789
40713404
87961863
41038277
95916380
16471294
8589909
9792996
20534565
59644830
99753838
7259440
25895706
53050797
2236709
65431390
18505609
82958703
14727402
40141999
12595323
9944058
90701781
59019628
60447856
1814772
86135007
59704168
75826570
33712673
94021527
58388063
28284031
66046712
36054449
51943996
94434825
68845216
32440535
58792917
89138835
88030007
37303353
59323524
21403764
66164502
23676416
96566129
43496199
24346190
85299770
58111320
73694720
93789890
59456837
5504738
59001485
46925823
61955082
69427883
4975187
47860462
5298379
79772668
3559852
68411814
90966399
92083380
32611357
53376731
91325487
8013214
92061682
84859840
32476074
75983941
7669990
86357991
88911308
56454323
8538691
52621721
43763683
59837841
60252918
9391795
17464961
85680349
7314854
9683507
70493456
26018179
40840326
45379360
79769054
21256996
32860913
79848397
7400500
34374544
82037851
86857323
1522236
3362471
13478457
99685132
15363
55341642
57544126
25218530
15649096
55723071
69941766
9093390
2706648
39914466
79120235
67670565
48480582
34417263
88020775
82337766
28651295
99792372
60176219
58243994
12682717
27634720
69093530
92415653
81991410
11392070
30478847
23736294
30490233
32267221
76968110
65489381
81326385
21667858
78337036
40326013
46466717
36073017
77759762
9125648
67866851
96531612
87531145
40402377
4536014
3816306
22682291
89515527
52716153
39477205
886797
73377341
58993139
75597871
11912883
89971957
20466646
13313796
10865715
74107236
18449812
13670299
28170949
30598306
44030619
88358199
96668508
2766988
65801404
7704137
48175362
1299343
63579161
43306407
85822984
71928589
63314091
98856998
79320798
98436297
90028770
16918981
23997740
56232837
75033569
91630482
44508807
54491789
63511572
37993947
8023420
42540880
33542654
16942083
24147578
41165250
45005587
99526341
26766392
71980803
76852279
22680227
64998372
24118876
45838465
37316438
47897245
2708374
17653783
38949273
61393335
76640351
6240909
90580350
77251936
51659059
68795428
10335495
5243292
73285046
60635528
77369725
16985839
77883880
5318440
59322837
45589694
57005172
32860615
29953402
39855084
47736655
91834022
91110283
71888940
91100634
77586807
37034669
62587809
51384667
23214500
92526711
33689949
73299598
39005581
38160368
86074112
45838746
25983446
53023071
44466852
96168919
43776967
51332432
91240988
44663669
8952387
32862787
5339188
80681113
53994135
91475561
91026294
31415805
41033001
16577225
19824860
20119421
89312035
68694465
43639908
46124428
38478354
64985754
52132940
12631025
11931574
65459873
9557039
51961447
68815383
90190236
23330502
92006280
36234310
33672123
13064423
52386747
16561674
41307557
19250618
91057124
40329835
16456107
41545994
98863676
42083467
63312953
16625222
51115845
69344109
29897628
93492283
12801201
34939491
45515995
89183466
30968148
11034517
47498080
47458630
65272061
53995162
54271955
64746967
18325158
47005638
97362337
55304089
82589617
82530212
80620366
6824424
96025041
69278058
17465234
57678499
10657590
82377770
24948238
91550626
51633390
98270237
34642534
39228961
44662004
6465020
24545341
32622761
15219231
30938749
65148430
72840936
62974098
68844918
9258145
30500452
1669744
48888453
97404903
93617823
19238893
48080535
67709717
58264242
25438026
36403118
76972579
25474992
64828109
20198986
65690557
49741999
63835069
26468904
3424658
4343274
89063019
82278629
7537582
39301797
23431268
58806311
99961686
27214084
58040807
91231434
76961486
39181374
7753672
95639570
13548243
79181238
76985886
353622
88506639
31527685
19392766
31820596
41481947
12906557
70046099
89436675
5548311
93246298
27824465
49696602
56668559
39714872
48374744
29983706
61647661
88160460
67355077
4058786
55692652
71330451
75050686
72285853
61535085
3993596
56239285
73649992
142586
28299788
73239888
32346952
60407800
8147661
97960996
28001584
48232303
46104024
40518166
13824187
22027998
92524386
13032508
48489441
24642947
63070787
82825760
10710414
66356734
7706009
90239099
30870522
51658612
42690233
18094937
59813142
36695819
7568392
30275350
81079292
29319136
97144934
58458106
74054148
67048073
65451260
59338063
52603095
12589430
78159413
32565806
83347369
87863077
79274568
10624500
95861008
7128902
28357277
38530088
79582229
77911339
88787480
46917154
49520052
18808096
92584697
91171867
92684086
12275746
44214
37153398
26162292
51844568
14733905
93964820
84503306
42744007
6473846
6762011
14718609
83297057
82706463
9839458
98411299
85438777
42939657
61345481
46302617
43686931
99078310
5115075
5109082
47475843
97528006
40809403
86059609
49353347
74335490
84773700
75862991
39003579
34527582
71408584
62918381
49459149
83395527
87393833
20372241
73970581
24583956
72345005
81256545
62029812
63097340
32030658
61528504
49336790
1102266
34725875
47674412
48303825
85036933
71751819
81341918
71431982
26683656
24786098
52480014
3316854
72394412
5681410
74605074
94217200
10807016
64302831
10478455
68841413
60244820
14423667
10684585
54561212
51733077
65425787
29677341
21602293
7947411
84284647
19980396
95426954
10017220
38021290
54890957
28762405
25967243
23240093
9745226
2505267
95175648
5975372
24970168
53916242
23321762
24394245
1431083
16485343
35939882
37451945
19803712
67577560
21799254
53146922
24126649
64226864
65339623
46008075
22992784
15087464
67523099
51950645
35000217
13891449
7580684
63727761
98474821
21438682
35178237
36051444
97837494
91450213
36879582
17213848
65236028
19251634
74757343
64794285
68558613
80369710
36594865
10736566
55884396
24805075
49779602
29794073
11744597
86128120
4113040
69645578
38808164
32920458
7225257
21910288
43156976
91667005
71962508
29245199
77180080
84377300
78030858
71550095
49759843
76755598
49116421
86267884
46052014
8249946
12596064
46724051
24480103
38383525
30013104
85732171
84546195
85402700
79187838
15533743
98206473
51718002
48131566
99784912
48555862
82020913
7497330
41476355
66829506
114707
11846901
57879695
83689812
4310631
23575166
21377989
33373241
36548172
97219032
64877329
80317705
36572082
99434135
46920649
84238066
13198261
83189974
13151730
38342084
57595613
17408422
88302937
76697710
66402762
90307682
35974792
17459723
43538957
78769201
77994445
99124603
756088
61695710
95870793
241026
10916269
82775204
96871495
71994975
54024105
95469433
55502255
9445002
22143580
60186242
46555845
54956568
85370831
98401220
38721062
49338168
78818223
25071362
49698407
74232173
40518789
98821390
44312474
13405864
40060374
25906607
63195934
85918662
87932947
45580890
48400921
96349132
11730562
77094907
50107461
48513081
18627950
98062723
10155928
77388085
24320702
59751824
43970215
15051354
32917637
44126117
57610179
11457271
24575789
34026117
94486568
96694736
57730878
52592598
22791385
59625446
94118405
53267901
93225354
72610297
90022494
25255534
10943405
2730088
758522
99349917
68034396
68934594
6606856
64087063
94957311
96920711
81189673
10952170
92662876
46298007
58754834
94384031
84309297
33893092
83457961
42661204
37237246
70110612
29991420
19709137
79036839
93336555
76175860
51078165
11648813
22291423
27180011
87877770
20051349
19853577
26018714
29093313
66839744
67312551
10173656
28262412
86293756
53580033
66310872
71708220
32034107
11377411
34390615
29127037
92102252
47190250
33471915
61027763
34468071
92101386
20090393
89307960
48575402
55719682
52618722
25016287
38098788
79574083
97037865
75630878
6771553
38851339
79827345
43893708
86227892
862553
80858244
51236759
86541591
41852248
33379483
88326170
3891824
54609069
92914422
75154379
21966728
53515594
5267531
30167335
58978686
45578992
50971767
22718844
53802264
76299707
23938355
27413368
33856827
6789863
30420903
42888455
57687675
97370021
67592860
20076892
52145297
18090224
74038673
67410966
34067768
49568114
30032960
98250828
74615873
51779586
38292927
48090615
37888456
28985768
16816053
66941827
68673107
91984674
43909409
51120341
87992031
6440249
60289126
59975377
96802284
54204864
88379937
86128768
50423224
53400092
32459775
1896798
13800543
58927180
78208676
75659786
37799629
18665532
45854444
770668
72125710
48446149
21449022
49818251
44624518
4215948
3546902
81167059
27817688
7429485
39375930
56392709
4698030
39239409
75228688
7389403
51800824
50666132
60579374
98265376
71669199
88643896
56277525
20272550
36362077
6159223
32017363
81802303
51710155
15151467
46870885
2909579
57779163
1313655
17552429
930575
35075611
36969230
67899194
85066776
79272169
13429170
46708839
44004523
19754881
86950322
60600686
10484525
13951353
29670389
82346622
32946167
81153652
37513793
69015659
75521914
81562352
58382204
30669923
13810667
54414325
11932834
90405501
36257482
65020024
21051795
56167740
81215516
52185288
35296179
263940
55708421
90250650
48084190
37026110
43924118
58848954
1318149
48100479
48209710
25211885
30197244
15449464
26638583
53846156
99449523
20159510
43593690
77544057
10834978
41160284
84678804
45108846
53090742
45096550
1372098
43262752
54062835
41198709
708815
69534707
20068644
40407123
54379503
83109773
10243667
57704771
94702565
13866506
75641896
99665274
99639336
65688031
18966146
53972503
45474829
50087424
23470791
90478309
55822633
85076761
78368799
50251808
3870682
34802965
23618016
92601733
9702046
36811983
95350227
62195666
81101483
86028962
12061170
62917677
38778233
32415495
57068310
78910123
67695524
54708045
33517083
62022531
41831126
15201706
68021115
96742398
43043638
88117554
95833473
69915816
10086608
92096874
54632301
24142225
48265501
24813490
38128290
4310352
49450952
82880063
97989944
36354013
3011592
49706974
9688969
25911878
50743930
10823964
50435184
45818664
96542868
9567875
55090999
76287356
57563238
13525229
27725345
78462842
78594608
68400944
29608708
38193261
85583017
69017625
8656606
97576435
59536867
35467391
27122425
59791631
36150302
27179838
40141035
70941368
53420581
49326685
82283738
86557175
59604132
51323138
76943353
8886652
90306330
6490660
79152323
94744425
87069653
15587103
21298090
82446304
30421899
52715055
85641149
65609157
56236976
29677428
24308695
66997578
56572409
40105865
45913332
51409154
31906571
41433717
26324401
54042959
80179740
40448044
95109998
91541244
3880078
72464542
60804687
5888673
72878778
1916316
68611697
61372346
42446452
96710438
51534343
95481703
33749518
61359429
10907808
7660047
42992165
94909509
87234228
15830001
91219706
2520157
57060932
86888060
42469842
28084768
99310991
26947933
72843188
70271570
99342129
18733906
63184750
65473640
16505687
52634211
95038552
50454877
30388536
38750914
51019639
41218772
30746823
50018707
70558542
6516807
21575462
7409811
86567298
27800520
69300530
58296059
65791211
15733156
71963396
24079003
14448503
62010005
27646026
67706299
71957279
30015698
18705901
71273103
18966507
93013674
34892809
28869162
97487592
59432669
14822399
51570381
61820241
96329581
57734616
69117327
64666439
74797561
26456963
41932820
53564160
7028892
45904958
13273852
12935402
89777410
89778598
21242547
98053955
83358757
15703986
62294514
75169238
33595849
1315986
17391235
47844372
22559399
12448248
98364505
8680343
89479350
9807163
5989232
72802409
78133475
95252913
78270726
99235931
81506851
38187192
87928332
23987346
32919575
17824264
83424947
54678860
38671724
39955699
52773066
68624663
38808861
8517674
74632969
741658
39830321
61943329
23973506
7847682
67264
49775891
45011199
68264009
93968497
23745142
27248195
67615044
5582843
18490826
51385637
77758236
41917252
73620585
23184083
8015560
14747844
78388202
19076043
34651508
60221683
58379586
39501365
2061755
2108065
79302539
64801267
8311305
503011
54685757
30213387
29808290
23553582
82937201
95732934
84829612
47563334
23086551
2616855
73491926
95928468
94166683
88605457
96967710
47298413
62855680
15460247
99384613
6378518
20297884
70546541
6196605
81633123
92850902
29894567
40031698
35702770
41685640
47819146
92465266
45970777
9528102
82891217
71350303
77029975
9286035
89477677
77053564
96802807
33056900
96955629
45030311
19949574
14811943
14116723
3179917
79218750
17191511
16366814
6255655
25234308
9806389
33639068
27626862
95295182
48144317
94676255
41163669
93244691
65769873
76453967
30433738
31061492
10149942
26651150
47595641
45627983
48105428
91106239
21802530
70399389
32215922
13245880
42677926
69094940
79187196
21199625
43618818
998705
12111652
7386926
86089960
67374532
67451523
14678311
28161620
66877389
43814951
13427177
48867979
33413615
93498534
38495678
19985379
54437586
20165779
38799466
79653882
5972850
36710439
79711309
12200446
31546844
73054295
23238694
4150393
75558849
5148627
42023044
36687569
29241853
5737661
1491720
94102186
88141220
84717423
84639119
80217164
89047655
1540359
4563513
75124087
37414746
18378482
86258656
38125902
17834168
33027542
35476122
21315868
7048996
38795781
54526170
33740252
86516436
13253659
73498612
39825468
99267943
6935184
60262942
47889694
87168232
59354256
53789932
82385958
13785044
16563047
83188068
31653934
18505648
36036212
74271579
93532701
13113803
45682830
23119493
7324457
44367425
38380569
55387069
64362026
58674729
59836900
51721688
97516323
79354292
89855594
60932166
94170433
58117123
18025622
48567500
44296487
40985761
73953705
92780038
72644202
29600053
51020122
93500080
8456950
64889256
32490017
45807816
55426165
72403039
2050099
66969364
51017341
68712658
55983811
96267706
85071028
92928839
11495092
66154375
41825453
96850536
53734881
24787282
11301843
55490107
18465814
17691410
50837051
25558385
98096442
96433785
98234400
83239307
93846989
60092883
48301256
5274449
9525933
68436604
51958322
22315830
14224547
40239695
53605859
33688032
44450578
77934403
26555592
52366627
20188231
32804307
66236712
43553764
60090428
18523542
52495193
59372000
71593432
47053788
156952
60562401
21657669
41391457
42673238
29230221
99304855
42545939
1705614
36992446
29900992
29631278
28818863
58511960
22764930
62616766
89662349
30567483
2132882
29210680
94497726
56929782
21382259
96847688
46476771
33188419
49071428
27366055
54025530
81800311
16036224
43053647
54604827
65528918
23058431
17140079
70777080
65003878
3686726
19127370
42456300
62303000
64293427
61282309
9284759
49461654
43521151
22175454
15336675
41031311
10327900
64490830
8086478
85146556
10606761
82795452
45909694
87885588
27776797
663295
59860786
82586075
29576905
28480814
70172585
16593692
68438537
9677527
94623329
31359696
39360575
18684081
51719446
4797059
51378182
7321569
62055199
82152908
45617338
26478014
12442560
79602775
48151370
57899139
94253373
39928274
35627210
34534849
36746192
16388519
67178113
51579019
44030720
67599055
87773825
58442484
84543564
26275220
10662803
65425083
84497422
24161453
47915676
82607291
65361523
82300954
93538505
67096271
74300038
27303766
56334739
76569887
34208943
46149663
96024126
82937980
93839272
92368163
8064212
20534354
93802736
77844288
79797394
72935369
53599389
20825579
88080503
76833032
98744220
82050524
64568111
5871636
30633222
97293
10536706
54451527
77698959
70063833
8293589
36818257
1753981
47850019
25933384
92874170
38103101
10875539
66697979
17274402
99395675
5222320
33025645
21677760
46247230
25008604
92317869
62380684
51796550
72756096
10437926
62837434
74414472
16619686
11171132
44445559
90131610
38695524
1078163
32808575
44263002
17188171
80760739
18644280
79919362
70283171
13382394
27967192
42435313
20437653
80080879
50240391
7826118
15151515
66745576
622612
7221351
26312334
47253490
13643868
79488842
15009677
93363093
79744738
83514934
90415910
53008385
54680368
72055127
2864414
26690027
98540821
6720733
77245006
87690921
60418945
51274612
71146719
19212673
76515929
28530028
82037197
62422140
51780634
80333927
30527149
52289475
41330205
55139185
41377461
68778864
16099660
14094914
37707287
64874670
88597271
24461964
43663453
47773691
62480249
95177074
36734687
25753515
4319236
29813996
52857562
98591947
77512856
822600
67005470
91616778
49186213
78737413
56109436
8665360
11084360
64166073
71994024
23285843
89842503
8934202
36933619
82885561
63041497
70932444
79799725
49307621
86908037
74335788
62247444
74372544
46847995
29709352
73462880
68121901
96911556
23128525
16197927
7097176
35494442
31077686
18529055
94416002
65731027
54965109
5803147
40787095
59853420
95992569
69571197
60889532
50170265
76939533
86116322
938295
98997786
77682521
59836482
75995851
99963719
6040869
32020212
22305820
23540124
84429829
31194795
389440
72260407
65701170
681828
39525714
55466296
17524955
19593378
512270
73998036
93135749
65666708
9481635
72492624
20604091
77024203
83105569
24610697
40284767
48986741
82429256
47817998
73531293
93480894
52105420
7597118
12118637
74468465
61167059
8402283
81436391
58035778
99836645
33070713
68179391
82611438
27714734
56845402
21863939
966470
20838845
76005236
60884383
54919480
28923554
84251879
35349244
29228022
47965681
24866677
60364711
35602149
85354394
62128357
42209338
96126686
3734293
94538828
30941904
7560120
52839312
90456431
75408114
11199900
28996919
69012878
56598649
69369140
45154164
40281655
5085503
91437064
92735445
92745562
57269936
33531655
46555816
27540442
96085141
17040754
76393095
74704604
31848268
45559036
97344910
13389726
10625995
88837540
72858232
69022453
41070545
80548205
79995104
37354888
28589867
41333290
728857
31066451
29310951
88572638
48780828
43161140
84666818
78176218
65724593
73117636
22321236
98447415
71688823
40384711
2714586
55706829
67613267
15705072
76269615
14871971
25674054
84912032
3004261
64401992
48880190
88373290
60907121
76930116
35843416
66475352
70739633
19172074
33349166
29865717
80749097
99955985
47941166
28897400
92073879
48908161
62104485
37843762
95037551
5133998
69824195
32994993
48089971
52776445
94540041
86528504
68771158
89476583
55797373
36033833
77659442
59649417
72162411
84885899
17999322
78369495
95237451
66914871
87816805
63724175
23498145
15329592
67280781
14661946
19877277
44955346
51178664
59977577
90842516
25205738
45350913
53143916
92443928
39464683
25899491
49809575
74487996
64849563
5566040
62823199
39319104
37379910
14723037
94224809
22823277
74695559
38473079
13554451
29408829
81220681
93491179
44465317
49506291
41603460
23328309
6757497
65371867
48218719
37003956
38003763
66276552
30140210
21370789
85316765
12929868
93662818
45645464
46039948
39024970
43425812
78658197
64925097
43753171
62539693
75950195
48510105
21622649
2002704
5508398
27117405
32305363
40628193
23976078
48193486
18074474
29272083
91256927
67656195
79101576
54751510
8794846
68303191
47145447
55393154
33743725
88090703
67551787
5578757
32366510
52353615
27100619
48458442
74816419
35834904
9041150
58342783
29440573
65085160
13486845
43142883
90239354
29599255
65220584
75502261
2574274
71291770
15540716
89755831
9175622
88176532
73170313
30123167
25628954
4727004
67008403
82298166
48521238
71103313
3895394
47578861
34093108
11300192
25238779
34188022
92295775
17778232
18245113
35460183
24949936
73047906
62621653
96182776
48227364
97766955
66947529
39717868
59251864
39942857
78347650
72815790
92918213
60581142
36783294
1228195
18323253
21844195
96749278
7310726
54916794
2737732
51474775
83069413
27732397
88269579
21255386
85537301
76582494
25806372
15986521
84760138
26007460
13122262
97324683
91236806
25413593
80806098
71945216
9935276
38239066
84603427
64921018
39152936
96174399
64391171
58994594
51345158
91172407
29881070
1359949
99035
44364855
24508694
37959967
10482635
28878172
56331137
22522667
70001299
49457469
28653468
13486304
82812846
7405285
99780448
65728040
13966016
47718629
46873740
86036509
83016239
14987391
25397612
68641048
56032033
36632932
64996147
80610845
82821648
12674544
5145618
17246424
69252987
66868978
48345583
8523907
70883298
17424989
98509099
98531631
34264342
70975829
66079441
21323185
11669687
82904207
95456735
97041553
30488379
85742678
36415852
70920145
26570438
57610368
65750184
74767138
91661581
38600182
84262338
60860733
59662883
35329018
51871638
62531753
53666673
40097765
9604410
15580788
34508013
61673780
6497919
69474532
74491728
89887543
41591287
7276144
63688133
57252385
70341794
59154240
82949119
99072923
81759017
39804021
24553011
82095329
26686855
2335831
4047361
19001552
11828686
38021977
3128242
81578899
17701978
81185311
49546430
22742549
96087252
67821808
3116239
81260265
2352730
70453097
7583157
97079358
40365472
30642772
49809408
90934588
81257041
64691894
90400622
78701872
44795392
70172602
58083648
75487167
77861631
43299620
34230879
74962913
8484763
43734190
3547208
25042855
24204197
38649113
3630224
10294319
90424793
61936057
9897124
72799512
64538863
96760072
4900797
75386324
9505805
23302801
3906721
62636631
30936115
12432009
7255800
35849483
6519160
62965436
42689931
93922566
14790666
27529370
53037740
68963999
27772586
61474026
48407801
36951414
65003772
65222929
19298134
47608638
65326921
55274390
96717811
50777625
93811772
20926724
6541607
61176832
62791471
96374419
57844695
69146310
53863781
83152668
11194846
99148920
5506838
23877416
57085902
77506543
23710025
75648349
63500520
98861418
83495639
88394082
1782220
30970287
51820262
72389520
385030
2033858
23771082
32354959
16311116
46901916
92967196
59915893
64989856
15553175
81205828
8660154
76572607
56046499
39036033
55941334
93090061
55482530
1995730
93291589
85107042
52362088
46468206
13582936
92608494
50959271
852106
24451073
95136039
58308952
70448501
49294106
5418198
79645047
74108587
74993651
26917631
67666966
83216798
82965832
58101338
98931678
47296054
16374239
60779728
8437606
1412284
76400045
81864721
83466179
75482790
30800415
71148505
13589083
46952333
55734378
77079798
84701299
85153198
50189595
98875795
50891821
32662871
60832491
84187129
26002754
60155894
26204331
4986526
81643087
43292817
21484448
4217946
45085558
69203127
94715341
43364412
68957224
78983163
62988230
95540190
30932167
84410355
81473948
88547012
75870153
40748481
62665928
69426000
45964037
67596908
79831350
58431545
40794452
26746254
30720697
89024230
89454999
18957745
66893372
57135619
34603705
42315828
24127239
81129406
93996241
90797761
9347330
54924332
18674079
98721542
91863867
262221
78838642
79734800
50801721
74489036
17749039
28983890
38273550
92436032
76084896
94818672
86381262
94413596
19250066
89343402
21622302
17741368
45452570
42605457
755049
45610573
81930392
48783815
75320322
68068644
97736430
29308411
49608512
38878210
71228458
68519741
13210524
98704126
82333151
66701766
24019700
70479252
26084770
8043040
39859770
21120150
71225720
10486200
393766
17364129
75455108
85152232
98537301
34257921
79966186
75367856
72205093
41787629
61787395
48149962
68226745
21827012
80506199
75264223
75594806
13066810
4074349
99830383
65767465
67682011
81354117
78473631
33348137
96045882
15992768
46423736
19444043
63556765
67995270
53847757
37119113
30160459
41209400
77584930
41389311
3518423
94154119
26001551
88188926
12412903
96438197
72765558
42389598
54394617
46021266
4334803
63095740
31549312
5859405
51087777
54130336
90168247
58744027
84097050
89658356
36115791
41590099
27494562
71994896
56545456
48837686
1143874
73954839
94533141
25932859
48347239
45532920
40738544
41095235
18432790
82733369
15060860
63573885
56625364
33982866
16532683
77879980
52152372
88276431
35985280
10238852
73190820
3057418
53434090
97489534
83230330
12217822
1860006
31330675
47510708
96630913
84783515
33505453
50393423
29632269
84827972
26563395
53810738
5607294
44285776
51412855
56960990
97370444
19647410
98785051
29054372
35797083
46667878
58874305
24575618
90496313
88599540
11219542
14559930
99889635
66402483
18130114
32735721
2268274
4083443
94439591
82211960
26349248
18402570
40260044
36951017
9487519
87691809
25134009
58407674
88810685
91755360
34596114
47935555
97065430
85154434
54054545
47542992
93351468
53532873
43103965
969705
6357521
84957689
41569543
41151923
61427710
28580268
73086483
27953302
79419468
37604081
92981846
57387341
43608434
82901036
47091286
12583948
18640813
43599067
13107072
83339190
14044281
90558653
42748746
86151588
14452757
48932920
87827873
62227200
75061982
65634689
16018784
9221797
59801609
55398261
2470093
45989230
29429727
4747272
92196147
42909434
67768819
7918365
85088295
16689996
68177567
48393125
49147550
44624623
18879997
15855593
20026007
7735835
43766058
64144540
92155460
17317702
39789151
79111308
98836788
42639008
71936405
98111177
2549283
79719191
80046110
4033541
16269259
51015710
28506963
77542026
35485077
25619316
88191422
42227879
28387677
49349243
78396729
24324142
39798867
74960076
35548155
21680133
24665607
28622393
8779660
43990901
76504843
95269409
99949713
17994396
90911296
82037626
94265209
56463426
62454578
55046946
65587354
88410720
50535680
66659072
74271543
75185483
32184845
92957535
44316311
95856950
17369548
37102738
63480379
69537973
75574385
23980991
73203079
27987095
61056197
70659086
90843896
90717860
13476017
77424668
31519881
90119303
66858245
96761725
73821337
42504698
12658385
87117332
85227581
63281926
93064557
76876367
86313552
30356929
76555878
92148988
76013335
47096851
29682016
39582145
58578001
87630916
75689577
90992150
67905696
13893303
24385283
35215010
92631715
66660046
17798780
34586751
5781243
63114566
30551002
93414473
61318876
78867636
62484821
68077788
65650749
67082936
96904851
17367678
90477434
31764848
8865012
15985349
34514978
23590459
4437713
11025220
82477708
93500983
73662992
15606302
15731306
79175706
48349571
45435898
34351051
81041997
78489235
24570094
3813818
21517541
58160250
75883750
36926539
45619517
68660556
72041170
74725840
98047771
43311454
54893165
1836529
19575565
11227635
71385783
96403605
27277303
99315267
51345967
36983840
55180775
94690236
74368317
47189281
15971671
3438805
92444650
46557991
85870561
81996467
24212476
23043811
75948960
12448294
16210217
25852788
8709936
19150168
5432422
3762815
79334333
87762683
63974740
54846164
11999505
3133767
58256893
41902349
88150487
82932196
47133972
11206098
80454124
92307894
21823048
636524
43292365
66869373
33818761
30765428
9348007
9287401
25737408
75536607
67833620
65135988
14563995
36084001
65154141
89343383
90031708
20833303
3073907
70189597
34724334
72248560
9579097
71970382
48326112
36579374
87549605
82226234
5834134
5213557
78300450
843528
86015945
28007332
76149487
17484515
88424816
86353532
11756824
48627620
29114162
85497719
12486100
65697800
91559560
47674470
80982884
45503542
93085542
45613469
60931531
93333425
51582846
3135217
38771485
91238822
2660633
2138761
66098690
39130428
11441336
41631180
19855229
92238161
83035227
39888046
89198365
80000362
51199342
54435749
8062396
14135931
31137501
51366701
29599286
31878281
47393916
39448064
42630211
84136587
22543938
57148643
16476329
34081803
50284647
79888956
18925586
49169478
57360578
31997437
27382442
27583557
5182115
24380153
16800639
77451327
51130979
37747136
37261038
79672483
28816658
68222228
75280009
18967716
32873789
81562713
7448390
82586725
1181666
81838580
71043045
23654545
46618987
73329711
5645458
65438684
16153816
57132006
15255659
12548737
71217730
18005859
66974577
38662821
72071231
30418775
42878466
26275515
83951410
42305560
61603311
14071808
21846756
49188906
14821613
86782662
51256708
44007504
65018859
30651671
40869553
45409718
31354596
29407124
63008749
39862154
67913585
83579312
41937604
10002421
28643261
23182906
42891293
81284298
11871284
37649914
42249598
7123789
9676031
64868834
92788308
85326920
70533358
38996862
13938170
44081467
37115344
6526709
99331375
35597694
73893704
53846160
74052269
3944341
76697217
46337604
29367716
47347684
65852211
87872895
98639684
66093414
73768449
34341026
93857905
96676552
91043466
69446458
72188969
44469960
58633926
30222993
96335581
41709787
9427295
27695456
91628871
36282749
12223126
26844581
23110056
97901413
55144475
65943872
57792492
11817018
39462497
35157924
84553373
89540746
4467670
61362135
4918968
90033667
68090081
20551926
10467139
16807389
80128412
20974164
22521812
19464453
7751290
99040131
54218198
1165958
29817733
11843688
2516269
75143606
50076897
28707623
47536940
11494086
27512740
13398894
59700993
55808886
58552964
54192901
79454342
44861548
33485262
57654063
20755104
58722925
93056295
20978811
28373979
7393964
64476244
76689627
22850274
69510974
1493567
23114997
99843303
9779776
72835739
32945505
25070437
35721107
20067480
12017391
64412232
31220638
23439474
30695726
69800806
64673212
94640582
11524442
3142088
94191082
81837804
39485550
34642143
90255261
75750357
58322166
78736978
37752130
69959637
43274079
12799406
7981282
72240289
19263579
53775165
89777994
25082536
59783646
24463219
87517366
77565117
95836901
94314733
83803275
19203570
72499896
49363948
42693832
15492353
86708515
12893248
71338669
49749570
54321242
21526769
5317660
70662664
38546327
66665783
25998028
27433791
86768934
69441965
72164565
26756888
22078370
61276325
83394377
31902524
92190385
8020836
65417455
93880131
62883422
61148916
8785276
37036178
66804455
30816352
73047244
54627277
75943735
90238266
79853718
59205601
5815699
21958718
34444510
93398724
65302456
82253978
8280145
28459951
96518509
90765783
71758522
44725017
85979030
30880437
17903713
85579274
48062391
18441620
87422128
16505313
88292298
33493442
84532345
68493377
92015227
88930403
24299144
27576104
90634819
75187123
9162885
30089810
90052407
8823347
87420087
41224821
53426412
31620566
25018095
72989770
5943100
9279233
64203039
80141764
29654466
30868035
72090553
14711078
81180441
6637818
53338510
48386120
65548547
72464438
42761200
17277401
54070404
50892236
36448299
14151881
70246111
88212772
67957746
40347130
50917892
92641775
20843863
77492528
96323438
99465592
28392397
61622485
10399736
11878408
9117916
40458708
94032485
83006349
53858786
77709398
88782996
7745605
45831828
8483594
89831906
83652892
78485428
87124092
40709852
44299966
53032480
30582981
93503159
1712743
46329755
15911897
12296938
69500017
89910335
8625642
76202779
20274764
71469150
89427461
23034325
1582230
36224128
22677625
88126643
77631433
55964470
7910592
72384685
59736467
31908750
76537789
16379818
44402243
32037144
8993629
30676562
36445393
96435
64384589
51895968
96505840
84717982
44859362
8788210
79112978
70661495
52629430
96176580
50344663
85079142
53644545
15639055
28721038
59185040
78327346
40955144
62843597
49100043
82011096
97387180
31363563
88830706
88908761
37169063
2970858
69786695
23764755
87845353
8515026
99687186
30019464
58997654
59471326
20528237
80574417
88872711
40694730
65636099
13046364
19166283
95425974
87921082
54954236
17933041
75679760
15244169
8988453
48770857
68056160
29816140
34550347
27026931
56932356
55673759
59683606
65959814
22685793
54193541
53243128
10477623
80883988
31490961
35001093
67733733
45035922
89495305
62818598
31509788
93719923
68315157
54676624
2680824
74104608
46132568
11272894
55996100
52264933
60842296
5928453
96433085
88524219
36168574
91939297
86787495
78031617
50392943
40677104
38852111
91522982
36032826
17924433
76890989
20593890
14723066
48522126
27456214
46922919
24017343
6862277
34428141
87268816
8377762
31103696
33330923
36680606
42693367
90760669
58082895
50325049
29445057
50308716
3275711
41729826
43113119
90780760
17094381
24401858
93623182
74287864
22705439
19503884
71331947
43267081
32846599
24910430
5214282
2451674
55290452
52977257
28588917
98211292
7830740
36516169
63904968
44448931
95226227
16596432
10713816
36486028
29814528
57967115
51342138
81167445
29967348
39674163
10158731
94495756
19892720
98496556
18059899
93631141
58680490
41882411
1456126
28548580
98532089
15198354
19349880
95861276
62594328
13215771
9179740
31179033
50625713
89764467
29816734
60942275
60895416
27728052
99804768
91482763
17312710
70652878
23815256
536148
16826858
52307782
55131321
62002909
69076155
76862398
59422721
73250478
70020339
57446367
48664678
66765278
89799995
48741077
20693940
55760588
9902161
40961621
31577457
66798920
22758736
93879893
48462623
40617078
26437656
35278957
52084684
12344010
90370115
2705185
36803666
97860598
36925597
3327608
70934120
20907963
14012417
48743511
33575181
93997626
96174023
75596179
67628529
31448867
90999673
98405752
37876273
79031548
94468825
82348264
9516728
92062416
27803383
7062447
90837141
20857606
53925929
36651571
89384701
50222731
82495845
96435980
48927701
43703586
35867813
78661592
43210666
95571325
37348384
90012924
91062298
66200711
58314030
70189208
72434955
90677110
20931084
68169521
93234366
41881320
17896102
65270293
13547633
10397420
62658575
87837300
12937472
38311462
3665906
95878038
94110408
29111569
30847384
10254521
53558311
98222322
66842160
31786582
24314582
71884489
14627999
30400130
56879804
95176824
29432336
61173819
48378176
91997746
20894914
984130
40239160
40137086
56598609
59751315
31552204
80305841
93281595
50542318
89802231
1045441
55715854
20375073
47764670
25438875
86679707
45073454
5512967
93288804
48754816
38333854
80418196
72707807
13246997
45854835
52061775
8614663
28054302
46393452
73845869
40202790
41439472
92871015
78730129
58652542
32182762
64136348
1983046
50778810
41959905
46521782
12684469
4543420
18437881
8396016
60773136
13862456
42327346
76349046
23417064
95713555
79353388
58715477
43789099
49590767
33820298
88020114
26907867
46169449
6373580
92230705
80507753
5591404
52810471
6561809
43277464
13160302
66138050
370525
63431306
27767715
91485610
59803386
98897893
22640760
73939625
49363364
75259228
54158812
49154836
39191255
93997618
73319650
11758529
17357134
19510084
38110254
42543298
40495639
98974775
87416716
59115779
75624465
80993200
36813060
96173509
62204685
48716186
74523192
83078887
57423857
95124253
56339639
20355780
48724909
34994034
55526997
54069776
39223895
95733749
2804233
54165702
22726527
46690006
2953277
19314808
12780011
56492349
61307970
59775056
67489588
9984711
20627788
52072304
28495588
78941253
98707700
86025405
14251734
35849509
86926924
65717463
83868097
26099838
7142973
21695791
95830386
11938741
93709938
14210941
11019977
65860630
68443891
23021877
79336758
14257402
19219882
8657230
67834131
93120844
21193041
89634577
99896790
49994834
59825926
30630140
61501591
42689308
93864593
65843020
46723270
53339751
74954953
2924101
50754704
20117833
28333788
2712202
27489021
35715037
46139933
97935576
93129406
89000406
13042376
55733947
69551548
43103528
63323945
7203098
72799389
74783499
97746068
82891964
5984427
58868819
54248647
41516733
81249346
11604617
37957622
11240784
2784692
44137637
3211876
3227223
7600213
5647999
33246262
86938036
18565281
57702093
59975711
83441782
46093043
95598194
34907979
95435112
71080264
55919024
38144563
25853153
36807227
80705772
92558506
26370023
64569606
45514891
51663390
9852927
334265
86911971
63228607
34487010
8932740
3265612
37738639
89816254
22289088
72018988
95054444
40609449
25893606
18622194
55515861
22406412
705227
91324919
86718703
57113943
15536801
25467334
3884152
52058502
2302211
63638226
56602411
18857875
76043281
51976041
82005787
26527467
77414096
44237211
2528464
97796055
80746376
63330910
44259374
35342316
29000731
29641635
1961693
54737336
41861977
19291461
26244628
13784956
61604230
66580747
61654580
26797110
61263253
46018314
7905775
32819286
3440830
84864778
56927761
62131424
75543905
72347307
49456516
29773748
89663906
23603291
99034317
54193702
42265498
7030686
15345225
39750470
29941037
45339709
3245037
427336
58691054
3122598
7986825
49833994
55573273
78154122
8710947
86196125
22050096
95550034
51450660
69039218
52390227
57655072
65387132
18399952
44978720
894299
1800004
90937088
82961795
29388100
75398535
2340265
81987137
9734131
77506973
77024962
97215577
81171907
64489060
9500921
62900649
64196138
86655580
6781011
11705510
58828243
90065333
51776274
77671165
68325760
77711721
18053459
1677664
16802537
68366283
88270458
72069531
26515166
12507354
79703241
48633688
71486433
54950488
63205823
56458817
92313330
58538981
29718968
26239035
58636550
64586554
11050294
30901870
47576420
14671811
26886330
21088371
41641402
82455783
79035452
71946493
61572074
31025917
61270486
98431561
58329092
16569505
8559889
15188697
87935971
96796047
2674315
78425744
86043760
32001345
19824676
92946615
1126634
76818291
33110874
87642161
32208617
89390545
92525933
18445937
22142050
67962425
22102660
92498112
81625358
81354422
32597181
79020196
84099268
77148748
63806890
98890744
39946982
26104015
23688803
76936772
58422422
49726116
13769117
23706378
80666523
74125911
81039902
81600768
94064388
19450447
55678257
98686157
58198230
69914032
1651477
21260870
22790212
16156819
50443923
1458127
34505394
37970889
93679362
30703298
67547871
10173223
53094387
54242024
1338543
52697872
62091536
77248067
40817359
6755027
99508693
2807624
68667501
33696946
35701501
37010282
664631
18332082
71799275
52184894
91381852
87580975
72783374
31438104
68161741
35244151
10616978
85589236
965241
66255939
34980233
64594205
70809562
70795637
14708247
56024009
30473185
25166867
21539830
72963879
85161108
74426354
33251003
37852348
73714842
46457421
90294396
81925257
83147571
38352052
15078241
63344088
95584926
60747104
16079049
56140800
90571951
27872311
44825665
64612936
80692191
55622867
97044663
25911965
15031336
85054158
8299013
82970031
48546574
5456012
84400182
52773396
53246308
34429619
5410373
61936967
73794043
32856373
62082930
87949275
72972469
26982765
44190313
63267501
44537638
35648618
76951067
58577298
3266812
44728419
31617733
96351188
65242869
10364861
7959178
92938545
85384363
71983679
29563784
56773186
57091717
98192330
92125557
58691884
39595818
94158765
6146627
97977035
21138836
1141482
15805988
96214790
18786482
87772736
5847285
55310053
29248171
44077912
74480997
7223131
62844968
171501
56741178
48234859
76341410
65004870
18778685
26671417
90185002
31392978
45206218
56023905
74897724
35245219
45070617
45416586
27409654
32907096
62101899
18655704
13283772
66413515
7634361
80049618
71018417
25004402
57379451
49381594
27201251
83556486
90925624
99350725
74794740
86384160
3196345
14997996
46663822
26974050
76875160
45337416
23289215
67351876
87810010
49573610
16477953
8787532
87017119
80299724
87523241
91395544
17534971
22737245
61753005
7403098
13129360
27774269
90936247
92242190
4826953
22910526
67243113
38080922
3485963
87690302
41941230
8748708
22257315
97004955
73397029
79998345
27830266
72361244
6785671
84392569
92433976
44295750
19064836
54338744
15989957
36639024
27679205
5084258
12301167
42845545
3976688
23243313
20298635
40619338
17993926
36887529
81909393
38450772
89193450
75547651
41642021
45210471
60908098
70791637
82595794
27928137
73897524
27615724
72651735
79971252
6587535
70422576
46187055
80040152
44813548
43846098
13217933
77438582
50931140
2338001
65200144
32964875
18420158
29357953
7891537
44876326
3129737
94460919
99264561
32441705
77508982
82735506
16773495
36601237
44684738
95668622
43729592
91492645
17759392
99081738
79087947
34346188
88621675
78319586
96558837
17586327
12984809
91902557
68660043
74803362
80484925
92632938
76278177
85228123
86391287
67516131
59252989
12111633
30916041
28042434
27211258
58561483
48595534
85133929
49855856
41823194
84933691
90560477
8567927
53577889
91131491
74919193
851887
14822666
38579607
65412304
8423485
34942248
39030264
25149169
76543650
99674972
58908862
80642890
77838795
75544996
45727794
37762043
82825185
53757586
76977878
66587413
96862511
65979554
36149699
41040955
31905961
93820110
86559965
4200063
82607804
35433235
5719190
40280991
24583103
56402345
36688528
575708
27335683
55312011
75074310
74050338
38135121
24990852
76266357
98406078
92522594
84598016
56717170
59816506
3262424
10199572
18709464
1722261
27335391
9409047
785909
7837122
59627126
32768125
95699666
85600504
20059512
63898060
47939149
97132134
23307475
4181444
54807010
7898759
69833747
40765109
70497414
34076847
17777118
35919358
9822561
10419744
59964544
55032920
82190451
45178734
12944256
95055010
33024312
30806722
15489752
96888345
57401490
67607004
74857647
99051122
58015077
79143591
50103789
59506915
41532127
89629554
40797693
13672823
47892837
74344678
10941139
61026641
89539216
80997238
63825674
82792983
86573296
19268026
49473059
44116308
9401821
23968883
54852641
68054804
2558814
69768933
34921736
7606604
77737892
54919716
30885554
84464045
90025461
26844083
75768163
96395505
910242
77882335
55207312
62969036
83419610
41687707
42543473
35387124
40541841
70513458
54083571
45894028
23370180
67279620
6639122
22153726
88701016
84083672
96160114
60706854
28770138
75425779
21462896
34637220
12591139
12846292
41929983
15459045
7868724
30707248
65216996
37513083
39836463
69009188
3613797
1436912
31804690
31187219
44385766
32957513
39422153
60557471
79587483
61744017
73392018
82883803
25727453
29695523
88406961
44291402
23574560
8996947
93785437
57841063
67411745
66222090
5431514
81799340
33656964
15360265
94558959
9701991
33132890
99079940
50125833
79814824
25624279
71108668
94652656
81732088
64572850
66982969
61954317
63460233
56580183
31065955
35127850
90650733
6303194
46927551
78132002
70522292
68094907
42035618
26178517
30788194
70541414
25857992
2184206
86102932
29749876
2820764
54634288
33513192
9499113
14927503
74191155
14165491
19266755
30246145
81570338
36366426
69245970
36813731
26968107
68970063
27585594
53228110
91502838
85265998
24528273
72402830
40841189
67513985
45864831
69017001
48610972
34223743
147148
16628545
25488190
45580716
2057082
14787573
4901006
72878658
57111809
2437685
4557462
27410225
98762305
88548393
84575585
63132485
61649053
55872808
29289005
82455702
12438392
2103378
12419569
84741702
15990450
76731477
95116028
53446799
53007644
2371958
4351686
85083610
41856264
14047340
96898872
46617063
93382257
56764274
54565516
71323178
38920547
51892214
2088322
61071057
7391777
28608576
58486401
75427672
70506157
6666863
14113122
95797920
99437453
89217697
45756349
52806857
39192809
81168842
44761480
6766980
23750072
58219615
23137843
92925738
64070141
1348484
66985592
60266166
72469308
14102772
31338458
59247775
30666842
32718279
5139507
42085151
18093341
29747725
52019692
67425979
55528756
66341422
45993113
67783408
8194982
81459558
48347223
80892392
71776620
25189268
15387891
63193373
86632271
74365808
59698144
72959970
58118330
48808605
18365423
16082491
90615328
32160449
1678721
48400497
16823809
94454393
14645608
79595798
73770687
85303630
50562859
29103143
96231507
36390765
14433178
23918941
73287471
10472989
45075501
64161086
93876288
80257608
40976162
54801969
51783550
67318704
81879302
64190590
41770257
95303767
39820353
24542441
20572114
70100417
72430471
23190527
78697486
4703759
45435134
50442526
832348
89237434
74681225
20428308
36387888
68329712
22047583
59425295
8923752
99074174
97958950
37921088
86184243
67777185
52360512
62848018
54014243
29584104
54966724
95315564
79087499
31462901
11740039
98270179
36542187
99277402
34988940
91003001
39142372
51436770
65390495
3527460
52739106
71250003
15450036
55302338
62540378
89156797
18653689
51038757
90157593
50008876
83757038
89185822
48968663
71012381
46838841
29716112
42177143
3782172
86004153
82722248
33607540
17309848
76170309
73320047
53630746
83412444
85825799
5330469
40043300
96763717
84301173
50534580
39175029
17066093
5632477
42924082
45595532
62409825
93570442
61919777
84082766
96468722
21384198
72079690
54132205
19045623
1081365
37914263
86796538
88880844
27168197
12832139
72342733
72953251
18374010
66651642
40275095
74926049
22099886
61511348
66244206
3608114
76886210
50426921
5237329
83454682
64026394
94882669
94173040
61036713
57562513
11736673
37850448
39105266
81284382
18532506
11492128
35684869
87195869
47335012
56676763
8165200
59210387
70081758
53039871
72841959
29686191
56772042
66655258
58255987
37150284
77067718
51236152
76385616
15723852
55729031
26600264
62059879
8618192
31811298
93480162
91446956
84596622
33486786
2444150
98341303
71714373
9957908
98696031
46705939
86852474
35949033
44590542
91657370
73493238
81702807
59172333
51495582
37645689
30475113
30186620
68642877
86930602
46629225
74021299
70696301
98696063
46951672
68232336
87009857
35102856
56464850
97583918
79605421
53415962
84405019
33096683
59590683
45365483
48349399
12188371
20425486
53512917
25896699
98847288
45756551
44905963
61209250
67141698
98487165
84614437
23888654
16157438
87780893
71808959
79967507
79299163
37530200
58088468
33692359
96977176
92148259
2506914
10811141
64289086
82011272
35898544
6509939
88751305
62862683
88816714
56976751
54875295
14056451
33295353
48748638
76423924
75401446
27136385
64218521
84072314
23184567
12521377
85092843
57640256
77437454
37457289
57974939
3822565
67200592
29064157
348448
64433846
95158696
77406665
54134814
85117086
83020676
71745734
4877612
32873803
68205854
39211129
11044439
42111251
5171507
22161854
51219551
1144501
97090208
97661129
92642009
72639420
7265706
63300602
42320285
7177192
98789486
26469410
92012771
42928347
24918113
50516961
25184368
47604556
57379270
7091070
89736893
12370870
1427909
72138018
17844651
15754777
6880286
51425878
59612727
11619244
30891616
85539969
22281158
27601071
77560407
74841578
19590549
49039369
80474533
37165073
11237374
18079209
10069871
43561046
61712684
17609160
88543417
41954414
69790177
48209632
5294711
855009
83796193
83562192
74770170
46657827
99774955
61184783
18581515
43788158
476459
44108735
7195748
89278848
27617423
56607982
1228188
49687585
33138710
11543961
9927296
24414953
821679
14135869
59067873
55431229
84773299
21511432
26323615
64197667
27377193
91073552
39550618
91796912
84999359
91226952
84712527
28194998
54716941
69602250
54466338
79750738
161335
66514860
48181039
89094812
99589165
38962347
53621977
11957594
34493306
31897971
98429671
40151131
44089116
87247818
62491427
19971205
82861861
66066201
8643935
62453160
50800786
35032511
7696427
25641783
19752819
90048745
37074347
1715981
86820896
43695534
68274984
83103071
79878906
68691431
4595917
59450265
92739927
46590733
35572332
57818220
85408281
15559659
44260903
63953282
59822303
75591220
96971361
63442366
55615863
59475280
71914716
13901774
35370855
23210160
83387380
7347794
81663287
76045603
13809461
6384729
73782512
98674325
35382811
31182218
42017029
77991698
32563599
80165672
56053354
52067287
44406330
59231470
88487152
7821323
20567317
85631800
37110610
15369449
53233607
62938965
32432347
98311416
27148933
82355454
27399362
20164134
97784958
44844659
10204602
87352803
19453836
64487120
1501881
92370276
24646626
8075000
87266862
63561841
47237944
92735320
88832898
6350247
86179317
91086072
74581144
21627476
63356764
80812297
90620287
14323661
50161192
24820709
2930147
1176153
43411555
58885524
70954441
46839047
7800262
96594198
25295974
11395446
42800599
96788878
46891908
74118233
84510592
77891352
8406709
48651782
71761292
89808930
54278717
32733895
60922958
62277556
50664811
10325938
99821257
78741483
56641616
98114623
75227965
59414689
84943596
88495387
47281437
5364835
1678701
34657610
57775047
60555404
62201548
47775419
27402238
48771962
4072633
69559834
58286495
44004619
43533934
36576794
36069370
8942453
33913753
10464319
2392649
63675887
27656017
7969524
57194215
65592108
31393992
78471772
60224867
81065204
90965568
47142800
85680889
59408510
16548553
51436016
57264263
8953220
649364
95285855
14114955
15326927
31974926
11343405
17102721
35639916
5355511
16286874
74568699
12079589
89218461
85641101
69012378
52293716
30140409
39941766
6770874
90107293
46005996
54681748
57624825
94312900
15351224
65926794
10595244
8295127
19595733
40203637
46104529
40452258
84047298
57303126
97642415
21681781
28749600
36680019
9925839
64569804
47063255
55678328
38271862
64039049
31983886
64517215
52924432
17048963
34223338
29517203
34962528
43603018
70069017
88396474
51637855
71990896
58788819
98513639
22373561
17393437
9740861
44703531
16024902
88034481
53174727
33226599
28923401
92563180
61390277
62827076
69297290
38589073
80238499
81408479
82766959
69977341
42588417
7354759
88738631
84124761
60261937
7536638
96363623
70224064
78653691
20365813
69302085
112867
66320982
74738492
54154632
14874680
67300450
39883156
69031158
60282779
62848060
71440682
90614983
47329155
42289792
92419868
65722096
60968400
30613388
35722921
69627245
22835304
88920101
17911930
75424363
22854557
63787973
99854194
73063091
30166130
74151230
6727059
11674643
36225077
12874828
29616995
7454637
86938015
16270559
39063329
24961023
95603751
7417919
86318543
49649566
25034979
5858230
57264567
24620816
67657488
64046597
68647599
96813560
26543376
86544657
82670113
53934900
63191116
35792810
35033677
91628370
42872456
12295370
1171735
89774655
78266144
26695616
86246199
53466480
28161471
45593005
11631950
10220179
36811432
54530077
98532896
44189753
73883955
58381249
22895118
4863746
75467244
29363656
71378465
74736491
4279254
47156172
44600778
37428341
68026296
64447175
25836110
38382389
8865237
31531738
96396905
38085067
12678190
33477102
93678750
29193938
13700920
33653322
9422237
22257673
12113303
28474591
52675659
28345280
87310096
80502026
81224934
80962807
29399962
70617768
83052204
39167469
57144447
382049
86613710
16821030
50549750
62657228
3660206
31752817
51634411
33379456
6981915
98380305
57287203
52189274
64155452
36204019
98537019
86625844
9603872
17849517
30928248
85837665
59748104
69541417
66635711
59162917
92509754
31016211
79953355
95013633
64680185
77327631
16885329
27443192
96714731
30421776
65815429
35078430
50287644
47141708
43076930
24116637
65236449
38036653
75603158
95536336
39252418
31218552
61207603
34697899
37792231
83316225
45171619
54244887
66345962
95637782
67809248
23698086
8193091
91436413
41571781
58692636
61551881
23885047
56205208
36266396
56326302
28770563
71590393
26171677
20355188
2339611
69669142
10924034
52227726
74193945
70975312
49840626
40943540
63857248
74669515
8095915
12387311
91390480
72224241
10729644
17961781
88960864
19889521
64635428
59417741
33924327
90773074
76345125
41226173
69750595
49484635
78181055
51214574
44776988
94759124
58471573
40003052
69233727
44527776
75429237
69408243
26649486
71490710
23268815
12463735
41009107
43948510
26911788
53921644
3971885
76768263
75571626
81001084
55134040
84300615
54682730
13272164
5910454
84886416
71015312
84442697
20872729
70331897
30192733
90948084
26389343
11275709
17476394
54354619
28548804
36857699
28241391
81748578
82947287
71556302
5934363
62590756
58732870
13699156
68538905
25492812
71749093
17022573
48001364
12275469
19600462
91689363
63976365
78372757
32941498
10061508
89568881
34284953
20710816
68627438
36872273
39436891
6717124
15947196
26874951
17278342
20789481
96908075
81189894
61209585
71929589
77949769
81914345
59717402
59513277
58896790
52342542
7524221
51109476
84346958
56085398
27089430
76584227
30795013
99765584
69727854
99008737
924469
46035782
39982875
57528942
48481987
24153913
14999544
28411816
66641002
89459048
19853332
66692815
73475260
95616671
77321353
45963612
58785267
43929061
16555042
26471230
59981127
34144731
94001116
19924556
18435568
45476131
24939244
84939617
83196965
94685462
94207774
40360220
96258551
13546806
28102753
40593174
38936786
83697873
67402749
11926026
75221723
14332640
61738418
24646841
99898215
73167863
15144839
34093886
36186796
86317963
1652630
46362772
63778274
55261845
55730267
43413031
34271014
65109164
93029575
66552505
47085095
85628477
79085762
79445199
76342860
9318246
75233266
62876784
94904343
84220056
93420599
4227491
37733397
26177218
67007177
11227463
75234970
14261230
50343110
77232890
18641414
71988898
33238728
31237005
81937223
36754636
68470646
60392301
93693049
87762417
76937737
89534005
60917659
5012177
63106762
2484495
37454687
58099596
15939249
52119368
85675427
85570006
19379263
42151790
14557579
56488580
17468717
89763483
5648889
25755926
48214344
16620412
51051513
70498320
93841744
92482259
6415344
44252738
32134370
72961448
33748735
24804101
60798298
42348014
68064936
22803547
88755718
44281582
1894718
10645255
90746428
56963836
16900513
67124787
82372135
47255441
90676303
83592747
40015208
1079793
12492162
75533670
86653297
83523230
62314614
90328003
42021897
14040773
61282324
42983684
65441271
467439
20157206
49446564
97201464
95512437
62331768
33835522
99366084
28868059
5466675
12073099
66348412
36443494
31106708
47583255
98139070
15087773
33037779
28699537
73939515
64742638
12406685
50488753
543685
69340215
44177741
29640004
27303223
97027162
77543663
74819098
9440311
33488802
85440481
95919538
67886358
61079450
6870804
66285529
94254907
77838629
9911454
33855714
86260497
68605348
91150786
84145812
23365460
40508647
2419305
66680855
95340415
19868066
90578734
36389541
34447805
15018695
99524362
90301025
69572571
98323238
6125633
56388164
1478858
32703839
84985043
87242134
10708790
3108833
33838764
88656969
64019506
77005955
36463747
86688844
402851
8571456
23720558
98926232
69981826
74883887
46389360
34594575
18717919
92983559
66432863
43793148
95946169
8754320
73963492
56448695
84531923
40281562
21261393
86000154
28577134
43320240
68113830
13948269
15204273
64478258
55966653
96906417
44195923
38098349
86475232
28236920
21858979
6791183
2809239
72599718
48851669
92113976
28740771
98878153
78028576
43554664
36786384
3478860
3988129
39776169
21590384
61178023
44861858
81653108
63724746
2937788
6678751
89449160
17763352
55910713
73305218
28247688
70975804
84345234
48580922
95221565
34292911
70589844
8422037
38336641
53669122
30254487
44105210
42272542
3231319
70784394
22731862
73534557
91843577
15439419
44021063
62436754
54292341
70273432
94476376
69769569
41873129
24816981
34080674
2152767
16257871
46472632
84061134
35452386
85677253
80417773
81497060
35299161
24721316
15745464
28926481
73863208
60638714
68190741
51895895
31250337
52839536
19987439
35442093
30780956
45521028
73740670
12831431
48376916
79082861
12212104
44785931
69453531
33497630
31801012
63273978
17787774
22869751
3061866
99591813
79589246
84256749
52386462
34634340
82931671
14419151
2928002
55148064
45652838
32332578
24603723
82342713
38288193
72068611
24224692
20454121
19215395
57659958
16814333
87167884
42145255
92473300
83251104
10146837
67187977
27968303
26181916
84259461
35815699
81288820
71631488
363007
98681199
45173549
51964955
31527872
92607273
65934547
33730253
42871966
62856950
86322598
32036408
92694629
40477259
47261951
56636162
75738632
3708358
73778590
42557234
23641938
33724767
19787672
65508771
88167353
65575311
5554213
28242606
66854087
21266315
87330498
15736588
91391770
40185964
394164
5163332
34079668
78255956
42661870
71851729
34606967
41317390
73028671
51329528
16050242
31368374
72831882
15592
8398036
9785771
35634935
62456476
94618972
42468183
42234012
83968155
25489997
81062111
54782002
19568931
92595958
94432542
95762778
82728456
65785774
25669394
55945814
23781955
89818175
98963217
14781108
60498248
11118807
73262181
19375236
10184751
80639959
74655845
88219813
38243644
71673763
53818140
29011404
6201035
18230658
7621099
98820019
30695825
30605252
6209809
73371122
8370366
79459147
68230076
35743040
52520084
58116256
61937247
20460013
41772180
83952836
98879630
2864576
49873733
91644084
75671228
24664603
19944636
54393058
42463975
11959314
75844358
19691744
74144967
19443935
74247397
42105881
30600514
5090881
63685821
22593675
42716297
59294990
72673972
2458574
46315191
22442121
73625174
44718660
97428317
32403344
8673648
64823043
28992128
86685273
7556704
63658439
77858029
67386086
99652165
32176953
86020954
21307693
15428986
69475296
40044518
3162275
21262023
11410640
56487389
39752236
20968022
60940024
1204677
58399336
83918320
43537710
37023361
57896825
38099054
67736027
95434682
36475917
86374387
52329070
86156841
94720184
20428525
54458522
28593566
30130463
96758557
68601949
83301259
78556125
34737690
62941657
82096695
55984112
68516152
69913756
35735702
94586368
68934055
52782044
52615842
80778802
59887682
87817355
65810155
88663745
35015380
79840407
36629822
83837804
47363187
20562342
71637731
8833422
95174887
84895026
49419891
43139832
77076555
6091006
18271669
70632009
30299855
288464
82403951
75066752
24484686
8297548
41661537
78901670
1606895
84043108
10067162
80785445
28959716
31127765
77889472
4088083
82180638
18028793
95570925
31947975
76679328
27564959
40304896
16792131
35841101
86765999
49965398
19611973
47675119
39912466
57038631
75509360
35124831
42634405
25120466
95955700
78819561
43883992
19207451
51836619
22358911
24680519
59432832
90721034
98321240
55678986
77376295
94925736
43766907
66547064
40228997
42756959
9338749
70880597
59289208
68971490
85968644
13487933
79671980
26115819
48068097
24996816
78577615
18213962
55101478
10690088
69198525
36151423
18598033
63678780
11186977
86211250
41804559
70641762
70980406
50432381
74090918
38114559
88646196
62235730
48313718
66333599
6426224
26392139
89160703
84837925
68869352
19775298
74061926
69180061
18204277
31054721
71963480
99847468
86589860
73940652
31581412
69817067
97980613
97639033
76555093
66065388
36590531
84755655
34071482
78674788
79173787
90481415
83396544
60373629
95786760
65092643
26581381
5177681
35018904
25257480
84813924
49714084
22767395
56543858
61807018
80736946
51446766
93781981
76597955
63172535
71950492
5585238
74742349
28820250
30810193
90145307
11103888
13217702
25453342
56264588
8987373
21005993
46869783
21016077
29448284
23307755
26161925
40515872
18710730
69894998
53899573
35495851
95566738
44248179
25415484
39574784
27560233
38746297
83868538
40953140
53930448
51565272
97381317
44276067
85758878
972128
16230716
34845287
87351205
40614340
11763560
35197205
99279948
26463846
34836940
40119478
46326884
69878788
70698119
94321419
27864517
81634893
83734011
22492793
1541645
3569835
41317617
22666841
89329739
47941953
70534026
83688013
32969111
62944735
38544894
94404914
86151273
43478241
39815691
50817904
46509429
39806643
70675355
91516431
52413875
1184634
48667525
85675860
18447514
6041002
97124924
10564363
83969729
91184135
56864692
48243588
68509209
82766238
48180193
74946089
87765949
40624010
92841989
45196443
50166698
12111749
40013269
65717347
64691444
52909697
81781185
88120742
94095038
26844331
85041854
57561952
74333004
11262969
57264789
63949599
77773384
68259442
52831520
64030115
66494882
58638834
49418698
42749041
88170008
67628362
89737006
31119316
12449160
72818483
96401614
59433048
39081757
46927490
62871921
8587454
29784808
54829092
17409199
15399883
57620136
52110970
36063433
48350270
75611725
47507563
80353669
14873708
75347079
51380344
4449344
39183521
82639509
5853333
387166
1255830
53383282
34428729
23215196
16386230
33238379
54856097
50689361
15395892
25605631
44137071
99948328
2993643
94507264
50007168
24046595
46638613
82744561
22529637
53383295
59555939
40064394
45357608
61357869
87241098
75253715
38673980
86881991
92234971
67437873
74368
1759680
17685017
35137109
94196667
91772726
89474073
45625600
61794993
49202434
65389981
971324
41654266
71948953
23660151
26739717
49129408
60427201
75339535
14999094
69411240
54096888
41796453
77667757
11063000
48681243
65264608
22652235
56701514
40905645
73621893
89760389
66049144
91276791
55380580
35869241
64842105
60775883
70392543
98414612
52496658
75031626
40030204
64789605
28193979
85137262
61178123
83930753
6787141
72318876
77608225
76705440
18013639
16961353
58069244
35746051
43070465
86759676
91616235
97990947
86235398
65288689
40137946
58628610
66650654
25550944
21484675
21416481
27474921
52058531
40962939
23095744
26143713
77304537
88002365
7619527
92470950
73107547
12177731
76595756
35081925
3683464
34130356
67789888
61676095
8722496
41142528
1501760
2677974
98144150
6759862
94364810
44399379
91045267
3037612
68284828
75511081
7157272
16001591
75437868
11108845
83191106
4649410
44676419
68896928
67203287
47699214
36617955
59356532
29796512
23488872
71730991
29698465
74134846
95344404
9776641
21182761
16740460
25389091
71935166
68472988
74421257
31045681
24906572
50094236
71767042
51615524
63140782
85654109
74978160
66775792
10441150
68222031
70414107
2055354
54851124
63218665
13881055
17283185
7426106
11015866
24225316
29942439
39993265
26404990
17165369
91554052
84425219
46035887
50945263
5376155
90180317
71480091
71112494
85986953
52670758
73879492
68734103
35368162
92856595
36398422
54819740
19354233
33419666
89617923
29654719
2244127
69957958
39538762
71877437
81623375
1172716
84071739
43958494
40963616
93918310
69138753
35401109
52916121
34324513
8180495
43421251
59508418
83704783
16422806
74744963
75035997
77836130
15602437
5854836
28145387
12676825
14290823
12092875
58456212
6106838
69919960
37489206
34071107
3586407
50576508
30035682
89934326
28628687
21474697
20467197
72744290
22662322
69933142
43460230
34504037
32815205
57445741
74004604
13575892
30599164
16748064
90927938
62329657
68321467
16229268
62380509
87139635
20747285
98808778
1738100
42321192
32477312
75069191
74272909
12165377
34254041
82936532
39990822
69664647
6406904
87688812
76198697
61277900
25692998
56763860
52645055
3517464
73953804
10838307
66758842
39516900
57093888
70916261
95538898
69343253
88644570
27837415
10887784
7498492
36671634
2368324
27299360
96171604
60246205
97914282
13380903
52926004
69670959
1666541
71825532
87513883
26251536
58831430
87935696
22635298
5661649
32359167
54763463
35073792
67575738
81163411
31069595
58704274
99457132
10207920
12697500
11796095
70675259
32086434
1108991
20872890
32149281
79979283
21199258
95915581
13397431
72199434
3684046
43640029
91331886
62338004
23971517
65033731
89872860
39044092
11430288
36258976
3403355
70409315
99482829
71348150
97843337
8941077
34733092
63725203
78781472
20042327
7310683
38647510
18622067
18187698
1887508
25925096
36260345
40340873
31560155
47899000
19827535
3512226
66254459
42501150
5254922
95642316
60215854
42112291
26866323
6729952
10440411
46784232
76485370
6746530
23536188
20421616
57839899
7094854
36310541
86001869
24763339
13409579
25549806
44600419
97637436
59726808
59550635
13416356
62437407
9167374
84473978
83759602
38284421
9155591
44784830
23344369
69451562
96954167
70498110
4028956
65022057
71300887
19410748
88372767
23995641
48517268
13281760
86015770
38784935
60383861
30203187
40741022
10003335
92956978
85325922
86941801
53296003
31418302
16186853
29701979
11156352
6208871
7603022
92211521
96501329
75357304
48562975
91280450
2222155
42263284
53275101
80369930
9960380
82527974
38374953
59690568
17408963
43161215
36669894
32271499
74271504
63347010
89118953
82934342
32928964
73808253
37352384
18131725
44387190
10337181
94201199
80800499
93390412
46987517
67269700
69959644
70042285
15436640
96496972
26733776
34833919
12239750
30218799
42484397
62784971
83450137
80206438
68476325
12421613
92553911
17279674
8592771
86382695
63545719
98384497
67081120
51810860
4273031
13557808
94781620
66196458
66939319
40158673
65152958
68721097
54976351
88014150
51940219
19173638
44364980
7377840
82718012
40790059
77903122
13008400
13132363
28849970
57083609
41886662
21033650
29377431
78538440
84666408
91953638
12089480
79566556
94251065
69781689
75613778
53484015
32563485
54286391
412976
30646245
65609319
47591870
50941832
31523545
16358930
50324454
75546964
22948727
3234904
71609099
61691395
40820212
30987704
98036947
52718545
39762161
67254780
39744435
34915838
8330617
31768635
19824966
21326177
76196512
86173988
38084577
59705799
36653534
12103271
91741246
58991113
45346201
70312275
33615189
34169776
60039296
2741274
37077782
21418368
66995065
61884542
97118321
86376302
75976846
28792601
51143254
7622418
71881027
54412225
84391855
75460497
35810254
65166032
31211057
37064712
79480503
77077203
39444235
68562587
10475655
13843136
55720484
61024292
97988139
20705232
31593608
42390102
25869595
17521109
75421863
45950916
736770
11311994
91515579
5222841
98530656
12400204
14367594
86571681
7838179
53948867
59437396
36009592
45499648
24722369
89534252
12461606
58943607
9957261
98151115
47168652
26449664
34015066
45576248
48955263
73050749
33352923
44253539
60601240
71983724
34601007
217013
44996220
85161909
26447206
21068522
42164366
85775697
12251829
34648456
85425681
1887512
17440998
55425994
32670380
72624626
77622831
81679770
19159770
65560412
67876000
3540440
85152747
31643408
97350075
6694306
1557967
55607573
75352280
34262821
85680423
82207498
44839327
73695775
71213058
42448728
66603604
69818076
23690019
71541704
75912956
1888374
3136385
69226401
49730059
81054851
79825798
94851068
49499014
40805355
24033891
20923211
94250002
87241126
60934419
97039746
34738670
5115032
58134858
98595309
64805757
14211669
35464187
35384202
81361917
86526096
27053265
89615471
61802103
42183403
66543783
33281796
46967849
7133536
50395121
70839613
43756729
17078714
32990585
34882180
88716873
47769446
23984396
11893829
2362872
36362147
56705571
26963559
38511256
95633526
43238846
74854981
75495058
91103600
29875886
10706103
18446394
50271582
4546940
67819772
64597344
43370119
86179372
4230263
36632163
91013084
80560086
383871
18161478
99112467
13132091
34706245
60732930
486711
92196788
27309515
97099201
21078861
66983198
61109763
79502848
28733439
5011117
43804403
14655261
60107349
35787669
4546170
70224056
24662619
97619497
84678809
77511088
38978245
33655370
4037781
65733175
64765002
80137244
75971934
61694885
11258888
51236123
46513935
18162334
86095322
89782669
83440
86162357
9943470
84449707
90170989
16490672
82539300
38136219
98319744
78617730
16272205
93793820
89701120
19664667
29415691
34168994
6105829
46518599
22458919
77264295
74654804
93248597
32216662
93190870
71328969
50315230
56814087
34835589
45668854
17821004
4977120
88301170
16639160
32646329
21979750
68429078
90304298
61073919
54205409
42465686
50649301
74610098
49666535
11757282
10127588
94997767
35566558
8273997
99894087
98400069
8640001
35306601
48003983
23011892
98825819
29445419
43138044
70136170
43129286
31331701
72340913
51762571
58823001
95861923
71381931
66474616
95374752
55296843
93511767
11594871
6816922
98829258
89719885
63230967
8046811
75119302
46261802
89126977
24468585
59722602
2337479
30844814
48977337
32931870
91357291
22242426
72451520
94220273
12901854
68060688
9356050
37107478
6115284
79115686
53259095
1725400
79150935
64745363
1379824
76642739
11586013
18185924
5695872
18412251
45634277
59011447
72650601
58195090
63993881
3880461
3888050
66075380
41366268
80414591
67186631
72942150
34416381
31278284
4082783
40128633
15645991
20339814
91436636
85341613
96230914
97640044
61614974
61190496
59219450
37949803
53723956
66310610
16957196
56530153
73134411
95314935
44090629
59557914
87362014
69578563
9343996
40258584
22987424
16235827
99138709
40141548
49536776
2436356
20539577
17454427
67065292
31483711
77003755
11454421
95508913
11480386
19489087
33488464
95344794
30301255
2989709
64828049
46289874
44925620
77764670
96093282
72291187
77745893
83499140
40858551
28157850
40232708
51973874
29442930
76254717
75612174
32193955
13410330
76000328
62905726
78989877
22524860
11722333
42329181
1510846
35652919
24692813
36106288
76304997
75772168
19239665
80882758
56947972
61451675
21600945
29925479
55044248
95675582
91566168
74512206
50613844
95195686
22256491
90476308
97475548
72527109
33188937
39978818
4420262
2845029
49141740
85782923
84347774
69578121
93411362
47430675
25968383
86551498
62158619
79198612
26868044
43263746
74567840
61432039
62062617
26439937
70642104
5744849
79424389
26944969
46783116
14039856
57054446
22279591
77937126
70613618
76815493
35392502
26642427
6452289
58629646
36039151
57961176
1519490
95484270
62547459
371145
62399550
31094761
39659813
46359790
83237488
53250711
43368520
96654726
29778090
54449874
96527227
34867192
62120023
29627103
68136723
21388060
56577921
71865345
18869117
95407578
49575632
56987678
6881178
51006935
67738875
9062433
86255038
48072901
35992384
32707404
69814124
38314881
22434155
4291584
68947434
97371606
44129116
19492328
45668135
68530905
21261817
68233982
90720890
19192487
81608196
28333966
90858912
29252006
79464914
76077990
40180523
13042230
82074388
15027414
31175394
5969495
88227641
53187810
11922516
36976216
21343370
78563810
87912803
14546775
69878084
86685244
53316981
52757473
80089739
33236019
70029898
66364692
89672301
55143
92412786
62251777
95535841
38363513
7066278
66548852
23364171
44771670
32153534
20690585
27832269
83270477
31177890
40633289
42216854
66823928
86642450
86870206
85499769
67486973
730529
59630079
43468869
26078586
90645817
62094562
76050462
70865455
15392519
29843028
27850123
42656780
24342846
79245069
3676697
55929460
22881163
76165948
86624124
94532623
87163480
8070467
80814577
70182661
43146195
23790085
13440486
89306628
90455098
49005964
16998508
14131295
34615277
18213340
27474322
11125664
4811452
25273428
4926869
67304770
35342708
29173297
37539486
79747104
32821914
73862249
66218274
76735248
62310610
86859820
89176133
53753561
83236558
89574843
73515429
99113468
26700362
94682770
18969719
95804578
46498746
75474618
70467390
91425091
42776893
14993680
62226569
19630056
10161238
66732916
46721125
86679365
65200113
14657187
17429292
54953254
97582681
46816007
1763616
26917178
40489098
91098066
84401912
61177560
99427101
21418506
35941003
49390040
45619230
78821078
33337359
75384235
97202077
30932641
95524561
85317900
85364152
44044478
30420959
25645096
86787848
24934905
4641884
42741010
483229
17871763
11657141
14096520
70856820
50727325
61903887
91091480
75021334
96486269
4962668
75426382
87202254
40841160
88268666
67952806
85563346
4198207
27217000
82098455
50499757
37635576
44911897
77922262
92882169
72169113
37329979
44024249
26330597
84132132
85907233
2984069
83511607
49601539
28501510
45246009
50878762
47141991
43827464
76606764
47628541
6826625
19649544
84994146
77115127
44628103
35231555
74052498
90120973
60683400
53192921
22438274
15935235
31963912
63037012
35521637
62940062
27320099
99707799
86438496
44655773
10360110
48972911
76993192
47594982
33941206
15623724
63570751
65524407
98346757
67032458
35727504
80509421
58213408
5545410
32458490
89089558
2091417
65360825
34604795
80719362
8275614
17230277
67179148
41995920
43186998
78208732
46380695
28272071
43543364
53718755
98786708
99599163
3983075
46418252
41637659
13380413
49038883
98090961
38252307
65911594
3571340
25551616
68031410
70036339
89586531
9904060
76123461
99133690
72563147
50626257
68900793
49302763
53720181
13103365
36268758
45445613
85390421
110126
9655297
26332073
47004082
63492471
18676459
28412964
85272103
47592350
96348517
391535
7902113
94661679
86149459
95332775
34301620
11459396
94442684
78717048
3723857
32497274
10021848
42320834
82037267
48480658
88807733
63818928
1729627
12669567
12933706
59705178
82512580
25222778
65478183
90199825
26788281
73834269
15070166
49771410
25095234
55850105
27080749
8129557
48587631
30880996
1426332
5027699
70311916
84434691
68319314
857818
89253878
42736644
30332594
97841064
51143618
24973399
52064576
95566717
74759647
52356625
40220430
35677757
21109029
78184831
94075461
7604757
33234569
65199909
14927278
19424571
5151819
30424097
48044264
54534874
97533636
1008840
74090293
64396529
13545316
66452118
53399678
47561887
46982159
83820464
98809311
32676053
60095729
63713013
17522393
36385585
70767822
40133178
69290358
24976159
69592244
50218049
4621477
20913830
58131690
71665959
63589268
54271091
89006193
83031812
45380562
16967977
14393762
26760142
53997805
79497672
21094423
84418915
63810181
48168996
89961365
98350589
2575017
92730640
75492952
84764745
37242816
50435403
22405096
44851484
29077921
34079205
81744397
48103408
71497724
9379869
56250710
76179899
35047820
26171313
55269941
90355715
11921439
81521950
67891400
35581223
78307236
44367858
3345338
75603828
25244447
8511010
90200253
20962432
98126047
68409281
56187090
2607875
50057080
11973691
83893650
9606838
33655921
64563287
52571031
12399624
21680606
62263612
83750925
95080068
7483998
6178484
98491523
14281745
15466728
88759427
97224118
71345435
42214834
56218441
93589057
14682482
6341573
35743728
48928647
59818471
54993141
29983889
17567703
42463485
92114456
51701686
82365681
11858371
59901160
32443586
85229415
18780502
70981472
94394561
91618637
71585677
7498721
50833629
28654770
96320178
26833915
58103867
30174610
65408643
76659576
97394901
25882977
46029547
24276052
60142539
35090666
55766712
7724774
69739225
73876075
17728262
63373453
56842014
24140997
85915813
4409747
82623162
79306218
31454047
52545358
23792607
47485525
60625785
27236872
78691927
78188050
62967440
28951812
21232392
35004965
90253626
39941250
98644879
99796401
81213176
89250152
90499294
17487165
22746019
95582740
99595593
16615068
18619133
22439847
35123278
39665621
88083019
66785731
17594622
73331379
88120645
42139780
22878840
21694789
45151824
52815055
62341813
76221796
53368731
9812103
57552649
63376709
807302
86128381
76372451
21269745
79958553
13671682
44586870
22493588
95689179
17010043
98499884
56932390
17452325
22667182
99570947
38322858
57679434
88776247
1367672
61111467
53675230
33890370
87729336
26661410
24627944
8943977
87161000
33683067
53331611
92350067
36800024
79752180
80955649
91444488
77388648
62365250
44142722
6086857
74894576
41189063
49741737
73082812
42574245
81680637
47308732
86833599
87226055
38801699
77359168
81234007
15440212
15832581
87903515
81215697
76353640
83706679
81157905
4551431
56851427
43189037
52735294
95049110
93176492
19608095
59044566
80653436
83450913
83209362
97067303
23581626
22951336
77036765
24073712
52237233
23445758
4866743
41582582
99459797
37474389
90970521
84079318
17163258
3520672
60895712
82969331
52740941
98526379
28430743
85775278
76918622
50771316
78400223
48054064
39586185
58518926
82310867
35562240
42113812
14643204
37890097
28457483
31197146
45651075
46618279
32393615
65433899
18158402
13450048
37300465
11511501
56731608
59374012
70970865
2214047
21438867
50809972
61767802
44635730
48624887
89300094
35058966
56342700
64390847
4386693
16499697
57480522
6366097
86937036
14804027
98257468
65172607
38634995
85207918
74667175
92366450
852877
42191211
18587813
66955571
80093706
72489985
26667541
2405577
90666671
92941350
37763377
53824973
70519690
90817175
99138067
46527651
74911050
4345312
68406573
3372986
18752520
62959753
41917018
53234215
5800761
59083954
23564774
97415408
54139160
48026613
87136297
18794612
84970003
42157055
9469540
51131011
92979338
2730446
75934604
90147245
31273005
34442183
89475888
34326334
51207275
10716932
39955729
92204016
68872523
79099041
77816680
35410161
73745709
76035831
67367683
49021878
85883295
25862577
99800751
53252359
97219831
13430366
99934241
38524461
91758319
79280224
11809519
743468
58483040
94517221
10417397
56311926
24343723
26673873
25204145
21421981
91369845
13879826
14854029
66017421
21670504
49828304
69618566
99681751
80088476
55019803
26113491
46099158
62134199
89574391
29864578
28343192
8847652
51661555
82245861
96735550
75683759
23931716
17123744
77824558
21073752
19974626
16605207
19927757
57746950
33467828
90532556
73051640
6272094
18216264
33856472
23113871
80958625
83857391
13942456
859351
87484181
67503063
23204231
43366679
25371467
90182941
70126031
53368518
40470483
8744779
3170417
99692308
45177318
77137086
2451470
59005933
22790524
36755550
85053060
17711912
24196832
71910245
10938964
89454345
40633053
16050978
85743556
32937194
36148288
4160423
98310979
33183874
40923027
74306049
19612382
25115335
10631187
5938807
69141241
42586726
52727989
16930771
97078902
4827822
6378582
23463409
99257515
96863383
97012164
60957710
62853093
50845976
13368624
51005686
53834244
69256635
63975848
89132529
48209343
44418478
47649974
74558586
87834260
37888257
2780025
12490275
76208379
90194677
68650442
51816386
69625327
27497933
52515600
8855792
727895
50901667
39863547
73882449
99354662
59081217
61671673
4156145
24470063
92503642
35171642
72235889
15062315
83527631
97785272
35840589
52818736
40528026
1944927
38292890
98388914
72748277
19081453
19945292
20710128
70623370
30686554
71730264
48067901
40607758
82248777
97485181
58347540
38710305
40208791
52455249
27803477
80219214
85141526
869496
17541600
86545663
73699659
21048653
40694128
219450
59276593
13814493
64333272
67416046
58060297
8913973
70325850
63648751
43718254
52034285
79050041
70128128
9217450
1237858
61089369
67566247
52344053
16804587
31836701
91493682
32518316
13813532
57376278
14576514
45051932
14361966
58313766
19004453
72528150
38691112
77558959
59582904
83137865
29905943
61907850
26270057
49155558
92654683
98470725
79550681
9837789
677278
17479737
53554445
48565513
40517558
36114675
63036648
3675637
70106364
1809644
37116907
11964634
88221067
52942017
46875020
85544109
79639614
17040373
47106002
24226704
64720040
66468678
72480493
56677413
10634387
4425528
86989801
96311189
25322865
5242141
93326257
42082389
58451421
28391538
56312640
57750970
43005310
61741889
15215480
64521179
9948663
75390792
69992991
16179694
84219139
35768447
1706583
38953404
49632033
16876090
49439159
36811765
51099783
79959227
6557807
44888328
24971652
11325053
79563204
5260004
3154163
69488035
81219271
47883439
49377468
64244089
45596738
28589683
65456558
1551926
60510301
11175778
47168403
98477623
8623781
57920570
84600967
31045660
68734940
3654959
71340696
82391718
91406428
97794062
75851214
97321183
80219309
99211366
58778109
85094700
4227349
80973640
55298682
10579806
11485372
68463494
85553446
11251805
12581961
14863839
20848596
45637924
44053552
64413292
1250420
65745986
12214636
23682073
38076316
66486131
76523446
45938875
61391761
21208304
19033432
4343611
22711490
21054236
98668419
83363459
10430004
75602022
77955286
19726806
70748583
54994532
78386351
2288039
65062795
5765049
99632308
87942364
4989945
64617865
96341570
57854976
94500205
63013316
3749688
32320373
22566635
58946154
59131716
57920520
87768155
93369357
32211787
35775534
85890138
22789661
33630722
12486741
86540959
56920926
638169
10648938
11785588
20111844
4373402
23508353
34247389
68738412
34804860
3704432
20565405
92264578
23103315
28396596
96217570
39946475
19088953
28578446
62083615
72419570
21832094
85998698
66830832
61637268
89070744
70418353
36315523
65800365
38430814
8122722
28751567
22142294
26815731
75352425
80252343
27631142
70986645
81758311
80087584
21288571
73082456
67862158
815874
89200298
27055603
67095763
99687124
32807757
97567005
53696192
98615035
52838635
8329112
28129037
6272822
8974409
80645622
13300879
13488300
83129808
92723618
45171558
18675299
11709559
68548825
31791854
13181639
36052235
4246601
32211277
60170832
4718056
75949013
40212114
24183404
13200848
34136123
9354266
21741189
93251416
19481854
56709162
94502943
78927224
17491988
68664300
6010899
85321675
17769284
74175824
68041443
51810488
96815374
60507427
80243114
11911425
20127934
31155626
81781169
1998921
8953039
2454787
79398028
69132323
39039330
94488813
39771332
51415102
9240113
15771837
43116661
27827846
23192813
3798074
52122416
4128211
162537
74708497
50777183
13288463
85476234
812261
37569397
28256064
50354033
37240188
76495538
64349141
37156140
67850412
83363000
62816297
84101199
36331461
51249501
92197451
57886958
59527423
43485078
85215614
27020171
15085608
11385890
2689188
59949237
71936220
56191005
9572426
34802823
87329091
70337493
86755855
37850753
41648801
26555236
56509018
1159408
94062793
98402334
14287700
21704385
39353760
19556414
16170715
52544106
2690458
84328793
29657948
92494077
34661034
71877622
12247835
3980359
85551345
60725270
10910545
66027128
40632125
76743923
9347862
67301954
77458354
7036808
71488571
70687361
94145269
20064233
38104321
17345933
79007151
59821400
41804471
99441780
4450212
85424708
12514448
32494342
52639778
74139519
7612785
5158966
74094194
97600781
66165433
81530034
98728388
70539037
68783062
86120926
21633843
38047662
52248309
2742425
4925652
19026106
60982101
76767160
9812944
42867263
31939072
66972919
58122403
55739193
18683090
10389616
34279278
82019605
5609421
46786913
56475399
50415345
51883545
69424530
31178715
35750462
90540059
53545122
64411998
84313768
8662425
65987888
17064782
97196626
56835708
7035883
80032195
44294526
72233524
38229730
44505128
2068244
15397721
20063912
29454055
54645719
49964587
86971312
57669564
71219054
41202808
215701
91057
17686132
81730098
43037757
36824378
87636154
81173752
29071046
3903893
12293675
35471999
6464645
84324939
12204970
84006685
67812673
18996908
23672225
95676881
27619792
38747728
7317608
34742620
96746352
38429361
18158556
57110421
21999307
68004780
80728657
85542940
41418783
91979162
37603292
78382284
87410904
57743587
5778299
33189536
31520744
38335159
44791038
65364420
11876540
38498158
85408641
42969124
66058898
93328932
97498253
95423654
34787613
52394716
47106437
24105779
87664344
83142978
92900782
79245351
89135667
90568349
27007255
50849389
1338674
49904848
51196555
6283247
64100699
33805676
43514666
9277648
39146933
27497507
3573091
21311135
50335046
41422693
29331000
50103085
46983496
56618794
55830495
6612595
2714644
89011152
35268670
21277903
96931954
87022338
98260764
95086577
91740899
86403184
61063006
19969167
42793969
16501617
87072479
20332214
92271080
14885266
6204274
52057692
99880102
74486891
27555549
17871691
90040723
84239731
52960356
82172195
62596448
10686883
20100962
17839187
52698579
26260004
98752948
47605702
7921262
18721456
69493317
19858850
45891937
95669715
53314863
84983602
3192032
82797445
5938911
95001000
52742149
23012459
87246431
82952240
78956082
28197886
53950587
7271328
83815501
78224207
78041378
68347968
59003995
19839248
55247832
42311607
13672288
90081938
62315131
5795552
12192986
34401310
9765091
43869798
82911254
53685419
66066812
48087328
14449281
70987715
1199686
98905549
19167402
49559316
5545197
8263500
77374136
86388008
85250712
16676464
34278562
61094835
24896820
69561500
18723575
80221240
4523128
